Ma_nhan_vien,Ho_ten,Gioi_tinh,Ngay_sinh,CCCD,Ma_so_BHXH,Ma_the_BHYT,Noi_DK_KCB,Gia_tri_BHYT_tu,Gia_tri_BHYT_den,Dia_chi_thuong_tru,Dien_thoai,Email,Phong_ban,Chuc_vu,Ngay_vao_lam,Loai_HDLD,Luong_dong_BHXH,Nguon_BHYT_file,Nguon_PDF_file,Trang_thai_doi_soat
CS-ACA-000021,Trần Gia Khoa,Nam,17/02/1987,999000000021,8800000021,CS408800000021,BV Quận 1,01/01/2026,31/12/2026,"157 Lê Văn Sỹ, Q.7, TP.HCM",0900000021,tran.gia.khoa.000021@cybersoft.demo,IT,Sales Executive,27/02/2024,Không xác định thời hạn,15.000.000 VND,CS-ACA-000021_The_BHYT_Demo.png,CS-ACA-000021_Phieu_Thong_Tin_Nhan_Vien.pdf,DA_DOI_SOAT
CS-ACA-000022,Lê Thảo Linh,Nữ,26/03/1987,999000000022,8800000022,CS408800000022,BV Đại học Y Dược TP.HCM,01/01/2026,31/12/2026,"164 Cách Mạng Tháng 8, Q.10, TP.HCM",0900000022,le.thao.linh.000022@cybersoft.demo,Operations,Marketing Executive,04/04/2024,Xác định thời hạn,16.500.000 VND,CS-ACA-000022_The_BHYT_Demo.png,CS-ACA-000022_Phieu_Thong_Tin_Nhan_Vien.pdf,DA_DOI_SOAT
CS-ACA-000023,Phạm Gia Khoa,Nam,02/05/1987,999000000023,8800000023,CS408800000023,BV Chợ Rẫy,01/01/2026,31/12/2026,"171 Nguyễn Thị Minh Khai, Bình Thạnh, TP.HCM",0900000023,pham.gia.khoa.000023@cybersoft.demo,Customer Service,HR Executive,11/05/2024,Không xác định thời hạn,18.000.000 VND,CS-ACA-000023_The_BHYT_Demo.png,CS-ACA-000023_Phieu_Thong_Tin_Nhan_Vien.pdf,DA_DOI_SOAT
CS-ACA-000024,Hoàng Thị Linh,Nữ,08/06/1987,999000000024,8800000024,CS408800000024,BV Thống Nhất,01/01/2026,31/12/2026,"178 Điện Biên Phủ, Tân Bình, TP.HCM",0900000024,hoang.thi.linh.000024@cybersoft.demo,Academic,Accountant,17/06/2024,Xác định thời hạn,19.500.000 VND,CS-ACA-000024_The_BHYT_Demo.png,CS-ACA-000024_Phieu_Thong_Tin_Nhan_Vien.pdf,DA_DOI_SOAT
CS-ACA-000025,Huỳnh Văn Long,Nam,15/07/1987,999000000025,8800000025,CS408800000025,BV Gia Định,01/01/2026,31/12/2026,"185 Hoàng Văn Thụ, Phú Nhuận, TP.HCM",0900000025,huynh.van.long.000025@cybersoft.demo,Sales,IT Support,24/07/2024,Không xác định thời hạn,21.000.000 VND,CS-ACA-000025_The_BHYT_Demo.png,CS-ACA-000025_Phieu_Thong_Tin_Nhan_Vien.pdf,DA_DOI_SOAT
CS-ACA-000026,Võ Thị Mai,Nữ,21/08/1987,999000000026,8800000026,CS408800000026,BV Nguyễn Tri Phương,01/01/2026,31/12/2026,"192 Trần Hưng Đạo, Gò Vấp, TP.HCM",0900000026,vo.thi.mai.000026@cybersoft.demo,Marketing,Admin Officer,30/08/2024,Xác định thời hạn,22.500.000 VND,CS-ACA-000026_The_BHYT_Demo.png,CS-ACA-000026_Phieu_Thong_Tin_Nhan_Vien.pdf,DA_DOI_SOAT
CS-ACA-000027,Vũ Minh Long,Nam,27/09/1987,999000000027,8800000027,CS408800000027,BV Quận 3,01/01/2026,31/12/2026,"10 Nguyễn Văn Cừ, Q.1, TP.HCM",0900000027,vu.minh.long.000027@cybersoft.demo,HR,Training Coordinator,06/10/2024,Không xác định thời hạn,24.000.000 VND,CS-ACA-000027_The_BHYT_Demo.png,CS-ACA-000027_Phieu_Thong_Tin_Nhan_Vien.pdf,DA_DOI_SOAT
CS-ACA-000028,Đặng Ngọc Mai,Nữ,03/11/1987,999000000028,8800000028,CS408800000028,BV Tân Bình,01/01/2026,31/12/2026,"17 Nguyễn Trãi, Q.3, TP.HCM",0900000028,dang.ngoc.mai.000028@cybersoft.demo,Accounting,Customer Service Officer,12/11/2024,Xác định thời hạn,12.000.000 VND,CS-ACA-000028_The_BHYT_Demo.png,CS-ACA-000028_Phieu_Thong_Tin_Nhan_Vien.pdf,DA_DOI_SOAT
CS-ACA-000029,Bùi Minh Long,Nam,10/12/1987,999000000029,8800000029,CS408800000029,BV Bình Thạnh,01/01/2026,31/12/2026,"24 Phan Xích Long, Q.5, TP.HCM",0900000029,bui.minh.long.000029@cybersoft.demo,IT,Data Assistant,19/12/2024,Không xác định thời hạn,13.500.000 VND,CS-ACA-000029_The_BHYT_Demo.png,CS-ACA-000029_Phieu_Thong_Tin_Nhan_Vien.pdf,DA_DOI_SOAT
CS-ACA-000030,Đỗ Thu Nhi,Nữ,16/01/1988,999000000030,8800000030,CS408800000030,BV Quận 10,01/01/2026,31/12/2026,"31 Võ Văn Tần, Q.7, TP.HCM",0900000030,do.thu.nhi.000030@cybersoft.demo,Operations,Mentor,25/01/2025,Xác định thời hạn,15.000.000 VND,CS-ACA-000030_The_BHYT_Demo.png,CS-ACA-000030_Phieu_Thong_Tin_Nhan_Vien.pdf,DA_DOI_SOAT
CS-ACA-000031,Hồ Quốc Minh,Nam,22/02/1988,999000000031,8800000031,CS408800000031,BV Quận 7,01/01/2026,31/12/2026,"38 Lý Thường Kiệt, Q.10, TP.HCM",0900000031,ho.quoc.minh.000031@cybersoft.demo,Customer Service,Sales Executive,03/03/2025,Không xác định thời hạn,16.500.000 VND,CS-ACA-000031_The_BHYT_Demo.png,CS-ACA-000031_Phieu_Thong_Tin_Nhan_Vien.pdf,DA_DOI_SOAT
CS-ACA-000032,Ngô Thu Nhi,Nữ,30/03/1988,999000000032,8800000032,CS408800000032,BV Hùng Vương,01/01/2026,31/12/2026,"45 Nguyễn Hữu Cảnh, Bình Thạnh, TP.HCM",0900000032,ngo.thu.nhi.000032@cybersoft.demo,Academic,Marketing Executive,09/04/2025,Xác định thời hạn,18.000.000 VND,CS-ACA-000032_The_BHYT_Demo.png,CS-ACA-000032_Phieu_Thong_Tin_Nhan_Vien.pdf,DA_DOI_SOAT
CS-ACA-000033,Dương Hoàng Minh,Nam,06/05/1988,999000000033,8800000033,CS408800000033,BV Trưng Vương,01/01/2026,31/12/2026,"52 Pasteur, Tân Bình, TP.HCM",0900000033,duong.hoang.minh.000033@cybersoft.demo,Sales,HR Executive,16/05/2025,Không xác định thời hạn,19.500.000 VND,CS-ACA-000033_The_BHYT_Demo.png,CS-ACA-000033_Phieu_Thong_Tin_Nhan_Vien.pdf,DA_DOI_SOAT
CS-ACA-000034,Lý Thanh Nhi,Nữ,12/06/1988,999000000034,8800000034,CS408800000034,BV Quận Phú Nhuận,01/01/2026,31/12/2026,"59 Bạch Đằng, Phú Nhuận, TP.HCM",0900000034,ly.thanh.nhi.000034@cybersoft.demo,Marketing,Accountant,22/06/2025,Xác định thời hạn,21.000.000 VND,CS-ACA-000034_The_BHYT_Demo.png,CS-ACA-000034_Phieu_Thong_Tin_Nhan_Vien.pdf,DA_DOI_SOAT
CS-ACA-000035,Tạ Hoàng Nam,Nam,19/07/1988,999000000035,8800000035,CS408800000035,BV Đa khoa Sài Gòn,01/01/2026,31/12/2026,"66 Cao Thắng, Gò Vấp, TP.HCM",0900000035,ta.hoang.nam.000035@cybersoft.demo,HR,IT Support,29/07/2025,Không xác định thời hạn,22.500.000 VND,CS-ACA-000035_The_BHYT_Demo.png,CS-ACA-000035_Phieu_Thong_Tin_Nhan_Vien.pdf,DA_DOI_SOAT
CS-ACA-000036,Cao Mỹ Ngọc,Nữ,25/08/1988,999000000036,8800000036,CS408800000036,BV Quốc tế City,01/01/2026,31/12/2026,"73 Trường Sơn, Q.1, TP.HCM",0900000036,cao.my.ngoc.000036@cybersoft.demo,Accounting,Admin Officer,04/09/2025,Xác định thời hạn,24.000.000 VND,CS-ACA-000036_The_BHYT_Demo.png,CS-ACA-000036_Phieu_Thong_Tin_Nhan_Vien.pdf,DA_DOI_SOAT
CS-ACA-000037,Mai Đức Nam,Nam,01/10/1988,999000000037,8800000037,CS408800000037,BV Quận 4,01/01/2026,31/12/2026,"80 Nguyễn Kiệm, Q.3, TP.HCM",0900000037,mai.duc.nam.000037@cybersoft.demo,IT,Training Coordinator,11/10/2025,Không xác định thời hạn,12.000.000 VND,CS-ACA-000037_The_BHYT_Demo.png,CS-ACA-000037_Phieu_Thong_Tin_Nhan_Vien.pdf,DA_DOI_SOAT
CS-ACA-000038,Đinh Mỹ Ngọc,Nữ,07/11/1988,999000000038,8800000038,CS408800000038,BV Quận 5,01/01/2026,31/12/2026,"87 An Dương Vương, Q.5, TP.HCM",0900000038,dinh.my.ngoc.000038@cybersoft.demo,Operations,Customer Service Officer,17/11/2025,Xác định thời hạn,13.500.000 VND,CS-ACA-000038_The_BHYT_Demo.png,CS-ACA-000038_Phieu_Thong_Tin_Nhan_Vien.pdf,DA_DOI_SOAT
CS-ACA-000039,Trương Hải Nam,Nam,14/12/1988,999000000039,8800000039,CS408800000039,BV Quận Gò Vấp,01/01/2026,31/12/2026,"94 Nguyễn Văn Linh, Q.7, TP.HCM",0900000039,truong.hai.nam.000039@cybersoft.demo,Customer Service,Data Assistant,04/01/2024,Không xác định thời hạn,15.000.000 VND,CS-ACA-000039_The_BHYT_Demo.png,CS-ACA-000039_Phieu_Thong_Tin_Nhan_Vien.pdf,DA_DOI_SOAT
CS-ACA-000040,Nguyễn Lan Trúc,Nữ,20/01/1989,999000000040,8800000040,CS408800000040,BV Nhân dân 115,01/01/2026,31/12/2026,"101 Nguyễn Đình Chiểu, Q.10, TP.HCM",0900000040,nguyen.lan.truc.000040@cybersoft.demo,Academic,Mentor,10/02/2024,Xác định thời hạn,16.500.000 VND,CS-ACA-000040_The_BHYT_Demo.png,CS-ACA-000040_Phieu_Thong_Tin_Nhan_Vien.pdf,DA_DOI_SOAT
CS-ACA-000041,Trần Hải Quân,Nam,26/02/1989,999000000041,8800000041,CS408800000041,BV Quận 1,01/01/2026,31/12/2026,"108 Lê Văn Sỹ, Bình Thạnh, TP.HCM",0900000041,tran.hai.quan.000041@cybersoft.demo,Sales,Sales Executive,18/03/2024,Không xác định thời hạn,18.000.000 VND,CS-ACA-000041_The_BHYT_Demo.png,CS-ACA-000041_Phieu_Thong_Tin_Nhan_Vien.pdf,DA_DOI_SOAT
CS-ACA-000042,Lê Phương Trúc,Nữ,04/04/1989,999000000042,8800000042,CS408800000042,BV Đại học Y Dược TP.HCM,01/01/2026,31/12/2026,"115 Cách Mạng Tháng 8, Tân Bình, TP.HCM",0900000042,le.phuong.truc.000042@cybersoft.demo,Marketing,Marketing Executive,24/04/2024,Xác định thời hạn,19.500.000 VND,CS-ACA-000042_The_BHYT_Demo.png,CS-ACA-000042_Phieu_Thong_Tin_Nhan_Vien.pdf,DA_DOI_SOAT
CS-ACA-000043,Phạm Tuấn Quân,Nam,11/05/1989,999000000043,8800000043,CS408800000043,BV Chợ Rẫy,01/01/2026,31/12/2026,"122 Nguyễn Thị Minh Khai, Phú Nhuận, TP.HCM",0900000043,pham.tuan.quan.000043@cybersoft.demo,HR,HR Executive,31/05/2024,Không xác định thời hạn,21.000.000 VND,CS-ACA-000043_The_BHYT_Demo.png,CS-ACA-000043_Phieu_Thong_Tin_Nhan_Vien.pdf,DA_DOI_SOAT
CS-ACA-000044,Hoàng Phương Trúc,Nữ,17/06/1989,999000000044,8800000044,CS408800000044,BV Thống Nhất,01/01/2026,31/12/2026,"129 Điện Biên Phủ, Gò Vấp, TP.HCM",0900000044,hoang.phuong.truc.000044@cybersoft.demo,Accounting,Accountant,07/07/2024,Xác định thời hạn,22.500.000 VND,CS-ACA-000044_The_BHYT_Demo.png,CS-ACA-000044_Phieu_Thong_Tin_Nhan_Vien.pdf,DA_DOI_SOAT
CS-ACA-000045,Huỳnh Gia Sơn,Nam,24/07/1989,999000000045,8800000045,CS408800000045,BV Gia Định,01/01/2026,31/12/2026,"136 Hoàng Văn Thụ, Q.1, TP.HCM",0900000045,huynh.gia.son.000045@cybersoft.demo,IT,IT Support,13/08/2024,Không xác định thời hạn,24.000.000 VND,CS-ACA-000045_The_BHYT_Demo.png,CS-ACA-000045_Phieu_Thong_Tin_Nhan_Vien.pdf,DA_DOI_SOAT
CS-ACA-000046,Võ Thảo Vy,Nữ,30/08/1989,999000000046,8800000046,CS408800000046,BV Nguyễn Tri Phương,01/01/2026,31/12/2026,"143 Trần Hưng Đạo, Q.3, TP.HCM",0900000046,vo.thao.vy.000046@cybersoft.demo,Operations,Admin Officer,19/09/2024,Xác định thời hạn,12.000.000 VND,CS-ACA-000046_The_BHYT_Demo.png,CS-ACA-000046_Phieu_Thong_Tin_Nhan_Vien.pdf,DA_DOI_SOAT
CS-ACA-000047,Vũ Gia Sơn,Nam,06/10/1989,999000000047,8800000047,CS408800000047,BV Quận 3,01/01/2026,31/12/2026,"150 Nguyễn Văn Cừ, Q.5, TP.HCM",0900000047,vu.gia.son.000047@cybersoft.demo,Customer Service,Training Coordinator,26/10/2024,Không xác định thời hạn,13.500.000 VND,CS-ACA-000047_The_BHYT_Demo.png,CS-ACA-000047_Phieu_Thong_Tin_Nhan_Vien.pdf,DA_DOI_SOAT
CS-ACA-000048,Đặng Thị Vy,Nữ,12/11/1989,999000000048,8800000048,CS408800000048,BV Tân Bình,01/01/2026,31/12/2026,"157 Nguyễn Trãi, Q.7, TP.HCM",0900000048,dang.thi.vy.000048@cybersoft.demo,Academic,Customer Service Officer,02/12/2024,Xác định thời hạn,15.000.000 VND,CS-ACA-000048_The_BHYT_Demo.png,CS-ACA-000048_Phieu_Thong_Tin_Nhan_Vien.pdf,DA_DOI_SOAT
CS-ACA-000049,Bùi Văn Sơn,Nam,19/12/1989,999000000049,8800000049,CS408800000049,BV Bình Thạnh,01/01/2026,31/12/2026,"164 Phan Xích Long, Q.10, TP.HCM",0900000049,bui.van.son.000049@cybersoft.demo,Sales,Data Assistant,08/01/2025,Không xác định thời hạn,16.500.000 VND,CS-ACA-000049_The_BHYT_Demo.png,CS-ACA-000049_Phieu_Thong_Tin_Nhan_Vien.pdf,DA_DOI_SOAT
CS-ACA-000050,Đỗ Thị Yến,Nữ,25/01/1990,999000000050,8800000050,CS408800000050,BV Quận 10,01/01/2026,31/12/2026,"171 Võ Văn Tần, Bình Thạnh, TP.HCM",0900000050,do.thi.yen.000050@cybersoft.demo,Marketing,Mentor,14/02/2025,Xác định thời hạn,18.000.000 VND,CS-ACA-000050_The_BHYT_Demo.png,CS-ACA-000050_Phieu_Thong_Tin_Nhan_Vien.pdf,DA_DOI_SOAT
CS-ACA-000051,Hồ Minh Kiệt,Nam,03/03/1990,999000000051,8800000051,CS408800000051,BV Quận 7,01/01/2026,31/12/2026,"178 Lý Thường Kiệt, Tân Bình, TP.HCM",0900000051,ho.minh.kiet.000051@cybersoft.demo,HR,Sales Executive,23/03/2025,Không xác định thời hạn,19.500.000 VND,CS-ACA-000051_The_BHYT_Demo.png,CS-ACA-000051_Phieu_Thong_Tin_Nhan_Vien.pdf,DA_DOI_SOAT
CS-ACA-000052,Ngô Ngọc Yến,Nữ,09/04/1990,999000000052,8800000052,CS408800000052,BV Hùng Vương,01/01/2026,31/12/2026,"185 Nguyễn Hữu Cảnh, Phú Nhuận, TP.HCM",0900000052,ngo.ngoc.yen.000052@cybersoft.demo,Accounting,Marketing Executive,29/04/2025,Xác định thời hạn,21.000.000 VND,CS-ACA-000052_The_BHYT_Demo.png,CS-ACA-000052_Phieu_Thong_Tin_Nhan_Vien.pdf,DA_DOI_SOAT
CS-ACA-000053,Dương Minh Kiệt,Nam,16/05/1990,999000000053,8800000053,CS408800000053,BV Trưng Vương,01/01/2026,31/12/2026,"192 Pasteur, Gò Vấp, TP.HCM",0900000053,duong.minh.kiet.000053@cybersoft.demo,IT,HR Executive,05/06/2025,Không xác định thời hạn,22.500.000 VND,CS-ACA-000053_The_BHYT_Demo.png,CS-ACA-000053_Phieu_Thong_Tin_Nhan_Vien.pdf,DA_DOI_SOAT
CS-ACA-000054,Lý Thu Yến,Nữ,22/06/1990,999000000054,8800000054,CS408800000054,BV Quận Phú Nhuận,01/01/2026,31/12/2026,"10 Bạch Đằng, Q.1, TP.HCM",0900000054,ly.thu.yen.000054@cybersoft.demo,Operations,Accountant,12/07/2025,Xác định thời hạn,24.000.000 VND,CS-ACA-000054_The_BHYT_Demo.png,CS-ACA-000054_Phieu_Thong_Tin_Nhan_Vien.pdf,DA_DOI_SOAT
CS-ACA-000055,Tạ Quốc Đăng,Nam,29/07/1990,999000000055,8800000055,CS408800000055,BV Đa khoa Sài Gòn,01/01/2026,31/12/2026,"17 Cao Thắng, Q.3, TP.HCM",0900000055,ta.quoc.dang.000055@cybersoft.demo,Customer Service,IT Support,18/08/2025,Không xác định thời hạn,12.000.000 VND,CS-ACA-000055_The_BHYT_Demo.png,CS-ACA-000055_Phieu_Thong_Tin_Nhan_Vien.pdf,DA_DOI_SOAT
CS-ACA-000056,Cao Thu Hương,Nữ,04/09/1990,999000000056,8800000056,CS408800000056,BV Quốc tế City,01/01/2026,31/12/2026,"24 Trường Sơn, Q.5, TP.HCM",0900000056,cao.thu.huong.000056@cybersoft.demo,Academic,Admin Officer,24/09/2025,Xác định thời hạn,13.500.000 VND,CS-ACA-000056_The_BHYT_Demo.png,CS-ACA-000056_Phieu_Thong_Tin_Nhan_Vien.pdf,DA_DOI_SOAT
CS-ACA-000057,Mai Hoàng Đăng,Nam,11/10/1990,999000000057,8800000057,CS408800000057,BV Quận 4,01/01/2026,31/12/2026,"31 Nguyễn Kiệm, Q.7, TP.HCM",0900000057,mai.hoang.dang.000057@cybersoft.demo,Sales,Training Coordinator,31/10/2025,Không xác định thời hạn,15.000.000 VND,CS-ACA-000057_The_BHYT_Demo.png,CS-ACA-000057_Phieu_Thong_Tin_Nhan_Vien.pdf,DA_DOI_SOAT
CS-ACA-000058,Đinh Thanh Hương,Nữ,17/11/1990,999000000058,8800000058,CS408800000058,BV Quận 5,01/01/2026,31/12/2026,"38 An Dương Vương, Q.10, TP.HCM",0900000058,dinh.thanh.huong.000058@cybersoft.demo,Marketing,Customer Service Officer,07/12/2025,Xác định thời hạn,16.500.000 VND,CS-ACA-000058_The_BHYT_Demo.png,CS-ACA-000058_Phieu_Thong_Tin_Nhan_Vien.pdf,DA_DOI_SOAT
CS-ACA-000059,Trương Hoàng Đăng,Nam,24/12/1990,999000000059,8800000059,CS408800000059,BV Quận Gò Vấp,01/01/2026,31/12/2026,"45 Nguyễn Văn Linh, Bình Thạnh, TP.HCM",0900000059,truong.hoang.dang.000059@cybersoft.demo,HR,Data Assistant,24/01/2024,Không xác định thời hạn,18.000.000 VND,CS-ACA-000059_The_BHYT_Demo.png,CS-ACA-000059_Phieu_Thong_Tin_Nhan_Vien.pdf,DA_DOI_SOAT
CS-ACA-000060,Nguyễn Mỹ Anh,Nữ,30/01/1991,999000000060,8800000060,CS408800000060,BV Nhân dân 115,01/01/2026,31/12/2026,"52 Nguyễn Đình Chiểu, Tân Bình, TP.HCM",0900000060,nguyen.my.anh.000060@cybersoft.demo,Accounting,Mentor,01/03/2024,Xác định thời hạn,19.500.000 VND,CS-ACA-000060_The_BHYT_Demo.png,CS-ACA-000060_Phieu_Thong_Tin_Nhan_Vien.pdf,DA_DOI_SOAT
CS-ACA-000061,Trần Đức An,Nam,08/03/1991,999000000061,8800000061,CS408800000061,BV Quận 1,01/01/2026,31/12/2026,"59 Lê Văn Sỹ, Phú Nhuận, TP.HCM",0900000061,tran.duc.an.000061@cybersoft.demo,IT,Sales Executive,07/04/2024,Không xác định thời hạn,21.000.000 VND,CS-ACA-000061_The_BHYT_Demo.png,CS-ACA-000061_Phieu_Thong_Tin_Nhan_Vien.pdf,DA_DOI_SOAT
CS-ACA-000062,Lê Mỹ Anh,Nữ,14/04/1991,999000000062,8800000062,CS408800000062,BV Đại học Y Dược TP.HCM,01/01/2026,31/12/2026,"66 Cách Mạng Tháng 8, Gò Vấp, TP.HCM",0900000062,le.my.anh.000062@cybersoft.demo,Operations,Marketing Executive,14/05/2024,Xác định thời hạn,22.500.000 VND,CS-ACA-000062_The_BHYT_Demo.png,CS-ACA-000062_Phieu_Thong_Tin_Nhan_Vien.pdf,DA_DOI_SOAT
CS-ACA-000063,Phạm Hải An,Nam,21/05/1991,999000000063,8800000063,CS408800000063,BV Chợ Rẫy,01/01/2026,31/12/2026,"73 Nguyễn Thị Minh Khai, Q.1, TP.HCM",0900000063,pham.hai.an.000063@cybersoft.demo,Customer Service,HR Executive,20/06/2024,Không xác định thời hạn,24.000.000 VND,CS-ACA-000063_The_BHYT_Demo.png,CS-ACA-000063_Phieu_Thong_Tin_Nhan_Vien.pdf,DA_DOI_SOAT
CS-ACA-000064,Hoàng Lan Anh,Nữ,27/06/1991,999000000064,8800000064,CS408800000064,BV Thống Nhất,01/01/2026,31/12/2026,"80 Điện Biên Phủ, Q.3, TP.HCM",0900000064,hoang.lan.anh.000064@cybersoft.demo,Academic,Accountant,27/07/2024,Xác định thời hạn,12.000.000 VND,CS-ACA-000064_The_BHYT_Demo.png,CS-ACA-000064_Phieu_Thong_Tin_Nhan_Vien.pdf,DA_DOI_SOAT
CS-ACA-000065,Huỳnh Hải Bình,Nam,03/08/1991,999000000065,8800000065,CS408800000065,BV Gia Định,01/01/2026,31/12/2026,"87 Hoàng Văn Thụ, Q.5, TP.HCM",0900000065,huynh.hai.binh.000065@cybersoft.demo,Sales,IT Support,02/09/2024,Không xác định thời hạn,13.500.000 VND,CS-ACA-000065_The_BHYT_Demo.png,CS-ACA-000065_Phieu_Thong_Tin_Nhan_Vien.pdf,DA_DOI_SOAT
CS-ACA-000066,Võ Phương Châu,Nữ,09/09/1991,999000000066,8800000066,CS408800000066,BV Nguyễn Tri Phương,01/01/2026,31/12/2026,"94 Trần Hưng Đạo, Q.7, TP.HCM",0900000066,vo.phuong.chau.000066@cybersoft.demo,Marketing,Admin Officer,09/10/2024,Xác định thời hạn,15.000.000 VND,CS-ACA-000066_The_BHYT_Demo.png,CS-ACA-000066_Phieu_Thong_Tin_Nhan_Vien.pdf,DA_DOI_SOAT
CS-ACA-000067,Vũ Tuấn Bình,Nam,16/10/1991,999000000067,8800000067,CS408800000067,BV Quận 3,01/01/2026,31/12/2026,"101 Nguyễn Văn Cừ, Q.10, TP.HCM",0900000067,vu.tuan.binh.000067@cybersoft.demo,HR,Training Coordinator,15/11/2024,Không xác định thời hạn,16.500.000 VND,CS-ACA-000067_The_BHYT_Demo.png,CS-ACA-000067_Phieu_Thong_Tin_Nhan_Vien.pdf,DA_DOI_SOAT
CS-ACA-000068,Đặng Phương Châu,Nữ,22/11/1991,999000000068,8800000068,CS408800000068,BV Tân Bình,01/01/2026,31/12/2026,"108 Nguyễn Trãi, Bình Thạnh, TP.HCM",0900000068,dang.phuong.chau.000068@cybersoft.demo,Accounting,Customer Service Officer,22/12/2024,Xác định thời hạn,18.000.000 VND,CS-ACA-000068_The_BHYT_Demo.png,CS-ACA-000068_Phieu_Thong_Tin_Nhan_Vien.pdf,DA_DOI_SOAT
CS-ACA-000069,Bùi Gia Bình,Nam,29/12/1991,999000000069,8800000069,CS408800000069,BV Bình Thạnh,01/01/2026,31/12/2026,"115 Phan Xích Long, Tân Bình, TP.HCM",0900000069,bui.gia.binh.000069@cybersoft.demo,IT,Data Assistant,28/01/2025,Không xác định thời hạn,19.500.000 VND,CS-ACA-000069_The_BHYT_Demo.png,CS-ACA-000069_Phieu_Thong_Tin_Nhan_Vien.pdf,DA_DOI_SOAT
CS-ACA-000070,Đỗ Thảo Duyên,Nữ,04/02/1992,999000000070,8800000070,CS408800000070,BV Quận 10,01/01/2026,31/12/2026,"122 Võ Văn Tần, Phú Nhuận, TP.HCM",0900000070,do.thao.duyen.000070@cybersoft.demo,Operations,Mentor,06/03/2025,Xác định thời hạn,21.000.000 VND,CS-ACA-000070_The_BHYT_Demo.png,CS-ACA-000070_Phieu_Thong_Tin_Nhan_Vien.pdf,DA_DOI_SOAT
CS-ACA-000071,Hồ Gia Dũng,Nam,12/03/1992,999000000071,8800000071,CS408800000071,BV Quận 7,01/01/2026,31/12/2026,"129 Lý Thường Kiệt, Gò Vấp, TP.HCM",0900000071,ho.gia.dung.000071@cybersoft.demo,Customer Service,Sales Executive,12/04/2025,Không xác định thời hạn,22.500.000 VND,CS-ACA-000071_The_BHYT_Demo.png,CS-ACA-000071_Phieu_Thong_Tin_Nhan_Vien.pdf,DA_DOI_SOAT
CS-ACA-000072,Ngô Thị Duyên,Nữ,18/04/1992,999000000072,8800000072,CS408800000072,BV Hùng Vương,01/01/2026,31/12/2026,"136 Nguyễn Hữu Cảnh, Q.1, TP.HCM",0900000072,ngo.thi.duyen.000072@cybersoft.demo,Academic,Marketing Executive,19/05/2025,Xác định thời hạn,24.000.000 VND,CS-ACA-000072_The_BHYT_Demo.png,CS-ACA-000072_Phieu_Thong_Tin_Nhan_Vien.pdf,DA_DOI_SOAT
CS-ACA-000073,Dương Văn Dũng,Nam,25/05/1992,999000000073,8800000073,CS408800000073,BV Trưng Vương,01/01/2026,31/12/2026,"143 Pasteur, Q.3, TP.HCM",0900000073,duong.van.dung.000073@cybersoft.demo,Sales,HR Executive,25/06/2025,Không xác định thời hạn,12.000.000 VND,CS-ACA-000073_The_BHYT_Demo.png,CS-ACA-000073_Phieu_Thong_Tin_Nhan_Vien.pdf,DA_DOI_SOAT
CS-ACA-000074,Lý Thị Duyên,Nữ,01/07/1992,999000000074,8800000074,CS408800000074,BV Quận Phú Nhuận,01/01/2026,31/12/2026,"150 Bạch Đằng, Q.5, TP.HCM",0900000074,ly.thi.duyen.000074@cybersoft.demo,Marketing,Accountant,01/08/2025,Xác định thời hạn,13.500.000 VND,CS-ACA-000074_The_BHYT_Demo.png,CS-ACA-000074_Phieu_Thong_Tin_Nhan_Vien.pdf,DA_DOI_SOAT
CS-ACA-000075,Tạ Minh Huy,Nam,07/08/1992,999000000075,8800000075,CS408800000075,BV Đa khoa Sài Gòn,01/01/2026,31/12/2026,"157 Cao Thắng, Q.7, TP.HCM",0900000075,ta.minh.huy.000075@cybersoft.demo,HR,IT Support,07/09/2025,Không xác định thời hạn,15.000.000 VND,CS-ACA-000075_The_BHYT_Demo.png,CS-ACA-000075_Phieu_Thong_Tin_Nhan_Vien.pdf,DA_DOI_SOAT
CS-ACA-000076,Cao Ngọc Hà,Nữ,13/09/1992,999000000076,8800000076,CS408800000076,BV Quốc tế City,01/01/2026,31/12/2026,"164 Trường Sơn, Q.10, TP.HCM",0900000076,cao.ngoc.ha.000076@cybersoft.demo,Accounting,Admin Officer,14/10/2025,Xác định thời hạn,16.500.000 VND,CS-ACA-000076_The_BHYT_Demo.png,CS-ACA-000076_Phieu_Thong_Tin_Nhan_Vien.pdf,DA_DOI_SOAT
CS-ACA-000077,Mai Minh Huy,Nam,20/10/1992,999000000077,8800000077,CS408800000077,BV Quận 4,01/01/2026,31/12/2026,"171 Nguyễn Kiệm, Bình Thạnh, TP.HCM",0900000077,mai.minh.huy.000077@cybersoft.demo,IT,Training Coordinator,20/11/2025,Không xác định thời hạn,18.000.000 VND,CS-ACA-000077_The_BHYT_Demo.png,CS-ACA-000077_Phieu_Thong_Tin_Nhan_Vien.pdf,DA_DOI_SOAT
CS-ACA-000078,Đinh Thu Hà,Nữ,26/11/1992,999000000078,8800000078,CS408800000078,BV Quận 5,01/01/2026,31/12/2026,"178 An Dương Vương, Tân Bình, TP.HCM",0900000078,dinh.thu.ha.000078@cybersoft.demo,Operations,Customer Service Officer,07/01/2024,Xác định thời hạn,19.500.000 VND,CS-ACA-000078_The_BHYT_Demo.png,CS-ACA-000078_Phieu_Thong_Tin_Nhan_Vien.pdf,DA_DOI_SOAT
CS-ACA-000079,Trương Quốc Huy,Nam,02/01/1993,999000000079,8800000079,CS408800000079,BV Quận Gò Vấp,01/01/2026,31/12/2026,"185 Nguyễn Văn Linh, Phú Nhuận, TP.HCM",0900000079,truong.quoc.huy.000079@cybersoft.demo,Customer Service,Data Assistant,13/02/2024,Không xác định thời hạn,21.000.000 VND,CS-ACA-000079_The_BHYT_Demo.png,CS-ACA-000079_Phieu_Thong_Tin_Nhan_Vien.pdf,DA_DOI_SOAT
CS-ACA-000080,Nguyễn Thu Linh,Nữ,08/02/1993,999000000080,8800000080,CS408800000080,BV Nhân dân 115,01/01/2026,31/12/2026,"192 Nguyễn Đình Chiểu, Gò Vấp, TP.HCM",0900000080,nguyen.thu.linh.000080@cybersoft.demo,Academic,Mentor,21/03/2024,Xác định thời hạn,22.500.000 VND,CS-ACA-000080_The_BHYT_Demo.png,CS-ACA-000080_Phieu_Thong_Tin_Nhan_Vien.pdf,DA_DOI_SOAT
CS-ACA-000081,Trần Hoàng Khoa,Nam,17/03/1993,999000000081,8800000081,CS408800000081,BV Quận 1,01/01/2026,31/12/2026,"10 Lê Văn Sỹ, Q.1, TP.HCM",0900000081,tran.hoang.khoa.000081@cybersoft.demo,Sales,Sales Executive,27/04/2024,Không xác định thời hạn,24.000.000 VND,CS-ACA-000081_The_BHYT_Demo.png,CS-ACA-000081_Phieu_Thong_Tin_Nhan_Vien.pdf,DA_DOI_SOAT
CS-ACA-000082,Lê Thanh Linh,Nữ,23/04/1993,999000000082,8800000082,CS408800000082,BV Đại học Y Dược TP.HCM,01/01/2026,31/12/2026,"17 Cách Mạng Tháng 8, Q.3, TP.HCM",0900000082,le.thanh.linh.000082@cybersoft.demo,Marketing,Marketing Executive,03/06/2024,Xác định thời hạn,12.000.000 VND,CS-ACA-000082_The_BHYT_Demo.png,CS-ACA-000082_Phieu_Thong_Tin_Nhan_Vien.pdf,DA_DOI_SOAT
CS-ACA-000083,Phạm Hoàng Khoa,Nam,30/05/1993,999000000083,8800000083,CS408800000083,BV Chợ Rẫy,01/01/2026,31/12/2026,"24 Nguyễn Thị Minh Khai, Q.5, TP.HCM",0900000083,pham.hoang.khoa.000083@cybersoft.demo,HR,HR Executive,10/07/2024,Không xác định thời hạn,13.500.000 VND,CS-ACA-000083_The_BHYT_Demo.png,CS-ACA-000083_Phieu_Thong_Tin_Nhan_Vien.pdf,DA_DOI_SOAT
CS-ACA-000084,Hoàng Mỹ Linh,Nữ,06/07/1993,999000000084,8800000084,CS408800000084,BV Thống Nhất,01/01/2026,31/12/2026,"31 Điện Biên Phủ, Q.7, TP.HCM",0900000084,hoang.my.linh.000084@cybersoft.demo,Accounting,Accountant,16/08/2024,Xác định thời hạn,15.000.000 VND,CS-ACA-000084_The_BHYT_Demo.png,CS-ACA-000084_Phieu_Thong_Tin_Nhan_Vien.pdf,DA_DOI_SOAT
CS-ACA-000085,Huỳnh Đức Long,Nam,12/08/1993,999000000085,8800000085,CS408800000085,BV Gia Định,01/01/2026,31/12/2026,"38 Hoàng Văn Thụ, Q.10, TP.HCM",0900000085,huynh.duc.long.000085@cybersoft.demo,IT,IT Support,22/09/2024,Không xác định thời hạn,16.500.000 VND,CS-ACA-000085_The_BHYT_Demo.png,CS-ACA-000085_Phieu_Thong_Tin_Nhan_Vien.pdf,DA_DOI_SOAT
CS-ACA-000086,Võ Mỹ Mai,Nữ,18/09/1993,999000000086,8800000086,CS408800000086,BV Nguyễn Tri Phương,01/01/2026,31/12/2026,"45 Trần Hưng Đạo, Bình Thạnh, TP.HCM",0900000086,vo.my.mai.000086@cybersoft.demo,Operations,Admin Officer,29/10/2024,Xác định thời hạn,18.000.000 VND,CS-ACA-000086_The_BHYT_Demo.png,CS-ACA-000086_Phieu_Thong_Tin_Nhan_Vien.pdf,DA_DOI_SOAT
CS-ACA-000087,Vũ Hải Long,Nam,25/10/1993,999000000087,8800000087,CS408800000087,BV Quận 3,01/01/2026,31/12/2026,"52 Nguyễn Văn Cừ, Tân Bình, TP.HCM",0900000087,vu.hai.long.000087@cybersoft.demo,Customer Service,Training Coordinator,05/12/2024,Không xác định thời hạn,19.500.000 VND,CS-ACA-000087_The_BHYT_Demo.png,CS-ACA-000087_Phieu_Thong_Tin_Nhan_Vien.pdf,DA_DOI_SOAT
CS-ACA-000088,Đặng Lan Mai,Nữ,01/12/1993,999000000088,8800000088,CS408800000088,BV Tân Bình,01/01/2026,31/12/2026,"59 Nguyễn Trãi, Phú Nhuận, TP.HCM",0900000088,dang.lan.mai.000088@cybersoft.demo,Academic,Customer Service Officer,11/01/2025,Xác định thời hạn,21.000.000 VND,CS-ACA-000088_The_BHYT_Demo.png,CS-ACA-000088_Phieu_Thong_Tin_Nhan_Vien.pdf,DA_DOI_SOAT
CS-ACA-000089,Bùi Hải Long,Nam,07/01/1994,999000000089,8800000089,CS408800000089,BV Bình Thạnh,01/01/2026,31/12/2026,"66 Phan Xích Long, Gò Vấp, TP.HCM",0900000089,bui.hai.long.000089@cybersoft.demo,Sales,Data Assistant,17/02/2025,Không xác định thời hạn,22.500.000 VND,CS-ACA-000089_The_BHYT_Demo.png,CS-ACA-000089_Phieu_Thong_Tin_Nhan_Vien.pdf,DA_DOI_SOAT
CS-ACA-000090,Đỗ Phương Nhi,Nữ,13/02/1994,999000000090,8800000090,CS408800000090,BV Quận 10,01/01/2026,31/12/2026,"73 Võ Văn Tần, Q.1, TP.HCM",0900000090,do.phuong.nhi.000090@cybersoft.demo,Marketing,Mentor,26/03/2025,Xác định thời hạn,24.000.000 VND,CS-ACA-000090_The_BHYT_Demo.png,CS-ACA-000090_Phieu_Thong_Tin_Nhan_Vien.pdf,DA_DOI_SOAT
CS-ACA-000091,Hồ Tuấn Minh,Nam,22/03/1994,999000000091,8800000091,CS408800000091,BV Quận 7,01/01/2026,31/12/2026,"80 Lý Thường Kiệt, Q.3, TP.HCM",0900000091,ho.tuan.minh.000091@cybersoft.demo,HR,Sales Executive,02/05/2025,Không xác định thời hạn,12.000.000 VND,CS-ACA-000091_The_BHYT_Demo.png,CS-ACA-000091_Phieu_Thong_Tin_Nhan_Vien.pdf,DA_DOI_SOAT
CS-ACA-000092,Ngô Phương Nhi,Nữ,28/04/1994,999000000092,8800000092,CS408800000092,BV Hùng Vương,01/01/2026,31/12/2026,"87 Nguyễn Hữu Cảnh, Q.5, TP.HCM",0900000092,ngo.phuong.nhi.000092@cybersoft.demo,Accounting,Marketing Executive,08/06/2025,Xác định thời hạn,13.500.000 VND,CS-ACA-000092_The_BHYT_Demo.png,CS-ACA-000092_Phieu_Thong_Tin_Nhan_Vien.pdf,DA_DOI_SOAT
CS-ACA-000093,Dương Gia Minh,Nam,04/06/1994,999000000093,8800000093,CS408800000093,BV Trưng Vương,01/01/2026,31/12/2026,"94 Pasteur, Q.7, TP.HCM",0900000093,duong.gia.minh.000093@cybersoft.demo,IT,HR Executive,15/07/2025,Không xác định thời hạn,15.000.000 VND,CS-ACA-000093_The_BHYT_Demo.png,CS-ACA-000093_Phieu_Thong_Tin_Nhan_Vien.pdf,DA_DOI_SOAT
CS-ACA-000094,Lý Thảo Nhi,Nữ,11/07/1994,999000000094,8800000094,CS408800000094,BV Quận Phú Nhuận,01/01/2026,31/12/2026,"101 Bạch Đằng, Q.10, TP.HCM",0900000094,ly.thao.nhi.000094@cybersoft.demo,Operations,Accountant,21/08/2025,Xác định thời hạn,16.500.000 VND,CS-ACA-000094_The_BHYT_Demo.png,CS-ACA-000094_Phieu_Thong_Tin_Nhan_Vien.pdf,DA_DOI_SOAT
CS-ACA-000095,Tạ Gia Nam,Nam,17/08/1994,999000000095,8800000095,CS408800000095,BV Đa khoa Sài Gòn,01/01/2026,31/12/2026,"108 Cao Thắng, Bình Thạnh, TP.HCM",0900000095,ta.gia.nam.000095@cybersoft.demo,Customer Service,IT Support,27/09/2025,Không xác định thời hạn,18.000.000 VND,CS-ACA-000095_The_BHYT_Demo.png,CS-ACA-000095_Phieu_Thong_Tin_Nhan_Vien.pdf,DA_DOI_SOAT
CS-ACA-000096,Cao Thị Ngọc,Nữ,23/09/1994,999000000096,8800000096,CS408800000096,BV Quốc tế City,01/01/2026,31/12/2026,"115 Trường Sơn, Tân Bình, TP.HCM",0900000096,cao.thi.ngoc.000096@cybersoft.demo,Academic,Admin Officer,03/11/2025,Xác định thời hạn,19.500.000 VND,CS-ACA-000096_The_BHYT_Demo.png,CS-ACA-000096_Phieu_Thong_Tin_Nhan_Vien.pdf,DA_DOI_SOAT
CS-ACA-000097,Mai Văn Nam,Nam,30/10/1994,999000000097,8800000097,CS408800000097,BV Quận 4,01/01/2026,31/12/2026,"122 Nguyễn Kiệm, Phú Nhuận, TP.HCM",0900000097,mai.van.nam.000097@cybersoft.demo,Sales,Training Coordinator,10/12/2025,Không xác định thời hạn,21.000.000 VND,CS-ACA-000097_The_BHYT_Demo.png,CS-ACA-000097_Phieu_Thong_Tin_Nhan_Vien.pdf,DA_DOI_SOAT
CS-ACA-000098,Đinh Thị Ngọc,Nữ,06/12/1994,999000000098,8800000098,CS408800000098,BV Quận 5,01/01/2026,31/12/2026,"129 An Dương Vương, Gò Vấp, TP.HCM",0900000098,dinh.thi.ngoc.000098@cybersoft.demo,Marketing,Customer Service Officer,27/01/2024,Xác định thời hạn,22.500.000 VND,CS-ACA-000098_The_BHYT_Demo.png,CS-ACA-000098_Phieu_Thong_Tin_Nhan_Vien.pdf,DA_DOI_SOAT
CS-ACA-000099,Trương Minh Nam,Nam,12/01/1995,999000000099,8800000099,CS408800000099,BV Quận Gò Vấp,01/01/2026,31/12/2026,"136 Nguyễn Văn Linh, Q.1, TP.HCM",0900000099,truong.minh.nam.000099@cybersoft.demo,HR,Data Assistant,04/03/2024,Không xác định thời hạn,24.000.000 VND,CS-ACA-000099_The_BHYT_Demo.png,CS-ACA-000099_Phieu_Thong_Tin_Nhan_Vien.pdf,DA_DOI_SOAT
CS-ACA-000100,Nguyễn Ngọc Trúc,Nữ,18/02/1995,999000000100,8800000100,CS408800000100,BV Nhân dân 115,01/01/2026,31/12/2026,"143 Nguyễn Đình Chiểu, Q.3, TP.HCM",0900000100,nguyen.ngoc.truc.000100@cybersoft.demo,Accounting,Mentor,10/04/2024,Xác định thời hạn,12.000.000 VND,CS-ACA-000100_The_BHYT_Demo.png,CS-ACA-000100_Phieu_Thong_Tin_Nhan_Vien.pdf,DA_DOI_SOAT
CS-ACA-000101,Trần Minh Quân,Nam,27/03/1995,999000000101,8800000101,CS408800000101,BV Quận 1,01/01/2026,31/12/2026,"150 Lê Văn Sỹ, Q.5, TP.HCM",0900000101,tran.minh.quan.000101@cybersoft.demo,IT,Sales Executive,17/05/2024,Không xác định thời hạn,13.500.000 VND,CS-ACA-000101_The_BHYT_Demo.png,CS-ACA-000101_Phieu_Thong_Tin_Nhan_Vien.pdf,DA_DOI_SOAT
CS-ACA-000102,Lê Thu Trúc,Nữ,03/05/1995,999000000102,8800000102,CS408800000102,BV Đại học Y Dược TP.HCM,01/01/2026,31/12/2026,"157 Cách Mạng Tháng 8, Q.7, TP.HCM",0900000102,le.thu.truc.000102@cybersoft.demo,Operations,Marketing Executive,23/06/2024,Xác định thời hạn,15.000.000 VND,CS-ACA-000102_The_BHYT_Demo.png,CS-ACA-000102_Phieu_Thong_Tin_Nhan_Vien.pdf,DA_DOI_SOAT
CS-ACA-000103,Phạm Quốc Quân,Nam,09/06/1995,999000000103,8800000103,CS408800000103,BV Chợ Rẫy,01/01/2026,31/12/2026,"164 Nguyễn Thị Minh Khai, Q.10, TP.HCM",0900000103,pham.quoc.quan.000103@cybersoft.demo,Customer Service,HR Executive,30/07/2024,Không xác định thời hạn,16.500.000 VND,CS-ACA-000103_The_BHYT_Demo.png,CS-ACA-000103_Phieu_Thong_Tin_Nhan_Vien.pdf,DA_DOI_SOAT
CS-ACA-000104,Hoàng Thu Trúc,Nữ,16/07/1995,999000000104,8800000104,CS408800000104,BV Thống Nhất,01/01/2026,31/12/2026,"171 Điện Biên Phủ, Bình Thạnh, TP.HCM",0900000104,hoang.thu.truc.000104@cybersoft.demo,Academic,Accountant,05/09/2024,Xác định thời hạn,18.000.000 VND,CS-ACA-000104_The_BHYT_Demo.png,CS-ACA-000104_Phieu_Thong_Tin_Nhan_Vien.pdf,DA_DOI_SOAT
CS-ACA-000105,Huỳnh Hoàng Sơn,Nam,22/08/1995,999000000105,8800000105,CS408800000105,BV Gia Định,01/01/2026,31/12/2026,"178 Hoàng Văn Thụ, Tân Bình, TP.HCM",0900000105,huynh.hoang.son.000105@cybersoft.demo,Sales,IT Support,12/10/2024,Không xác định thời hạn,19.500.000 VND,CS-ACA-000105_The_BHYT_Demo.png,CS-ACA-000105_Phieu_Thong_Tin_Nhan_Vien.pdf,DA_DOI_SOAT
CS-ACA-000106,Võ Thanh Vy,Nữ,28/09/1995,999000000106,8800000106,CS408800000106,BV Nguyễn Tri Phương,01/01/2026,31/12/2026,"185 Trần Hưng Đạo, Phú Nhuận, TP.HCM",0900000106,vo.thanh.vy.000106@cybersoft.demo,Marketing,Admin Officer,18/11/2024,Xác định thời hạn,21.000.000 VND,CS-ACA-000106_The_BHYT_Demo.png,CS-ACA-000106_Phieu_Thong_Tin_Nhan_Vien.pdf,DA_DOI_SOAT
CS-ACA-000107,Vũ Hoàng Sơn,Nam,04/11/1995,999000000107,8800000107,CS408800000107,BV Quận 3,01/01/2026,31/12/2026,"192 Nguyễn Văn Cừ, Gò Vấp, TP.HCM",0900000107,vu.hoang.son.000107@cybersoft.demo,HR,Training Coordinator,25/12/2024,Không xác định thời hạn,22.500.000 VND,CS-ACA-000107_The_BHYT_Demo.png,CS-ACA-000107_Phieu_Thong_Tin_Nhan_Vien.pdf,DA_DOI_SOAT
CS-ACA-000108,Đặng Mỹ Vy,Nữ,11/12/1995,999000000108,8800000108,CS408800000108,BV Tân Bình,01/01/2026,31/12/2026,"10 Nguyễn Trãi, Q.1, TP.HCM",0900000108,dang.my.vy.000108@cybersoft.demo,Accounting,Customer Service Officer,31/01/2025,Xác định thời hạn,24.000.000 VND,CS-ACA-000108_The_BHYT_Demo.png,CS-ACA-000108_Phieu_Thong_Tin_Nhan_Vien.pdf,DA_DOI_SOAT
CS-ACA-000109,Bùi Đức Sơn,Nam,17/01/1996,999000000109,8800000109,CS408800000109,BV Bình Thạnh,01/01/2026,31/12/2026,"17 Phan Xích Long, Q.3, TP.HCM",0900000109,bui.duc.son.000109@cybersoft.demo,IT,Data Assistant,09/03/2025,Không xác định thời hạn,12.000.000 VND,CS-ACA-000109_The_BHYT_Demo.png,CS-ACA-000109_Phieu_Thong_Tin_Nhan_Vien.pdf,DA_DOI_SOAT
CS-ACA-000110,Đỗ Mỹ Yến,Nữ,23/02/1996,999000000110,8800000110,CS408800000110,BV Quận 10,01/01/2026,31/12/2026,"24 Võ Văn Tần, Q.5, TP.HCM",0900000110,do.my.yen.000110@cybersoft.demo,Operations,Mentor,15/04/2025,Xác định thời hạn,13.500.000 VND,CS-ACA-000110_The_BHYT_Demo.png,CS-ACA-000110_Phieu_Thong_Tin_Nhan_Vien.pdf,DA_DOI_SOAT
CS-ACA-000111,Hồ Hải Kiệt,Nam,31/03/1996,999000000111,8800000111,CS408800000111,BV Quận 7,01/01/2026,31/12/2026,"31 Lý Thường Kiệt, Q.7, TP.HCM",0900000111,ho.hai.kiet.000111@cybersoft.demo,Customer Service,Sales Executive,22/05/2025,Không xác định thời hạn,15.000.000 VND,CS-ACA-000111_The_BHYT_Demo.png,CS-ACA-000111_Phieu_Thong_Tin_Nhan_Vien.pdf,DA_DOI_SOAT
CS-ACA-000112,Ngô Lan Yến,Nữ,07/05/1996,999000000112,8800000112,CS408800000112,BV Hùng Vương,01/01/2026,31/12/2026,"38 Nguyễn Hữu Cảnh, Q.10, TP.HCM",0900000112,ngo.lan.yen.000112@cybersoft.demo,Academic,Marketing Executive,28/06/2025,Xác định thời hạn,16.500.000 VND,CS-ACA-000112_The_BHYT_Demo.png,CS-ACA-000112_Phieu_Thong_Tin_Nhan_Vien.pdf,DA_DOI_SOAT
CS-ACA-000113,Dương Hải Kiệt,Nam,13/06/1996,999000000113,8800000113,CS408800000113,BV Trưng Vương,01/01/2026,31/12/2026,"45 Pasteur, Bình Thạnh, TP.HCM",0900000113,duong.hai.kiet.000113@cybersoft.demo,Sales,HR Executive,04/08/2025,Không xác định thời hạn,18.000.000 VND,CS-ACA-000113_The_BHYT_Demo.png,CS-ACA-000113_Phieu_Thong_Tin_Nhan_Vien.pdf,DA_DOI_SOAT
CS-ACA-000114,Lý Phương Yến,Nữ,20/07/1996,999000000114,8800000114,CS408800000114,BV Quận Phú Nhuận,01/01/2026,31/12/2026,"52 Bạch Đằng, Tân Bình, TP.HCM",0900000114,ly.phuong.yen.000114@cybersoft.demo,Marketing,Accountant,10/09/2025,Xác định thời hạn,19.500.000 VND,CS-ACA-000114_The_BHYT_Demo.png,CS-ACA-000114_Phieu_Thong_Tin_Nhan_Vien.pdf,DA_DOI_SOAT
CS-ACA-000115,Tạ Tuấn Đăng,Nam,26/08/1996,999000000115,8800000115,CS408800000115,BV Đa khoa Sài Gòn,01/01/2026,31/12/2026,"59 Cao Thắng, Phú Nhuận, TP.HCM",0900000115,ta.tuan.dang.000115@cybersoft.demo,HR,IT Support,17/10/2025,Không xác định thời hạn,21.000.000 VND,CS-ACA-000115_The_BHYT_Demo.png,CS-ACA-000115_Phieu_Thong_Tin_Nhan_Vien.pdf,DA_DOI_SOAT
CS-ACA-000116,Cao Phương Hương,Nữ,02/10/1996,999000000116,8800000116,CS408800000116,BV Quốc tế City,01/01/2026,31/12/2026,"66 Trường Sơn, Gò Vấp, TP.HCM",0900000116,cao.phuong.huong.000116@cybersoft.demo,Accounting,Admin Officer,23/11/2025,Xác định thời hạn,22.500.000 VND,CS-ACA-000116_The_BHYT_Demo.png,CS-ACA-000116_Phieu_Thong_Tin_Nhan_Vien.pdf,DA_DOI_SOAT
CS-ACA-000117,Mai Gia Đăng,Nam,08/11/1996,999000000117,8800000117,CS408800000117,BV Quận 4,01/01/2026,31/12/2026,"73 Nguyễn Kiệm, Q.1, TP.HCM",0900000117,mai.gia.dang.000117@cybersoft.demo,IT,Training Coordinator,10/01/2024,Không xác định thời hạn,24.000.000 VND,CS-ACA-000117_The_BHYT_Demo.png,CS-ACA-000117_Phieu_Thong_Tin_Nhan_Vien.pdf,DA_DOI_SOAT
CS-ACA-000118,Đinh Thảo Hương,Nữ,15/12/1996,999000000118,8800000118,CS408800000118,BV Quận 5,01/01/2026,31/12/2026,"80 An Dương Vương, Q.3, TP.HCM",0900000118,dinh.thao.huong.000118@cybersoft.demo,Operations,Customer Service Officer,16/02/2024,Xác định thời hạn,12.000.000 VND,CS-ACA-000118_The_BHYT_Demo.png,CS-ACA-000118_Phieu_Thong_Tin_Nhan_Vien.pdf,DA_DOI_SOAT
CS-ACA-000119,Trương Gia Đăng,Nam,21/01/1997,999000000119,8800000119,CS408800000119,BV Quận Gò Vấp,01/01/2026,31/12/2026,"87 Nguyễn Văn Linh, Q.5, TP.HCM",0900000119,truong.gia.dang.000119@cybersoft.demo,Customer Service,Data Assistant,24/03/2024,Không xác định thời hạn,13.500.000 VND,CS-ACA-000119_The_BHYT_Demo.png,CS-ACA-000119_Phieu_Thong_Tin_Nhan_Vien.pdf,DA_DOI_SOAT
CS-ACA-000120,Nguyễn Thị Anh,Nữ,27/02/1997,999000000120,8800000120,CS408800000120,BV Nhân dân 115,01/01/2026,31/12/2026,"94 Nguyễn Đình Chiểu, Q.7, TP.HCM",0900000120,nguyen.thi.anh.000120@cybersoft.demo,Academic,Mentor,30/04/2024,Xác định thời hạn,15.000.000 VND,CS-ACA-000120_The_BHYT_Demo.png,CS-ACA-000120_Phieu_Thong_Tin_Nhan_Vien.pdf,DA_DOI_SOAT
CS-ACA-000121,Trần Văn An,Nam,05/04/1997,999000000121,8800000121,CS408800000121,BV Quận 1,01/01/2026,31/12/2026,"101 Lê Văn Sỹ, Q.10, TP.HCM",0900000121,tran.van.an.000121@cybersoft.demo,Sales,Sales Executive,06/06/2024,Không xác định thời hạn,16.500.000 VND,CS-ACA-000121_The_BHYT_Demo.png,CS-ACA-000121_Phieu_Thong_Tin_Nhan_Vien.pdf,DA_DOI_SOAT
CS-ACA-000122,Lê Thị Anh,Nữ,12/05/1997,999000000122,8800000122,CS408800000122,BV Đại học Y Dược TP.HCM,01/01/2026,31/12/2026,"108 Cách Mạng Tháng 8, Bình Thạnh, TP.HCM",0900000122,le.thi.anh.000122@cybersoft.demo,Marketing,Marketing Executive,13/07/2024,Xác định thời hạn,18.000.000 VND,CS-ACA-000122_The_BHYT_Demo.png,CS-ACA-000122_Phieu_Thong_Tin_Nhan_Vien.pdf,DA_DOI_SOAT
CS-ACA-000123,Phạm Minh An,Nam,18/06/1997,999000000123,8800000123,CS408800000123,BV Chợ Rẫy,01/01/2026,31/12/2026,"115 Nguyễn Thị Minh Khai, Tân Bình, TP.HCM",0900000123,pham.minh.an.000123@cybersoft.demo,HR,HR Executive,19/08/2024,Không xác định thời hạn,19.500.000 VND,CS-ACA-000123_The_BHYT_Demo.png,CS-ACA-000123_Phieu_Thong_Tin_Nhan_Vien.pdf,DA_DOI_SOAT
CS-ACA-000124,Hoàng Ngọc Anh,Nữ,25/07/1997,999000000124,8800000124,CS408800000124,BV Thống Nhất,01/01/2026,31/12/2026,"122 Điện Biên Phủ, Phú Nhuận, TP.HCM",0900000124,hoang.ngoc.anh.000124@cybersoft.demo,Accounting,Accountant,25/09/2024,Xác định thời hạn,21.000.000 VND,CS-ACA-000124_The_BHYT_Demo.png,CS-ACA-000124_Phieu_Thong_Tin_Nhan_Vien.pdf,DA_DOI_SOAT
CS-ACA-000125,Huỳnh Minh Bình,Nam,31/08/1997,999000000125,8800000125,CS408800000125,BV Gia Định,01/01/2026,31/12/2026,"129 Hoàng Văn Thụ, Gò Vấp, TP.HCM",0900000125,huynh.minh.binh.000125@cybersoft.demo,IT,IT Support,01/11/2024,Không xác định thời hạn,22.500.000 VND,CS-ACA-000125_The_BHYT_Demo.png,CS-ACA-000125_Phieu_Thong_Tin_Nhan_Vien.pdf,DA_DOI_SOAT
CS-ACA-000126,Võ Thu Châu,Nữ,07/10/1997,999000000126,8800000126,CS408800000126,BV Nguyễn Tri Phương,01/01/2026,31/12/2026,"136 Trần Hưng Đạo, Q.1, TP.HCM",0900000126,vo.thu.chau.000126@cybersoft.demo,Operations,Admin Officer,08/12/2024,Xác định thời hạn,24.000.000 VND,CS-ACA-000126_The_BHYT_Demo.png,CS-ACA-000126_Phieu_Thong_Tin_Nhan_Vien.pdf,DA_DOI_SOAT
CS-ACA-000127,Vũ Quốc Bình,Nam,13/11/1997,999000000127,8800000127,CS408800000127,BV Quận 3,01/01/2026,31/12/2026,"143 Nguyễn Văn Cừ, Q.3, TP.HCM",0900000127,vu.quoc.binh.000127@cybersoft.demo,Customer Service,Training Coordinator,14/01/2025,Không xác định thời hạn,12.000.000 VND,CS-ACA-000127_The_BHYT_Demo.png,CS-ACA-000127_Phieu_Thong_Tin_Nhan_Vien.pdf,DA_DOI_SOAT
CS-ACA-000128,Đặng Thu Châu,Nữ,20/12/1997,999000000128,8800000128,CS408800000128,BV Tân Bình,01/01/2026,31/12/2026,"150 Nguyễn Trãi, Q.5, TP.HCM",0900000128,dang.thu.chau.000128@cybersoft.demo,Academic,Customer Service Officer,20/02/2025,Xác định thời hạn,13.500.000 VND,CS-ACA-000128_The_BHYT_Demo.png,CS-ACA-000128_Phieu_Thong_Tin_Nhan_Vien.pdf,DA_DOI_SOAT
CS-ACA-000129,Bùi Hoàng Bình,Nam,26/01/1998,999000000129,8800000129,CS408800000129,BV Bình Thạnh,01/01/2026,31/12/2026,"157 Phan Xích Long, Q.7, TP.HCM",0900000129,bui.hoang.binh.000129@cybersoft.demo,Sales,Data Assistant,29/03/2025,Không xác định thời hạn,15.000.000 VND,CS-ACA-000129_The_BHYT_Demo.png,CS-ACA-000129_Phieu_Thong_Tin_Nhan_Vien.pdf,DA_DOI_SOAT
CS-ACA-000130,Đỗ Thanh Duyên,Nữ,04/03/1998,999000000130,8800000130,CS408800000130,BV Quận 10,01/01/2026,31/12/2026,"164 Võ Văn Tần, Q.10, TP.HCM",0900000130,do.thanh.duyen.000130@cybersoft.demo,Marketing,Mentor,05/05/2025,Xác định thời hạn,16.500.000 VND,CS-ACA-000130_The_BHYT_Demo.png,CS-ACA-000130_Phieu_Thong_Tin_Nhan_Vien.pdf,DA_DOI_SOAT
CS-ACA-000131,Hồ Hoàng Dũng,Nam,10/04/1998,999000000131,8800000131,CS408800000131,BV Quận 7,01/01/2026,31/12/2026,"171 Lý Thường Kiệt, Bình Thạnh, TP.HCM",0900000131,ho.hoang.dung.000131@cybersoft.demo,HR,Sales Executive,11/06/2025,Không xác định thời hạn,18.000.000 VND,CS-ACA-000131_The_BHYT_Demo.png,CS-ACA-000131_Phieu_Thong_Tin_Nhan_Vien.pdf,DA_DOI_SOAT
CS-ACA-000132,Ngô Mỹ Duyên,Nữ,17/05/1998,999000000132,8800000132,CS408800000132,BV Hùng Vương,01/01/2026,31/12/2026,"178 Nguyễn Hữu Cảnh, Tân Bình, TP.HCM",0900000132,ngo.my.duyen.000132@cybersoft.demo,Accounting,Marketing Executive,18/07/2025,Xác định thời hạn,19.500.000 VND,CS-ACA-000132_The_BHYT_Demo.png,CS-ACA-000132_Phieu_Thong_Tin_Nhan_Vien.pdf,DA_DOI_SOAT
CS-ACA-000133,Dương Đức Dũng,Nam,23/06/1998,999000000133,8800000133,CS408800000133,BV Trưng Vương,01/01/2026,31/12/2026,"185 Pasteur, Phú Nhuận, TP.HCM",0900000133,duong.duc.dung.000133@cybersoft.demo,IT,HR Executive,24/08/2025,Không xác định thời hạn,21.000.000 VND,CS-ACA-000133_The_BHYT_Demo.png,CS-ACA-000133_Phieu_Thong_Tin_Nhan_Vien.pdf,DA_DOI_SOAT
CS-ACA-000134,Lý Mỹ Duyên,Nữ,30/07/1998,999000000134,8800000134,CS408800000134,BV Quận Phú Nhuận,01/01/2026,31/12/2026,"192 Bạch Đằng, Gò Vấp, TP.HCM",0900000134,ly.my.duyen.000134@cybersoft.demo,Operations,Accountant,30/09/2025,Xác định thời hạn,22.500.000 VND,CS-ACA-000134_The_BHYT_Demo.png,CS-ACA-000134_Phieu_Thong_Tin_Nhan_Vien.pdf,DA_DOI_SOAT
CS-ACA-000135,Tạ Hải Huy,Nam,05/09/1998,999000000135,8800000135,CS408800000135,BV Đa khoa Sài Gòn,01/01/2026,31/12/2026,"10 Cao Thắng, Q.1, TP.HCM",0900000135,ta.hai.huy.000135@cybersoft.demo,Customer Service,IT Support,06/11/2025,Không xác định thời hạn,24.000.000 VND,CS-ACA-000135_The_BHYT_Demo.png,CS-ACA-000135_Phieu_Thong_Tin_Nhan_Vien.pdf,DA_DOI_SOAT
CS-ACA-000136,Cao Lan Hà,Nữ,12/10/1998,999000000136,8800000136,CS408800000136,BV Quốc tế City,01/01/2026,31/12/2026,"17 Trường Sơn, Q.3, TP.HCM",0900000136,cao.lan.ha.000136@cybersoft.demo,Academic,Admin Officer,13/12/2025,Xác định thời hạn,12.000.000 VND,CS-ACA-000136_The_BHYT_Demo.png,CS-ACA-000136_Phieu_Thong_Tin_Nhan_Vien.pdf,DA_DOI_SOAT
CS-ACA-000137,Mai Hải Huy,Nam,18/11/1998,999000000137,8800000137,CS408800000137,BV Quận 4,01/01/2026,31/12/2026,"24 Nguyễn Kiệm, Q.5, TP.HCM",0900000137,mai.hai.huy.000137@cybersoft.demo,Sales,Training Coordinator,30/01/2024,Không xác định thời hạn,13.500.000 VND,CS-ACA-000137_The_BHYT_Demo.png,CS-ACA-000137_Phieu_Thong_Tin_Nhan_Vien.pdf,DA_DOI_SOAT
CS-ACA-000138,Đinh Phương Hà,Nữ,25/12/1998,999000000138,8800000138,CS408800000138,BV Quận 5,01/01/2026,31/12/2026,"31 An Dương Vương, Q.7, TP.HCM",0900000138,dinh.phuong.ha.000138@cybersoft.demo,Marketing,Customer Service Officer,07/03/2024,Xác định thời hạn,15.000.000 VND,CS-ACA-000138_The_BHYT_Demo.png,CS-ACA-000138_Phieu_Thong_Tin_Nhan_Vien.pdf,DA_DOI_SOAT
CS-ACA-000139,Trương Tuấn Huy,Nam,31/01/1999,999000000139,8800000139,CS408800000139,BV Quận Gò Vấp,01/01/2026,31/12/2026,"38 Nguyễn Văn Linh, Q.10, TP.HCM",0900000139,truong.tuan.huy.000139@cybersoft.demo,HR,Data Assistant,13/04/2024,Không xác định thời hạn,16.500.000 VND,CS-ACA-000139_The_BHYT_Demo.png,CS-ACA-000139_Phieu_Thong_Tin_Nhan_Vien.pdf,DA_DOI_SOAT
CS-ACA-000140,Nguyễn Phương Linh,Nữ,09/03/1999,999000000140,8800000140,CS408800000140,BV Nhân dân 115,01/01/2026,31/12/2026,"45 Nguyễn Đình Chiểu, Bình Thạnh, TP.HCM",0900000140,nguyen.phuong.linh.000140@cybersoft.demo,Accounting,Mentor,20/05/2024,Xác định thời hạn,18.000.000 VND,CS-ACA-000140_The_BHYT_Demo.png,CS-ACA-000140_Phieu_Thong_Tin_Nhan_Vien.pdf,DA_DOI_SOAT
CS-ACA-000141,Trần Gia Khoa,Nam,15/04/1999,999000000141,8800000141,CS408800000141,BV Quận 1,01/01/2026,31/12/2026,"52 Lê Văn Sỹ, Tân Bình, TP.HCM",0900000141,tran.gia.khoa.000141@cybersoft.demo,IT,Sales Executive,26/06/2024,Không xác định thời hạn,19.500.000 VND,CS-ACA-000141_The_BHYT_Demo.png,CS-ACA-000141_Phieu_Thong_Tin_Nhan_Vien.pdf,DA_DOI_SOAT
CS-ACA-000142,Lê Thảo Linh,Nữ,22/05/1999,999000000142,8800000142,CS408800000142,BV Đại học Y Dược TP.HCM,01/01/2026,31/12/2026,"59 Cách Mạng Tháng 8, Phú Nhuận, TP.HCM",0900000142,le.thao.linh.000142@cybersoft.demo,Operations,Marketing Executive,02/08/2024,Xác định thời hạn,21.000.000 VND,CS-ACA-000142_The_BHYT_Demo.png,CS-ACA-000142_Phieu_Thong_Tin_Nhan_Vien.pdf,DA_DOI_SOAT
CS-ACA-000143,Phạm Gia Khoa,Nam,28/06/1999,999000000143,8800000143,CS408800000143,BV Chợ Rẫy,01/01/2026,31/12/2026,"66 Nguyễn Thị Minh Khai, Gò Vấp, TP.HCM",0900000143,pham.gia.khoa.000143@cybersoft.demo,Customer Service,HR Executive,08/09/2024,Không xác định thời hạn,22.500.000 VND,CS-ACA-000143_The_BHYT_Demo.png,CS-ACA-000143_Phieu_Thong_Tin_Nhan_Vien.pdf,DA_DOI_SOAT
CS-ACA-000144,Hoàng Thị Linh,Nữ,04/08/1999,999000000144,8800000144,CS408800000144,BV Thống Nhất,01/01/2026,31/12/2026,"73 Điện Biên Phủ, Q.1, TP.HCM",0900000144,hoang.thi.linh.000144@cybersoft.demo,Academic,Accountant,15/10/2024,Xác định thời hạn,24.000.000 VND,CS-ACA-000144_The_BHYT_Demo.png,CS-ACA-000144_Phieu_Thong_Tin_Nhan_Vien.pdf,DA_DOI_SOAT
CS-ACA-000145,Huỳnh Văn Long,Nam,10/09/1999,999000000145,8800000145,CS408800000145,BV Gia Định,01/01/2026,31/12/2026,"80 Hoàng Văn Thụ, Q.3, TP.HCM",0900000145,huynh.van.long.000145@cybersoft.demo,Sales,IT Support,21/11/2024,Không xác định thời hạn,12.000.000 VND,CS-ACA-000145_The_BHYT_Demo.png,CS-ACA-000145_Phieu_Thong_Tin_Nhan_Vien.pdf,DA_DOI_SOAT
CS-ACA-000146,Võ Thị Mai,Nữ,17/10/1999,999000000146,8800000146,CS408800000146,BV Nguyễn Tri Phương,01/01/2026,31/12/2026,"87 Trần Hưng Đạo, Q.5, TP.HCM",0900000146,vo.thi.mai.000146@cybersoft.demo,Marketing,Admin Officer,28/12/2024,Xác định thời hạn,13.500.000 VND,CS-ACA-000146_The_BHYT_Demo.png,CS-ACA-000146_Phieu_Thong_Tin_Nhan_Vien.pdf,DA_DOI_SOAT
CS-ACA-000147,Vũ Minh Long,Nam,23/11/1999,999000000147,8800000147,CS408800000147,BV Quận 3,01/01/2026,31/12/2026,"94 Nguyễn Văn Cừ, Q.7, TP.HCM",0900000147,vu.minh.long.000147@cybersoft.demo,HR,Training Coordinator,03/02/2025,Không xác định thời hạn,15.000.000 VND,CS-ACA-000147_The_BHYT_Demo.png,CS-ACA-000147_Phieu_Thong_Tin_Nhan_Vien.pdf,DA_DOI_SOAT
CS-ACA-000148,Đặng Ngọc Mai,Nữ,30/12/1999,999000000148,8800000148,CS408800000148,BV Tân Bình,01/01/2026,31/12/2026,"101 Nguyễn Trãi, Q.10, TP.HCM",0900000148,dang.ngoc.mai.000148@cybersoft.demo,Accounting,Customer Service Officer,12/03/2025,Xác định thời hạn,16.500.000 VND,CS-ACA-000148_The_BHYT_Demo.png,CS-ACA-000148_Phieu_Thong_Tin_Nhan_Vien.pdf,DA_DOI_SOAT
CS-ACA-000149,Bùi Minh Long,Nam,05/02/2000,999000000149,8800000149,CS408800000149,BV Bình Thạnh,01/01/2026,31/12/2026,"108 Phan Xích Long, Bình Thạnh, TP.HCM",0900000149,bui.minh.long.000149@cybersoft.demo,IT,Data Assistant,18/04/2025,Không xác định thời hạn,18.000.000 VND,CS-ACA-000149_The_BHYT_Demo.png,CS-ACA-000149_Phieu_Thong_Tin_Nhan_Vien.pdf,DA_DOI_SOAT
CS-ACA-000150,Đỗ Thu Nhi,Nữ,13/03/2000,999000000150,8800000150,CS408800000150,BV Quận 10,01/01/2026,31/12/2026,"115 Võ Văn Tần, Tân Bình, TP.HCM",0900000150,do.thu.nhi.000150@cybersoft.demo,Operations,Mentor,25/05/2025,Xác định thời hạn,19.500.000 VND,CS-ACA-000150_The_BHYT_Demo.png,CS-ACA-000150_Phieu_Thong_Tin_Nhan_Vien.pdf,DA_DOI_SOAT
CS-ACA-000151,Hồ Quốc Minh,Nam,19/04/2000,999000000151,8800000151,CS408800000151,BV Quận 7,01/01/2026,31/12/2026,"122 Lý Thường Kiệt, Phú Nhuận, TP.HCM",0900000151,ho.quoc.minh.000151@cybersoft.demo,Customer Service,Sales Executive,01/07/2025,Không xác định thời hạn,21.000.000 VND,CS-ACA-000151_The_BHYT_Demo.png,CS-ACA-000151_Phieu_Thong_Tin_Nhan_Vien.pdf,DA_DOI_SOAT
CS-ACA-000152,Ngô Thu Nhi,Nữ,26/05/2000,999000000152,8800000152,CS408800000152,BV Hùng Vương,01/01/2026,31/12/2026,"129 Nguyễn Hữu Cảnh, Gò Vấp, TP.HCM",0900000152,ngo.thu.nhi.000152@cybersoft.demo,Academic,Marketing Executive,07/08/2025,Xác định thời hạn,22.500.000 VND,CS-ACA-000152_The_BHYT_Demo.png,CS-ACA-000152_Phieu_Thong_Tin_Nhan_Vien.pdf,DA_DOI_SOAT
CS-ACA-000153,Dương Hoàng Minh,Nam,02/07/2000,999000000153,8800000153,CS408800000153,BV Trưng Vương,01/01/2026,31/12/2026,"136 Pasteur, Q.1, TP.HCM",0900000153,duong.hoang.minh.000153@cybersoft.demo,Sales,HR Executive,13/09/2025,Không xác định thời hạn,24.000.000 VND,CS-ACA-000153_The_BHYT_Demo.png,CS-ACA-000153_Phieu_Thong_Tin_Nhan_Vien.pdf,DA_DOI_SOAT
CS-ACA-000154,Lý Thanh Nhi,Nữ,08/08/2000,999000000154,8800000154,CS408800000154,BV Quận Phú Nhuận,01/01/2026,31/12/2026,"143 Bạch Đằng, Q.3, TP.HCM",0900000154,ly.thanh.nhi.000154@cybersoft.demo,Marketing,Accountant,20/10/2025,Xác định thời hạn,12.000.000 VND,CS-ACA-000154_The_BHYT_Demo.png,CS-ACA-000154_Phieu_Thong_Tin_Nhan_Vien.pdf,DA_DOI_SOAT
CS-ACA-000155,Tạ Hoàng Nam,Nam,14/09/2000,999000000155,8800000155,CS408800000155,BV Đa khoa Sài Gòn,01/01/2026,31/12/2026,"150 Cao Thắng, Q.5, TP.HCM",0900000155,ta.hoang.nam.000155@cybersoft.demo,HR,IT Support,26/11/2025,Không xác định thời hạn,13.500.000 VND,CS-ACA-000155_The_BHYT_Demo.png,CS-ACA-000155_Phieu_Thong_Tin_Nhan_Vien.pdf,DA_DOI_SOAT
CS-ACA-000156,Cao Mỹ Ngọc,Nữ,21/10/2000,999000000156,8800000156,CS408800000156,BV Quốc tế City,01/01/2026,31/12/2026,"157 Trường Sơn, Q.7, TP.HCM",0900000156,cao.my.ngoc.000156@cybersoft.demo,Accounting,Admin Officer,13/01/2024,Xác định thời hạn,15.000.000 VND,CS-ACA-000156_The_BHYT_Demo.png,CS-ACA-000156_Phieu_Thong_Tin_Nhan_Vien.pdf,DA_DOI_SOAT
CS-ACA-000157,Mai Đức Nam,Nam,27/11/2000,999000000157,8800000157,CS408800000157,BV Quận 4,01/01/2026,31/12/2026,"164 Nguyễn Kiệm, Q.10, TP.HCM",0900000157,mai.duc.nam.000157@cybersoft.demo,IT,Training Coordinator,19/02/2024,Không xác định thời hạn,16.500.000 VND,CS-ACA-000157_The_BHYT_Demo.png,CS-ACA-000157_Phieu_Thong_Tin_Nhan_Vien.pdf,DA_DOI_SOAT
CS-ACA-000158,Đinh Mỹ Ngọc,Nữ,03/01/2001,999000000158,8800000158,CS408800000158,BV Quận 5,01/01/2026,31/12/2026,"171 An Dương Vương, Bình Thạnh, TP.HCM",0900000158,dinh.my.ngoc.000158@cybersoft.demo,Operations,Customer Service Officer,27/03/2024,Xác định thời hạn,18.000.000 VND,CS-ACA-000158_The_BHYT_Demo.png,CS-ACA-000158_Phieu_Thong_Tin_Nhan_Vien.pdf,DA_DOI_SOAT
CS-ACA-000159,Trương Hải Nam,Nam,09/02/2001,999000000159,8800000159,CS408800000159,BV Quận Gò Vấp,01/01/2026,31/12/2026,"178 Nguyễn Văn Linh, Tân Bình, TP.HCM",0900000159,truong.hai.nam.000159@cybersoft.demo,Customer Service,Data Assistant,03/05/2024,Không xác định thời hạn,19.500.000 VND,CS-ACA-000159_The_BHYT_Demo.png,CS-ACA-000159_Phieu_Thong_Tin_Nhan_Vien.pdf,DA_DOI_SOAT
CS-ACA-000160,Nguyễn Lan Trúc,Nữ,18/03/2001,999000000160,8800000160,CS408800000160,BV Nhân dân 115,01/01/2026,31/12/2026,"185 Nguyễn Đình Chiểu, Phú Nhuận, TP.HCM",0900000160,nguyen.lan.truc.000160@cybersoft.demo,Academic,Mentor,09/06/2024,Xác định thời hạn,21.000.000 VND,CS-ACA-000160_The_BHYT_Demo.png,CS-ACA-000160_Phieu_Thong_Tin_Nhan_Vien.pdf,DA_DOI_SOAT
CS-ACA-000161,Trần Hải Quân,Nam,24/04/2001,999000000161,8800000161,CS408800000161,BV Quận 1,01/01/2026,31/12/2026,"192 Lê Văn Sỹ, Gò Vấp, TP.HCM",0900000161,tran.hai.quan.000161@cybersoft.demo,Sales,Sales Executive,16/07/2024,Không xác định thời hạn,22.500.000 VND,CS-ACA-000161_The_BHYT_Demo.png,CS-ACA-000161_Phieu_Thong_Tin_Nhan_Vien.pdf,DA_DOI_SOAT
CS-ACA-000162,Lê Phương Trúc,Nữ,31/05/2001,999000000162,8800000162,CS408800000162,BV Đại học Y Dược TP.HCM,01/01/2026,31/12/2026,"10 Cách Mạng Tháng 8, Q.1, TP.HCM",0900000162,le.phuong.truc.000162@cybersoft.demo,Marketing,Marketing Executive,22/08/2024,Xác định thời hạn,24.000.000 VND,CS-ACA-000162_The_BHYT_Demo.png,CS-ACA-000162_Phieu_Thong_Tin_Nhan_Vien.pdf,DA_DOI_SOAT
CS-ACA-000163,Phạm Tuấn Quân,Nam,07/07/2001,999000000163,8800000163,CS408800000163,BV Chợ Rẫy,01/01/2026,31/12/2026,"17 Nguyễn Thị Minh Khai, Q.3, TP.HCM",0900000163,pham.tuan.quan.000163@cybersoft.demo,HR,HR Executive,28/09/2024,Không xác định thời hạn,12.000.000 VND,CS-ACA-000163_The_BHYT_Demo.png,CS-ACA-000163_Phieu_Thong_Tin_Nhan_Vien.pdf,DA_DOI_SOAT
CS-ACA-000164,Hoàng Phương Trúc,Nữ,13/08/2001,999000000164,8800000164,CS408800000164,BV Thống Nhất,01/01/2026,31/12/2026,"24 Điện Biên Phủ, Q.5, TP.HCM",0900000164,hoang.phuong.truc.000164@cybersoft.demo,Accounting,Accountant,04/11/2024,Xác định thời hạn,13.500.000 VND,CS-ACA-000164_The_BHYT_Demo.png,CS-ACA-000164_Phieu_Thong_Tin_Nhan_Vien.pdf,DA_DOI_SOAT
CS-ACA-000165,Huỳnh Gia Sơn,Nam,19/09/2001,999000000165,8800000165,CS408800000165,BV Gia Định,01/01/2026,31/12/2026,"31 Hoàng Văn Thụ, Q.7, TP.HCM",0900000165,huynh.gia.son.000165@cybersoft.demo,IT,IT Support,11/12/2024,Không xác định thời hạn,15.000.000 VND,CS-ACA-000165_The_BHYT_Demo.png,CS-ACA-000165_Phieu_Thong_Tin_Nhan_Vien.pdf,DA_DOI_SOAT
CS-ACA-000166,Võ Thảo Vy,Nữ,26/10/2001,999000000166,8800000166,CS408800000166,BV Nguyễn Tri Phương,01/01/2026,31/12/2026,"38 Trần Hưng Đạo, Q.10, TP.HCM",0900000166,vo.thao.vy.000166@cybersoft.demo,Operations,Admin Officer,17/01/2025,Xác định thời hạn,16.500.000 VND,CS-ACA-000166_The_BHYT_Demo.png,CS-ACA-000166_Phieu_Thong_Tin_Nhan_Vien.pdf,DA_DOI_SOAT
CS-ACA-000167,Vũ Gia Sơn,Nam,02/12/2001,999000000167,8800000167,CS408800000167,BV Quận 3,01/01/2026,31/12/2026,"45 Nguyễn Văn Cừ, Bình Thạnh, TP.HCM",0900000167,vu.gia.son.000167@cybersoft.demo,Customer Service,Training Coordinator,23/02/2025,Không xác định thời hạn,18.000.000 VND,CS-ACA-000167_The_BHYT_Demo.png,CS-ACA-000167_Phieu_Thong_Tin_Nhan_Vien.pdf,DA_DOI_SOAT
CS-ACA-000168,Đặng Thị Vy,Nữ,17/01/1985,999000000168,8800000168,CS408800000168,BV Tân Bình,01/01/2026,31/12/2026,"52 Nguyễn Trãi, Tân Bình, TP.HCM",0900000168,dang.thi.vy.000168@cybersoft.demo,Academic,Customer Service Officer,01/04/2025,Xác định thời hạn,19.500.000 VND,CS-ACA-000168_The_BHYT_Demo.png,CS-ACA-000168_Phieu_Thong_Tin_Nhan_Vien.pdf,DA_DOI_SOAT
CS-ACA-000169,Bùi Văn Sơn,Nam,23/02/1985,999000000169,8800000169,CS408800000169,BV Bình Thạnh,01/01/2026,31/12/2026,"59 Phan Xích Long, Phú Nhuận, TP.HCM",0900000169,bui.van.son.000169@cybersoft.demo,Sales,Data Assistant,08/05/2025,Không xác định thời hạn,21.000.000 VND,CS-ACA-000169_The_BHYT_Demo.png,CS-ACA-000169_Phieu_Thong_Tin_Nhan_Vien.pdf,DA_DOI_SOAT
CS-ACA-000170,Đỗ Thị Yến,Nữ,01/04/1985,999000000170,8800000170,CS408800000170,BV Quận 10,01/01/2026,31/12/2026,"66 Võ Văn Tần, Gò Vấp, TP.HCM",0900000170,do.thi.yen.000170@cybersoft.demo,Marketing,Mentor,14/06/2025,Xác định thời hạn,22.500.000 VND,CS-ACA-000170_The_BHYT_Demo.png,CS-ACA-000170_Phieu_Thong_Tin_Nhan_Vien.pdf,DA_DOI_SOAT
CS-ACA-000171,Hồ Minh Kiệt,Nam,08/05/1985,999000000171,8800000171,CS408800000171,BV Quận 7,01/01/2026,31/12/2026,"73 Lý Thường Kiệt, Q.1, TP.HCM",0900000171,ho.minh.kiet.000171@cybersoft.demo,HR,Sales Executive,21/07/2025,Không xác định thời hạn,24.000.000 VND,CS-ACA-000171_The_BHYT_Demo.png,CS-ACA-000171_Phieu_Thong_Tin_Nhan_Vien.pdf,DA_DOI_SOAT
CS-ACA-000172,Ngô Ngọc Yến,Nữ,14/06/1985,999000000172,8800000172,CS408800000172,BV Hùng Vương,01/01/2026,31/12/2026,"80 Nguyễn Hữu Cảnh, Q.3, TP.HCM",0900000172,ngo.ngoc.yen.000172@cybersoft.demo,Accounting,Marketing Executive,27/08/2025,Xác định thời hạn,12.000.000 VND,CS-ACA-000172_The_BHYT_Demo.png,CS-ACA-000172_Phieu_Thong_Tin_Nhan_Vien.pdf,DA_DOI_SOAT
CS-ACA-000173,Dương Minh Kiệt,Nam,21/07/1985,999000000173,8800000173,CS408800000173,BV Trưng Vương,01/01/2026,31/12/2026,"87 Pasteur, Q.5, TP.HCM",0900000173,duong.minh.kiet.000173@cybersoft.demo,IT,HR Executive,03/10/2025,Không xác định thời hạn,13.500.000 VND,CS-ACA-000173_The_BHYT_Demo.png,CS-ACA-000173_Phieu_Thong_Tin_Nhan_Vien.pdf,DA_DOI_SOAT
CS-ACA-000174,Lý Thu Yến,Nữ,27/08/1985,999000000174,8800000174,CS408800000174,BV Quận Phú Nhuận,01/01/2026,31/12/2026,"94 Bạch Đằng, Q.7, TP.HCM",0900000174,ly.thu.yen.000174@cybersoft.demo,Operations,Accountant,09/11/2025,Xác định thời hạn,15.000.000 VND,CS-ACA-000174_The_BHYT_Demo.png,CS-ACA-000174_Phieu_Thong_Tin_Nhan_Vien.pdf,DA_DOI_SOAT
CS-ACA-000175,Tạ Quốc Đăng,Nam,03/10/1985,999000000175,8800000175,CS408800000175,BV Đa khoa Sài Gòn,01/01/2026,31/12/2026,"101 Cao Thắng, Q.10, TP.HCM",0900000175,ta.quoc.dang.000175@cybersoft.demo,Customer Service,IT Support,16/12/2025,Không xác định thời hạn,16.500.000 VND,CS-ACA-000175_The_BHYT_Demo.png,CS-ACA-000175_Phieu_Thong_Tin_Nhan_Vien.pdf,DA_DOI_SOAT
CS-ACA-000176,Cao Thu Hương,Nữ,09/11/1985,999000000176,8800000176,CS408800000176,BV Quốc tế City,01/01/2026,31/12/2026,"108 Trường Sơn, Bình Thạnh, TP.HCM",0900000176,cao.thu.huong.000176@cybersoft.demo,Academic,Admin Officer,02/02/2024,Xác định thời hạn,18.000.000 VND,CS-ACA-000176_The_BHYT_Demo.png,CS-ACA-000176_Phieu_Thong_Tin_Nhan_Vien.pdf,DA_DOI_SOAT
CS-ACA-000177,Mai Hoàng Đăng,Nam,16/12/1985,999000000177,8800000177,CS408800000177,BV Quận 4,01/01/2026,31/12/2026,"115 Nguyễn Kiệm, Tân Bình, TP.HCM",0900000177,mai.hoang.dang.000177@cybersoft.demo,Sales,Training Coordinator,10/03/2024,Không xác định thời hạn,19.500.000 VND,CS-ACA-000177_The_BHYT_Demo.png,CS-ACA-000177_Phieu_Thong_Tin_Nhan_Vien.pdf,DA_DOI_SOAT
CS-ACA-000178,Đinh Thanh Hương,Nữ,22/01/1986,999000000178,8800000178,CS408800000178,BV Quận 5,01/01/2026,31/12/2026,"122 An Dương Vương, Phú Nhuận, TP.HCM",0900000178,dinh.thanh.huong.000178@cybersoft.demo,Marketing,Customer Service Officer,16/04/2024,Xác định thời hạn,21.000.000 VND,CS-ACA-000178_The_BHYT_Demo.png,CS-ACA-000178_Phieu_Thong_Tin_Nhan_Vien.pdf,DA_DOI_SOAT
CS-ACA-000179,Trương Hoàng Đăng,Nam,28/02/1986,999000000179,8800000179,CS408800000179,BV Quận Gò Vấp,01/01/2026,31/12/2026,"129 Nguyễn Văn Linh, Gò Vấp, TP.HCM",0900000179,truong.hoang.dang.000179@cybersoft.demo,HR,Data Assistant,23/05/2024,Không xác định thời hạn,22.500.000 VND,CS-ACA-000179_The_BHYT_Demo.png,CS-ACA-000179_Phieu_Thong_Tin_Nhan_Vien.pdf,DA_DOI_SOAT
CS-ACA-000180,Nguyễn Mỹ Anh,Nữ,06/04/1986,999000000180,8800000180,CS408800000180,BV Nhân dân 115,01/01/2026,31/12/2026,"136 Nguyễn Đình Chiểu, Q.1, TP.HCM",0900000180,nguyen.my.anh.000180@cybersoft.demo,Accounting,Mentor,29/06/2024,Xác định thời hạn,24.000.000 VND,CS-ACA-000180_The_BHYT_Demo.png,CS-ACA-000180_Phieu_Thong_Tin_Nhan_Vien.pdf,DA_DOI_SOAT
CS-ACA-000181,Trần Đức An,Nam,13/05/1986,999000000181,8800000181,CS408800000181,BV Quận 1,01/01/2026,31/12/2026,"143 Lê Văn Sỹ, Q.3, TP.HCM",0900000181,tran.duc.an.000181@cybersoft.demo,IT,Sales Executive,05/08/2024,Không xác định thời hạn,12.000.000 VND,CS-ACA-000181_The_BHYT_Demo.png,CS-ACA-000181_Phieu_Thong_Tin_Nhan_Vien.pdf,DA_DOI_SOAT
CS-ACA-000182,Lê Mỹ Anh,Nữ,19/06/1986,999000000182,8800000182,CS408800000182,BV Đại học Y Dược TP.HCM,01/01/2026,31/12/2026,"150 Cách Mạng Tháng 8, Q.5, TP.HCM",0900000182,le.my.anh.000182@cybersoft.demo,Operations,Marketing Executive,11/09/2024,Xác định thời hạn,13.500.000 VND,CS-ACA-000182_The_BHYT_Demo.png,CS-ACA-000182_Phieu_Thong_Tin_Nhan_Vien.pdf,DA_DOI_SOAT
CS-ACA-000183,Phạm Hải An,Nam,26/07/1986,999000000183,8800000183,CS408800000183,BV Chợ Rẫy,01/01/2026,31/12/2026,"157 Nguyễn Thị Minh Khai, Q.7, TP.HCM",0900000183,pham.hai.an.000183@cybersoft.demo,Customer Service,HR Executive,18/10/2024,Không xác định thời hạn,15.000.000 VND,CS-ACA-000183_The_BHYT_Demo.png,CS-ACA-000183_Phieu_Thong_Tin_Nhan_Vien.pdf,DA_DOI_SOAT
CS-ACA-000184,Hoàng Lan Anh,Nữ,01/09/1986,999000000184,8800000184,CS408800000184,BV Thống Nhất,01/01/2026,31/12/2026,"164 Điện Biên Phủ, Q.10, TP.HCM",0900000184,hoang.lan.anh.000184@cybersoft.demo,Academic,Accountant,24/11/2024,Xác định thời hạn,16.500.000 VND,CS-ACA-000184_The_BHYT_Demo.png,CS-ACA-000184_Phieu_Thong_Tin_Nhan_Vien.pdf,DA_DOI_SOAT
CS-ACA-000185,Huỳnh Hải Bình,Nam,08/10/1986,999000000185,8800000185,CS408800000185,BV Gia Định,01/01/2026,31/12/2026,"171 Hoàng Văn Thụ, Bình Thạnh, TP.HCM",0900000185,huynh.hai.binh.000185@cybersoft.demo,Sales,IT Support,31/12/2024,Không xác định thời hạn,18.000.000 VND,CS-ACA-000185_The_BHYT_Demo.png,CS-ACA-000185_Phieu_Thong_Tin_Nhan_Vien.pdf,DA_DOI_SOAT
CS-ACA-000186,Võ Phương Châu,Nữ,14/11/1986,999000000186,8800000186,CS408800000186,BV Nguyễn Tri Phương,01/01/2026,31/12/2026,"178 Trần Hưng Đạo, Tân Bình, TP.HCM",0900000186,vo.phuong.chau.000186@cybersoft.demo,Marketing,Admin Officer,06/02/2025,Xác định thời hạn,19.500.000 VND,CS-ACA-000186_The_BHYT_Demo.png,CS-ACA-000186_Phieu_Thong_Tin_Nhan_Vien.pdf,DA_DOI_SOAT
CS-ACA-000187,Vũ Tuấn Bình,Nam,21/12/1986,999000000187,8800000187,CS408800000187,BV Quận 3,01/01/2026,31/12/2026,"185 Nguyễn Văn Cừ, Phú Nhuận, TP.HCM",0900000187,vu.tuan.binh.000187@cybersoft.demo,HR,Training Coordinator,15/03/2025,Không xác định thời hạn,21.000.000 VND,CS-ACA-000187_The_BHYT_Demo.png,CS-ACA-000187_Phieu_Thong_Tin_Nhan_Vien.pdf,DA_DOI_SOAT
CS-ACA-000188,Đặng Phương Châu,Nữ,27/01/1987,999000000188,8800000188,CS408800000188,BV Tân Bình,01/01/2026,31/12/2026,"192 Nguyễn Trãi, Gò Vấp, TP.HCM",0900000188,dang.phuong.chau.000188@cybersoft.demo,Accounting,Customer Service Officer,21/04/2025,Xác định thời hạn,22.500.000 VND,CS-ACA-000188_The_BHYT_Demo.png,CS-ACA-000188_Phieu_Thong_Tin_Nhan_Vien.pdf,DA_DOI_SOAT
CS-ACA-000189,Bùi Gia Bình,Nam,05/03/1987,999000000189,8800000189,CS408800000189,BV Bình Thạnh,01/01/2026,31/12/2026,"10 Phan Xích Long, Q.1, TP.HCM",0900000189,bui.gia.binh.000189@cybersoft.demo,IT,Data Assistant,28/05/2025,Không xác định thời hạn,24.000.000 VND,CS-ACA-000189_The_BHYT_Demo.png,CS-ACA-000189_Phieu_Thong_Tin_Nhan_Vien.pdf,DA_DOI_SOAT
CS-ACA-000190,Đỗ Thảo Duyên,Nữ,11/04/1987,999000000190,8800000190,CS408800000190,BV Quận 10,01/01/2026,31/12/2026,"17 Võ Văn Tần, Q.3, TP.HCM",0900000190,do.thao.duyen.000190@cybersoft.demo,Operations,Mentor,04/07/2025,Xác định thời hạn,12.000.000 VND,CS-ACA-000190_The_BHYT_Demo.png,CS-ACA-000190_Phieu_Thong_Tin_Nhan_Vien.pdf,DA_DOI_SOAT
CS-ACA-000191,Hồ Gia Dũng,Nam,18/05/1987,999000000191,8800000191,CS408800000191,BV Quận 7,01/01/2026,31/12/2026,"24 Lý Thường Kiệt, Q.5, TP.HCM",0900000191,ho.gia.dung.000191@cybersoft.demo,Customer Service,Sales Executive,10/08/2025,Không xác định thời hạn,13.500.000 VND,CS-ACA-000191_The_BHYT_Demo.png,CS-ACA-000191_Phieu_Thong_Tin_Nhan_Vien.pdf,DA_DOI_SOAT
CS-ACA-000192,Ngô Thị Duyên,Nữ,24/06/1987,999000000192,8800000192,CS408800000192,BV Hùng Vương,01/01/2026,31/12/2026,"31 Nguyễn Hữu Cảnh, Q.7, TP.HCM",0900000192,ngo.thi.duyen.000192@cybersoft.demo,Academic,Marketing Executive,16/09/2025,Xác định thời hạn,15.000.000 VND,CS-ACA-000192_The_BHYT_Demo.png,CS-ACA-000192_Phieu_Thong_Tin_Nhan_Vien.pdf,DA_DOI_SOAT
CS-ACA-000193,Dương Văn Dũng,Nam,31/07/1987,999000000193,8800000193,CS408800000193,BV Trưng Vương,01/01/2026,31/12/2026,"38 Pasteur, Q.10, TP.HCM",0900000193,duong.van.dung.000193@cybersoft.demo,Sales,HR Executive,23/10/2025,Không xác định thời hạn,16.500.000 VND,CS-ACA-000193_The_BHYT_Demo.png,CS-ACA-000193_Phieu_Thong_Tin_Nhan_Vien.pdf,DA_DOI_SOAT
CS-ACA-000194,Lý Thị Duyên,Nữ,06/09/1987,999000000194,8800000194,CS408800000194,BV Quận Phú Nhuận,01/01/2026,31/12/2026,"45 Bạch Đằng, Bình Thạnh, TP.HCM",0900000194,ly.thi.duyen.000194@cybersoft.demo,Marketing,Accountant,29/11/2025,Xác định thời hạn,18.000.000 VND,CS-ACA-000194_The_BHYT_Demo.png,CS-ACA-000194_Phieu_Thong_Tin_Nhan_Vien.pdf,DA_DOI_SOAT
CS-ACA-000195,Tạ Minh Huy,Nam,13/10/1987,999000000195,8800000195,CS408800000195,BV Đa khoa Sài Gòn,01/01/2026,31/12/2026,"52 Cao Thắng, Tân Bình, TP.HCM",0900000195,ta.minh.huy.000195@cybersoft.demo,HR,IT Support,16/01/2024,Không xác định thời hạn,19.500.000 VND,CS-ACA-000195_The_BHYT_Demo.png,CS-ACA-000195_Phieu_Thong_Tin_Nhan_Vien.pdf,DA_DOI_SOAT
CS-ACA-000196,Cao Ngọc Hà,Nữ,19/11/1987,999000000196,8800000196,CS408800000196,BV Quốc tế City,01/01/2026,31/12/2026,"59 Trường Sơn, Phú Nhuận, TP.HCM",0900000196,cao.ngoc.ha.000196@cybersoft.demo,Accounting,Admin Officer,22/02/2024,Xác định thời hạn,21.000.000 VND,CS-ACA-000196_The_BHYT_Demo.png,CS-ACA-000196_Phieu_Thong_Tin_Nhan_Vien.pdf,DA_DOI_SOAT
CS-ACA-000197,Mai Minh Huy,Nam,26/12/1987,999000000197,8800000197,CS408800000197,BV Quận 4,01/01/2026,31/12/2026,"66 Nguyễn Kiệm, Gò Vấp, TP.HCM",0900000197,mai.minh.huy.000197@cybersoft.demo,IT,Training Coordinator,30/03/2024,Không xác định thời hạn,22.500.000 VND,CS-ACA-000197_The_BHYT_Demo.png,CS-ACA-000197_Phieu_Thong_Tin_Nhan_Vien.pdf,DA_DOI_SOAT
CS-ACA-000198,Đinh Thu Hà,Nữ,01/02/1988,999000000198,8800000198,CS408800000198,BV Quận 5,01/01/2026,31/12/2026,"73 An Dương Vương, Q.1, TP.HCM",0900000198,dinh.thu.ha.000198@cybersoft.demo,Operations,Customer Service Officer,06/05/2024,Xác định thời hạn,24.000.000 VND,CS-ACA-000198_The_BHYT_Demo.png,CS-ACA-000198_Phieu_Thong_Tin_Nhan_Vien.pdf,DA_DOI_SOAT
CS-ACA-000199,Trương Quốc Huy,Nam,09/03/1988,999000000199,8800000199,CS408800000199,BV Quận Gò Vấp,01/01/2026,31/12/2026,"80 Nguyễn Văn Linh, Q.3, TP.HCM",0900000199,truong.quoc.huy.000199@cybersoft.demo,Customer Service,Data Assistant,12/06/2024,Không xác định thời hạn,12.000.000 VND,CS-ACA-000199_The_BHYT_Demo.png,CS-ACA-000199_Phieu_Thong_Tin_Nhan_Vien.pdf,DA_DOI_SOAT
CS-ACA-000200,Nguyễn Thu Linh,Nữ,15/04/1988,999000000200,8800000200,CS408800000200,BV Nhân dân 115,01/01/2026,31/12/2026,"87 Nguyễn Đình Chiểu, Q.5, TP.HCM",0900000200,nguyen.thu.linh.000200@cybersoft.demo,Academic,Mentor,19/07/2024,Xác định thời hạn,13.500.000 VND,CS-ACA-000200_The_BHYT_Demo.png,CS-ACA-000200_Phieu_Thong_Tin_Nhan_Vien.pdf,DA_DOI_SOAT
CS-ACA-000201,Trần Hoàng Khoa,Nam,22/05/1988,999000000201,8800000201,CS408800000201,BV Quận 1,01/01/2026,31/12/2026,"94 Lê Văn Sỹ, Q.7, TP.HCM",0900000201,tran.hoang.khoa.000201@cybersoft.demo,Sales,Sales Executive,25/08/2024,Không xác định thời hạn,15.000.000 VND,CS-ACA-000201_The_BHYT_Demo.png,CS-ACA-000201_Phieu_Thong_Tin_Nhan_Vien.pdf,DA_DOI_SOAT
CS-ACA-000202,Lê Thanh Linh,Nữ,28/06/1988,999000000202,8800000202,CS408800000202,BV Đại học Y Dược TP.HCM,01/01/2026,31/12/2026,"101 Cách Mạng Tháng 8, Q.10, TP.HCM",0900000202,le.thanh.linh.000202@cybersoft.demo,Marketing,Marketing Executive,01/10/2024,Xác định thời hạn,16.500.000 VND,CS-ACA-000202_The_BHYT_Demo.png,CS-ACA-000202_Phieu_Thong_Tin_Nhan_Vien.pdf,DA_DOI_SOAT
CS-ACA-000203,Phạm Hoàng Khoa,Nam,04/08/1988,999000000203,8800000203,CS408800000203,BV Chợ Rẫy,01/01/2026,31/12/2026,"108 Nguyễn Thị Minh Khai, Bình Thạnh, TP.HCM",0900000203,pham.hoang.khoa.000203@cybersoft.demo,HR,HR Executive,07/11/2024,Không xác định thời hạn,18.000.000 VND,CS-ACA-000203_The_BHYT_Demo.png,CS-ACA-000203_Phieu_Thong_Tin_Nhan_Vien.pdf,DA_DOI_SOAT
CS-ACA-000204,Hoàng Mỹ Linh,Nữ,10/09/1988,999000000204,8800000204,CS408800000204,BV Thống Nhất,01/01/2026,31/12/2026,"115 Điện Biên Phủ, Tân Bình, TP.HCM",0900000204,hoang.my.linh.000204@cybersoft.demo,Accounting,Accountant,14/12/2024,Xác định thời hạn,19.500.000 VND,CS-ACA-000204_The_BHYT_Demo.png,CS-ACA-000204_Phieu_Thong_Tin_Nhan_Vien.pdf,DA_DOI_SOAT
CS-ACA-000205,Huỳnh Đức Long,Nam,17/10/1988,999000000205,8800000205,CS408800000205,BV Gia Định,01/01/2026,31/12/2026,"122 Hoàng Văn Thụ, Phú Nhuận, TP.HCM",0900000205,huynh.duc.long.000205@cybersoft.demo,IT,IT Support,20/01/2025,Không xác định thời hạn,21.000.000 VND,CS-ACA-000205_The_BHYT_Demo.png,CS-ACA-000205_Phieu_Thong_Tin_Nhan_Vien.pdf,DA_DOI_SOAT
CS-ACA-000206,Võ Mỹ Mai,Nữ,23/11/1988,999000000206,8800000206,CS408800000206,BV Nguyễn Tri Phương,01/01/2026,31/12/2026,"129 Trần Hưng Đạo, Gò Vấp, TP.HCM",0900000206,vo.my.mai.000206@cybersoft.demo,Operations,Admin Officer,26/02/2025,Xác định thời hạn,22.500.000 VND,CS-ACA-000206_The_BHYT_Demo.png,CS-ACA-000206_Phieu_Thong_Tin_Nhan_Vien.pdf,DA_DOI_SOAT
CS-ACA-000207,Vũ Hải Long,Nam,30/12/1988,999000000207,8800000207,CS408800000207,BV Quận 3,01/01/2026,31/12/2026,"136 Nguyễn Văn Cừ, Q.1, TP.HCM",0900000207,vu.hai.long.000207@cybersoft.demo,Customer Service,Training Coordinator,04/04/2025,Không xác định thời hạn,24.000.000 VND,CS-ACA-000207_The_BHYT_Demo.png,CS-ACA-000207_Phieu_Thong_Tin_Nhan_Vien.pdf,DA_DOI_SOAT
CS-ACA-000208,Đặng Lan Mai,Nữ,05/02/1989,999000000208,8800000208,CS408800000208,BV Tân Bình,01/01/2026,31/12/2026,"143 Nguyễn Trãi, Q.3, TP.HCM",0900000208,dang.lan.mai.000208@cybersoft.demo,Academic,Customer Service Officer,11/05/2025,Xác định thời hạn,12.000.000 VND,CS-ACA-000208_The_BHYT_Demo.png,CS-ACA-000208_Phieu_Thong_Tin_Nhan_Vien.pdf,DA_DOI_SOAT
CS-ACA-000209,Bùi Hải Long,Nam,14/03/1989,999000000209,8800000209,CS408800000209,BV Bình Thạnh,01/01/2026,31/12/2026,"150 Phan Xích Long, Q.5, TP.HCM",0900000209,bui.hai.long.000209@cybersoft.demo,Sales,Data Assistant,17/06/2025,Không xác định thời hạn,13.500.000 VND,CS-ACA-000209_The_BHYT_Demo.png,CS-ACA-000209_Phieu_Thong_Tin_Nhan_Vien.pdf,DA_DOI_SOAT
CS-ACA-000210,Đỗ Phương Nhi,Nữ,20/04/1989,999000000210,8800000210,CS408800000210,BV Quận 10,01/01/2026,31/12/2026,"157 Võ Văn Tần, Q.7, TP.HCM",0900000210,do.phuong.nhi.000210@cybersoft.demo,Marketing,Mentor,24/07/2025,Xác định thời hạn,15.000.000 VND,CS-ACA-000210_The_BHYT_Demo.png,CS-ACA-000210_Phieu_Thong_Tin_Nhan_Vien.pdf,DA_DOI_SOAT
CS-ACA-000211,Hồ Tuấn Minh,Nam,27/05/1989,999000000211,8800000211,CS408800000211,BV Quận 7,01/01/2026,31/12/2026,"164 Lý Thường Kiệt, Q.10, TP.HCM",0900000211,ho.tuan.minh.000211@cybersoft.demo,HR,Sales Executive,30/08/2025,Không xác định thời hạn,16.500.000 VND,CS-ACA-000211_The_BHYT_Demo.png,CS-ACA-000211_Phieu_Thong_Tin_Nhan_Vien.pdf,DA_DOI_SOAT
CS-ACA-000212,Ngô Phương Nhi,Nữ,03/07/1989,999000000212,8800000212,CS408800000212,BV Hùng Vương,01/01/2026,31/12/2026,"171 Nguyễn Hữu Cảnh, Bình Thạnh, TP.HCM",0900000212,ngo.phuong.nhi.000212@cybersoft.demo,Accounting,Marketing Executive,06/10/2025,Xác định thời hạn,18.000.000 VND,CS-ACA-000212_The_BHYT_Demo.png,CS-ACA-000212_Phieu_Thong_Tin_Nhan_Vien.pdf,DA_DOI_SOAT
CS-ACA-000213,Dương Gia Minh,Nam,09/08/1989,999000000213,8800000213,CS408800000213,BV Trưng Vương,01/01/2026,31/12/2026,"178 Pasteur, Tân Bình, TP.HCM",0900000213,duong.gia.minh.000213@cybersoft.demo,IT,HR Executive,12/11/2025,Không xác định thời hạn,19.500.000 VND,CS-ACA-000213_The_BHYT_Demo.png,CS-ACA-000213_Phieu_Thong_Tin_Nhan_Vien.pdf,DA_DOI_SOAT
CS-ACA-000214,Lý Thảo Nhi,Nữ,15/09/1989,999000000214,8800000214,CS408800000214,BV Quận Phú Nhuận,01/01/2026,31/12/2026,"185 Bạch Đằng, Phú Nhuận, TP.HCM",0900000214,ly.thao.nhi.000214@cybersoft.demo,Operations,Accountant,19/12/2025,Xác định thời hạn,21.000.000 VND,CS-ACA-000214_The_BHYT_Demo.png,CS-ACA-000214_Phieu_Thong_Tin_Nhan_Vien.pdf,DA_DOI_SOAT
CS-ACA-000215,Tạ Gia Nam,Nam,22/10/1989,999000000215,8800000215,CS408800000215,BV Đa khoa Sài Gòn,01/01/2026,31/12/2026,"192 Cao Thắng, Gò Vấp, TP.HCM",0900000215,ta.gia.nam.000215@cybersoft.demo,Customer Service,IT Support,05/02/2024,Không xác định thời hạn,22.500.000 VND,CS-ACA-000215_The_BHYT_Demo.png,CS-ACA-000215_Phieu_Thong_Tin_Nhan_Vien.pdf,DA_DOI_SOAT
CS-ACA-000216,Cao Thị Ngọc,Nữ,28/11/1989,999000000216,8800000216,CS408800000216,BV Quốc tế City,01/01/2026,31/12/2026,"10 Trường Sơn, Q.1, TP.HCM",0900000216,cao.thi.ngoc.000216@cybersoft.demo,Academic,Admin Officer,13/03/2024,Xác định thời hạn,24.000.000 VND,CS-ACA-000216_The_BHYT_Demo.png,CS-ACA-000216_Phieu_Thong_Tin_Nhan_Vien.pdf,DA_DOI_SOAT
CS-ACA-000217,Mai Văn Nam,Nam,04/01/1990,999000000217,8800000217,CS408800000217,BV Quận 4,01/01/2026,31/12/2026,"17 Nguyễn Kiệm, Q.3, TP.HCM",0900000217,mai.van.nam.000217@cybersoft.demo,Sales,Training Coordinator,19/04/2024,Không xác định thời hạn,12.000.000 VND,CS-ACA-000217_The_BHYT_Demo.png,CS-ACA-000217_Phieu_Thong_Tin_Nhan_Vien.pdf,DA_DOI_SOAT
CS-ACA-000218,Đinh Thị Ngọc,Nữ,10/02/1990,999000000218,8800000218,CS408800000218,BV Quận 5,01/01/2026,31/12/2026,"24 An Dương Vương, Q.5, TP.HCM",0900000218,dinh.thi.ngoc.000218@cybersoft.demo,Marketing,Customer Service Officer,26/05/2024,Xác định thời hạn,13.500.000 VND,CS-ACA-000218_The_BHYT_Demo.png,CS-ACA-000218_Phieu_Thong_Tin_Nhan_Vien.pdf,DA_DOI_SOAT
CS-ACA-000219,Trương Minh Nam,Nam,19/03/1990,999000000219,8800000219,CS408800000219,BV Quận Gò Vấp,01/01/2026,31/12/2026,"31 Nguyễn Văn Linh, Q.7, TP.HCM",0900000219,truong.minh.nam.000219@cybersoft.demo,HR,Data Assistant,02/07/2024,Không xác định thời hạn,15.000.000 VND,CS-ACA-000219_The_BHYT_Demo.png,CS-ACA-000219_Phieu_Thong_Tin_Nhan_Vien.pdf,DA_DOI_SOAT
CS-ACA-000220,Nguyễn Ngọc Trúc,Nữ,25/04/1990,999000000220,8800000220,CS408800000220,BV Nhân dân 115,01/01/2026,31/12/2026,"38 Nguyễn Đình Chiểu, Q.10, TP.HCM",0900000220,nguyen.ngoc.truc.000220@cybersoft.demo,Accounting,Mentor,08/08/2024,Xác định thời hạn,16.500.000 VND,CS-ACA-000220_The_BHYT_Demo.png,CS-ACA-000220_Phieu_Thong_Tin_Nhan_Vien.pdf,DA_DOI_SOAT
CS-ACA-000221,Trần Minh Quân,Nam,01/06/1990,999000000221,8800000221,CS408800000221,BV Quận 1,01/01/2026,31/12/2026,"45 Lê Văn Sỹ, Bình Thạnh, TP.HCM",0900000221,tran.minh.quan.000221@cybersoft.demo,IT,Sales Executive,14/09/2024,Không xác định thời hạn,18.000.000 VND,CS-ACA-000221_The_BHYT_Demo.png,CS-ACA-000221_Phieu_Thong_Tin_Nhan_Vien.pdf,DA_DOI_SOAT
CS-ACA-000222,Lê Thu Trúc,Nữ,08/07/1990,999000000222,8800000222,CS408800000222,BV Đại học Y Dược TP.HCM,01/01/2026,31/12/2026,"52 Cách Mạng Tháng 8, Tân Bình, TP.HCM",0900000222,le.thu.truc.000222@cybersoft.demo,Operations,Marketing Executive,21/10/2024,Xác định thời hạn,19.500.000 VND,CS-ACA-000222_The_BHYT_Demo.png,CS-ACA-000222_Phieu_Thong_Tin_Nhan_Vien.pdf,DA_DOI_SOAT
CS-ACA-000223,Phạm Quốc Quân,Nam,14/08/1990,999000000223,8800000223,CS408800000223,BV Chợ Rẫy,01/01/2026,31/12/2026,"59 Nguyễn Thị Minh Khai, Phú Nhuận, TP.HCM",0900000223,pham.quoc.quan.000223@cybersoft.demo,Customer Service,HR Executive,27/11/2024,Không xác định thời hạn,21.000.000 VND,CS-ACA-000223_The_BHYT_Demo.png,CS-ACA-000223_Phieu_Thong_Tin_Nhan_Vien.pdf,DA_DOI_SOAT
CS-ACA-000224,Hoàng Thu Trúc,Nữ,20/09/1990,999000000224,8800000224,CS408800000224,BV Thống Nhất,01/01/2026,31/12/2026,"66 Điện Biên Phủ, Gò Vấp, TP.HCM",0900000224,hoang.thu.truc.000224@cybersoft.demo,Academic,Accountant,03/01/2025,Xác định thời hạn,22.500.000 VND,CS-ACA-000224_The_BHYT_Demo.png,CS-ACA-000224_Phieu_Thong_Tin_Nhan_Vien.pdf,DA_DOI_SOAT
CS-ACA-000225,Huỳnh Hoàng Sơn,Nam,27/10/1990,999000000225,8800000225,CS408800000225,BV Gia Định,01/01/2026,31/12/2026,"73 Hoàng Văn Thụ, Q.1, TP.HCM",0900000225,huynh.hoang.son.000225@cybersoft.demo,Sales,IT Support,09/02/2025,Không xác định thời hạn,24.000.000 VND,CS-ACA-000225_The_BHYT_Demo.png,CS-ACA-000225_Phieu_Thong_Tin_Nhan_Vien.pdf,DA_DOI_SOAT
CS-ACA-000226,Võ Thanh Vy,Nữ,03/12/1990,999000000226,8800000226,CS408800000226,BV Nguyễn Tri Phương,01/01/2026,31/12/2026,"80 Trần Hưng Đạo, Q.3, TP.HCM",0900000226,vo.thanh.vy.000226@cybersoft.demo,Marketing,Admin Officer,18/03/2025,Xác định thời hạn,12.000.000 VND,CS-ACA-000226_The_BHYT_Demo.png,CS-ACA-000226_Phieu_Thong_Tin_Nhan_Vien.pdf,DA_DOI_SOAT
CS-ACA-000227,Vũ Hoàng Sơn,Nam,09/01/1991,999000000227,8800000227,CS408800000227,BV Quận 3,01/01/2026,31/12/2026,"87 Nguyễn Văn Cừ, Q.5, TP.HCM",0900000227,vu.hoang.son.000227@cybersoft.demo,HR,Training Coordinator,24/04/2025,Không xác định thời hạn,13.500.000 VND,CS-ACA-000227_The_BHYT_Demo.png,CS-ACA-000227_Phieu_Thong_Tin_Nhan_Vien.pdf,DA_DOI_SOAT
CS-ACA-000228,Đặng Mỹ Vy,Nữ,15/02/1991,999000000228,8800000228,CS408800000228,BV Tân Bình,01/01/2026,31/12/2026,"94 Nguyễn Trãi, Q.7, TP.HCM",0900000228,dang.my.vy.000228@cybersoft.demo,Accounting,Customer Service Officer,31/05/2025,Xác định thời hạn,15.000.000 VND,CS-ACA-000228_The_BHYT_Demo.png,CS-ACA-000228_Phieu_Thong_Tin_Nhan_Vien.pdf,DA_DOI_SOAT
CS-ACA-000229,Bùi Đức Sơn,Nam,24/03/1991,999000000229,8800000229,CS408800000229,BV Bình Thạnh,01/01/2026,31/12/2026,"101 Phan Xích Long, Q.10, TP.HCM",0900000229,bui.duc.son.000229@cybersoft.demo,IT,Data Assistant,07/07/2025,Không xác định thời hạn,16.500.000 VND,CS-ACA-000229_The_BHYT_Demo.png,CS-ACA-000229_Phieu_Thong_Tin_Nhan_Vien.pdf,DA_DOI_SOAT
CS-ACA-000230,Đỗ Mỹ Yến,Nữ,30/04/1991,999000000230,8800000230,CS408800000230,BV Quận 10,01/01/2026,31/12/2026,"108 Võ Văn Tần, Bình Thạnh, TP.HCM",0900000230,do.my.yen.000230@cybersoft.demo,Operations,Mentor,13/08/2025,Xác định thời hạn,18.000.000 VND,CS-ACA-000230_The_BHYT_Demo.png,CS-ACA-000230_Phieu_Thong_Tin_Nhan_Vien.pdf,DA_DOI_SOAT
CS-ACA-000231,Hồ Hải Kiệt,Nam,06/06/1991,999000000231,8800000231,CS408800000231,BV Quận 7,01/01/2026,31/12/2026,"115 Lý Thường Kiệt, Tân Bình, TP.HCM",0900000231,ho.hai.kiet.000231@cybersoft.demo,Customer Service,Sales Executive,19/09/2025,Không xác định thời hạn,19.500.000 VND,CS-ACA-000231_The_BHYT_Demo.png,CS-ACA-000231_Phieu_Thong_Tin_Nhan_Vien.pdf,DA_DOI_SOAT
CS-ACA-000232,Ngô Lan Yến,Nữ,13/07/1991,999000000232,8800000232,CS408800000232,BV Hùng Vương,01/01/2026,31/12/2026,"122 Nguyễn Hữu Cảnh, Phú Nhuận, TP.HCM",0900000232,ngo.lan.yen.000232@cybersoft.demo,Academic,Marketing Executive,26/10/2025,Xác định thời hạn,21.000.000 VND,CS-ACA-000232_The_BHYT_Demo.png,CS-ACA-000232_Phieu_Thong_Tin_Nhan_Vien.pdf,DA_DOI_SOAT
CS-ACA-000233,Dương Hải Kiệt,Nam,19/08/1991,999000000233,8800000233,CS408800000233,BV Trưng Vương,01/01/2026,31/12/2026,"129 Pasteur, Gò Vấp, TP.HCM",0900000233,duong.hai.kiet.000233@cybersoft.demo,Sales,HR Executive,02/12/2025,Không xác định thời hạn,22.500.000 VND,CS-ACA-000233_The_BHYT_Demo.png,CS-ACA-000233_Phieu_Thong_Tin_Nhan_Vien.pdf,DA_DOI_SOAT
CS-ACA-000234,Lý Phương Yến,Nữ,25/09/1991,999000000234,8800000234,CS408800000234,BV Quận Phú Nhuận,01/01/2026,31/12/2026,"136 Bạch Đằng, Q.1, TP.HCM",0900000234,ly.phuong.yen.000234@cybersoft.demo,Marketing,Accountant,19/01/2024,Xác định thời hạn,24.000.000 VND,CS-ACA-000234_The_BHYT_Demo.png,CS-ACA-000234_Phieu_Thong_Tin_Nhan_Vien.pdf,DA_DOI_SOAT
CS-ACA-000235,Tạ Tuấn Đăng,Nam,01/11/1991,999000000235,8800000235,CS408800000235,BV Đa khoa Sài Gòn,01/01/2026,31/12/2026,"143 Cao Thắng, Q.3, TP.HCM",0900000235,ta.tuan.dang.000235@cybersoft.demo,HR,IT Support,25/02/2024,Không xác định thời hạn,12.000.000 VND,CS-ACA-000235_The_BHYT_Demo.png,CS-ACA-000235_Phieu_Thong_Tin_Nhan_Vien.pdf,DA_DOI_SOAT
CS-ACA-000236,Cao Phương Hương,Nữ,08/12/1991,999000000236,8800000236,CS408800000236,BV Quốc tế City,01/01/2026,31/12/2026,"150 Trường Sơn, Q.5, TP.HCM",0900000236,cao.phuong.huong.000236@cybersoft.demo,Accounting,Admin Officer,02/04/2024,Xác định thời hạn,13.500.000 VND,CS-ACA-000236_The_BHYT_Demo.png,CS-ACA-000236_Phieu_Thong_Tin_Nhan_Vien.pdf,DA_DOI_SOAT
CS-ACA-000237,Mai Gia Đăng,Nam,14/01/1992,999000000237,8800000237,CS408800000237,BV Quận 4,01/01/2026,31/12/2026,"157 Nguyễn Kiệm, Q.7, TP.HCM",0900000237,mai.gia.dang.000237@cybersoft.demo,IT,Training Coordinator,09/05/2024,Không xác định thời hạn,15.000.000 VND,CS-ACA-000237_The_BHYT_Demo.png,CS-ACA-000237_Phieu_Thong_Tin_Nhan_Vien.pdf,DA_DOI_SOAT
CS-ACA-000238,Đinh Thảo Hương,Nữ,20/02/1992,999000000238,8800000238,CS408800000238,BV Quận 5,01/01/2026,31/12/2026,"164 An Dương Vương, Q.10, TP.HCM",0900000238,dinh.thao.huong.000238@cybersoft.demo,Operations,Customer Service Officer,15/06/2024,Xác định thời hạn,16.500.000 VND,CS-ACA-000238_The_BHYT_Demo.png,CS-ACA-000238_Phieu_Thong_Tin_Nhan_Vien.pdf,DA_DOI_SOAT
CS-ACA-000239,Trương Gia Đăng,Nam,28/03/1992,999000000239,8800000239,CS408800000239,BV Quận Gò Vấp,01/01/2026,31/12/2026,"171 Nguyễn Văn Linh, Bình Thạnh, TP.HCM",0900000239,truong.gia.dang.000239@cybersoft.demo,Customer Service,Data Assistant,22/07/2024,Không xác định thời hạn,18.000.000 VND,CS-ACA-000239_The_BHYT_Demo.png,CS-ACA-000239_Phieu_Thong_Tin_Nhan_Vien.pdf,DA_DOI_SOAT
CS-ACA-000240,Nguyễn Thị Anh,Nữ,04/05/1992,999000000240,8800000240,CS408800000240,BV Nhân dân 115,01/01/2026,31/12/2026,"178 Nguyễn Đình Chiểu, Tân Bình, TP.HCM",0900000240,nguyen.thi.anh.000240@cybersoft.demo,Academic,Mentor,28/08/2024,Xác định thời hạn,19.500.000 VND,CS-ACA-000240_The_BHYT_Demo.png,CS-ACA-000240_Phieu_Thong_Tin_Nhan_Vien.pdf,DA_DOI_SOAT
CS-ACA-000241,Trần Văn An,Nam,10/06/1992,999000000241,8800000241,CS408800000241,BV Quận 1,01/01/2026,31/12/2026,"185 Lê Văn Sỹ, Phú Nhuận, TP.HCM",0900000241,tran.van.an.000241@cybersoft.demo,Sales,Sales Executive,04/10/2024,Không xác định thời hạn,21.000.000 VND,CS-ACA-000241_The_BHYT_Demo.png,CS-ACA-000241_Phieu_Thong_Tin_Nhan_Vien.pdf,DA_DOI_SOAT
CS-ACA-000242,Lê Thị Anh,Nữ,17/07/1992,999000000242,8800000242,CS408800000242,BV Đại học Y Dược TP.HCM,01/01/2026,31/12/2026,"192 Cách Mạng Tháng 8, Gò Vấp, TP.HCM",0900000242,le.thi.anh.000242@cybersoft.demo,Marketing,Marketing Executive,10/11/2024,Xác định thời hạn,22.500.000 VND,CS-ACA-000242_The_BHYT_Demo.png,CS-ACA-000242_Phieu_Thong_Tin_Nhan_Vien.pdf,DA_DOI_SOAT
CS-ACA-000243,Phạm Minh An,Nam,23/08/1992,999000000243,8800000243,CS408800000243,BV Chợ Rẫy,01/01/2026,31/12/2026,"10 Nguyễn Thị Minh Khai, Q.1, TP.HCM",0900000243,pham.minh.an.000243@cybersoft.demo,HR,HR Executive,17/12/2024,Không xác định thời hạn,24.000.000 VND,CS-ACA-000243_The_BHYT_Demo.png,CS-ACA-000243_Phieu_Thong_Tin_Nhan_Vien.pdf,DA_DOI_SOAT
CS-ACA-000244,Hoàng Ngọc Anh,Nữ,29/09/1992,999000000244,8800000244,CS408800000244,BV Thống Nhất,01/01/2026,31/12/2026,"17 Điện Biên Phủ, Q.3, TP.HCM",0900000244,hoang.ngoc.anh.000244@cybersoft.demo,Accounting,Accountant,23/01/2025,Xác định thời hạn,12.000.000 VND,CS-ACA-000244_The_BHYT_Demo.png,CS-ACA-000244_Phieu_Thong_Tin_Nhan_Vien.pdf,DA_DOI_SOAT
CS-ACA-000245,Huỳnh Minh Bình,Nam,05/11/1992,999000000245,8800000245,CS408800000245,BV Gia Định,01/01/2026,31/12/2026,"24 Hoàng Văn Thụ, Q.5, TP.HCM",0900000245,huynh.minh.binh.000245@cybersoft.demo,IT,IT Support,01/03/2025,Không xác định thời hạn,13.500.000 VND,CS-ACA-000245_The_BHYT_Demo.png,CS-ACA-000245_Phieu_Thong_Tin_Nhan_Vien.pdf,DA_DOI_SOAT
CS-ACA-000246,Võ Thu Châu,Nữ,12/12/1992,999000000246,8800000246,CS408800000246,BV Nguyễn Tri Phương,01/01/2026,31/12/2026,"31 Trần Hưng Đạo, Q.7, TP.HCM",0900000246,vo.thu.chau.000246@cybersoft.demo,Operations,Admin Officer,07/04/2025,Xác định thời hạn,15.000.000 VND,CS-ACA-000246_The_BHYT_Demo.png,CS-ACA-000246_Phieu_Thong_Tin_Nhan_Vien.pdf,DA_DOI_SOAT
CS-ACA-000247,Vũ Quốc Bình,Nam,18/01/1993,999000000247,8800000247,CS408800000247,BV Quận 3,01/01/2026,31/12/2026,"38 Nguyễn Văn Cừ, Q.10, TP.HCM",0900000247,vu.quoc.binh.000247@cybersoft.demo,Customer Service,Training Coordinator,14/05/2025,Không xác định thời hạn,16.500.000 VND,CS-ACA-000247_The_BHYT_Demo.png,CS-ACA-000247_Phieu_Thong_Tin_Nhan_Vien.pdf,DA_DOI_SOAT
CS-ACA-000248,Đặng Thu Châu,Nữ,24/02/1993,999000000248,8800000248,CS408800000248,BV Tân Bình,01/01/2026,31/12/2026,"45 Nguyễn Trãi, Bình Thạnh, TP.HCM",0900000248,dang.thu.chau.000248@cybersoft.demo,Academic,Customer Service Officer,20/06/2025,Xác định thời hạn,18.000.000 VND,CS-ACA-000248_The_BHYT_Demo.png,CS-ACA-000248_Phieu_Thong_Tin_Nhan_Vien.pdf,DA_DOI_SOAT
CS-ACA-000249,Bùi Hoàng Bình,Nam,02/04/1993,999000000249,8800000249,CS408800000249,BV Bình Thạnh,01/01/2026,31/12/2026,"52 Phan Xích Long, Tân Bình, TP.HCM",0900000249,bui.hoang.binh.000249@cybersoft.demo,Sales,Data Assistant,27/07/2025,Không xác định thời hạn,19.500.000 VND,CS-ACA-000249_The_BHYT_Demo.png,CS-ACA-000249_Phieu_Thong_Tin_Nhan_Vien.pdf,DA_DOI_SOAT
CS-ACA-000250,Đỗ Thanh Duyên,Nữ,09/05/1993,999000000250,8800000250,CS408800000250,BV Quận 10,01/01/2026,31/12/2026,"59 Võ Văn Tần, Phú Nhuận, TP.HCM",0900000250,do.thanh.duyen.000250@cybersoft.demo,Marketing,Mentor,02/09/2025,Xác định thời hạn,21.000.000 VND,CS-ACA-000250_The_BHYT_Demo.png,CS-ACA-000250_Phieu_Thong_Tin_Nhan_Vien.pdf,DA_DOI_SOAT
CS-ACA-000251,Hồ Hoàng Dũng,Nam,15/06/1993,999000000251,8800000251,CS408800000251,BV Quận 7,01/01/2026,31/12/2026,"66 Lý Thường Kiệt, Gò Vấp, TP.HCM",0900000251,ho.hoang.dung.000251@cybersoft.demo,HR,Sales Executive,09/10/2025,Không xác định thời hạn,22.500.000 VND,CS-ACA-000251_The_BHYT_Demo.png,CS-ACA-000251_Phieu_Thong_Tin_Nhan_Vien.pdf,DA_DOI_SOAT
CS-ACA-000252,Ngô Mỹ Duyên,Nữ,22/07/1993,999000000252,8800000252,CS408800000252,BV Hùng Vương,01/01/2026,31/12/2026,"73 Nguyễn Hữu Cảnh, Q.1, TP.HCM",0900000252,ngo.my.duyen.000252@cybersoft.demo,Accounting,Marketing Executive,15/11/2025,Xác định thời hạn,24.000.000 VND,CS-ACA-000252_The_BHYT_Demo.png,CS-ACA-000252_Phieu_Thong_Tin_Nhan_Vien.pdf,DA_DOI_SOAT
CS-ACA-000253,Dương Đức Dũng,Nam,28/08/1993,999000000253,8800000253,CS408800000253,BV Trưng Vương,01/01/2026,31/12/2026,"80 Pasteur, Q.3, TP.HCM",0900000253,duong.duc.dung.000253@cybersoft.demo,IT,HR Executive,02/01/2024,Không xác định thời hạn,12.000.000 VND,CS-ACA-000253_The_BHYT_Demo.png,CS-ACA-000253_Phieu_Thong_Tin_Nhan_Vien.pdf,DA_DOI_SOAT
CS-ACA-000254,Lý Mỹ Duyên,Nữ,04/10/1993,999000000254,8800000254,CS408800000254,BV Quận Phú Nhuận,01/01/2026,31/12/2026,"87 Bạch Đằng, Q.5, TP.HCM",0900000254,ly.my.duyen.000254@cybersoft.demo,Operations,Accountant,08/02/2024,Xác định thời hạn,13.500.000 VND,CS-ACA-000254_The_BHYT_Demo.png,CS-ACA-000254_Phieu_Thong_Tin_Nhan_Vien.pdf,DA_DOI_SOAT
CS-ACA-000255,Tạ Hải Huy,Nam,10/11/1993,999000000255,8800000255,CS408800000255,BV Đa khoa Sài Gòn,01/01/2026,31/12/2026,"94 Cao Thắng, Q.7, TP.HCM",0900000255,ta.hai.huy.000255@cybersoft.demo,Customer Service,IT Support,16/03/2024,Không xác định thời hạn,15.000.000 VND,CS-ACA-000255_The_BHYT_Demo.png,CS-ACA-000255_Phieu_Thong_Tin_Nhan_Vien.pdf,DA_DOI_SOAT
CS-ACA-000256,Cao Lan Hà,Nữ,17/12/1993,999000000256,8800000256,CS408800000256,BV Quốc tế City,01/01/2026,31/12/2026,"101 Trường Sơn, Q.10, TP.HCM",0900000256,cao.lan.ha.000256@cybersoft.demo,Academic,Admin Officer,22/04/2024,Xác định thời hạn,16.500.000 VND,CS-ACA-000256_The_BHYT_Demo.png,CS-ACA-000256_Phieu_Thong_Tin_Nhan_Vien.pdf,DA_DOI_SOAT
CS-ACA-000257,Mai Hải Huy,Nam,23/01/1994,999000000257,8800000257,CS408800000257,BV Quận 4,01/01/2026,31/12/2026,"108 Nguyễn Kiệm, Bình Thạnh, TP.HCM",0900000257,mai.hai.huy.000257@cybersoft.demo,Sales,Training Coordinator,29/05/2024,Không xác định thời hạn,18.000.000 VND,CS-ACA-000257_The_BHYT_Demo.png,CS-ACA-000257_Phieu_Thong_Tin_Nhan_Vien.pdf,DA_DOI_SOAT
CS-ACA-000258,Đinh Phương Hà,Nữ,01/03/1994,999000000258,8800000258,CS408800000258,BV Quận 5,01/01/2026,31/12/2026,"115 An Dương Vương, Tân Bình, TP.HCM",0900000258,dinh.phuong.ha.000258@cybersoft.demo,Marketing,Customer Service Officer,05/07/2024,Xác định thời hạn,19.500.000 VND,CS-ACA-000258_The_BHYT_Demo.png,CS-ACA-000258_Phieu_Thong_Tin_Nhan_Vien.pdf,DA_DOI_SOAT
CS-ACA-000259,Trương Tuấn Huy,Nam,07/04/1994,999000000259,8800000259,CS408800000259,BV Quận Gò Vấp,01/01/2026,31/12/2026,"122 Nguyễn Văn Linh, Phú Nhuận, TP.HCM",0900000259,truong.tuan.huy.000259@cybersoft.demo,HR,Data Assistant,11/08/2024,Không xác định thời hạn,21.000.000 VND,CS-ACA-000259_The_BHYT_Demo.png,CS-ACA-000259_Phieu_Thong_Tin_Nhan_Vien.pdf,DA_DOI_SOAT
CS-ACA-000260,Nguyễn Phương Linh,Nữ,14/05/1994,999000000260,8800000260,CS408800000260,BV Nhân dân 115,01/01/2026,31/12/2026,"129 Nguyễn Đình Chiểu, Gò Vấp, TP.HCM",0900000260,nguyen.phuong.linh.000260@cybersoft.demo,Accounting,Mentor,17/09/2024,Xác định thời hạn,22.500.000 VND,CS-ACA-000260_The_BHYT_Demo.png,CS-ACA-000260_Phieu_Thong_Tin_Nhan_Vien.pdf,DA_DOI_SOAT
CS-ACA-000261,Trần Gia Khoa,Nam,20/06/1994,999000000261,8800000261,CS408800000261,BV Quận 1,01/01/2026,31/12/2026,"136 Lê Văn Sỹ, Q.1, TP.HCM",0900000261,tran.gia.khoa.000261@cybersoft.demo,IT,Sales Executive,24/10/2024,Không xác định thời hạn,24.000.000 VND,CS-ACA-000261_The_BHYT_Demo.png,CS-ACA-000261_Phieu_Thong_Tin_Nhan_Vien.pdf,DA_DOI_SOAT
CS-ACA-000262,Lê Thảo Linh,Nữ,27/07/1994,999000000262,8800000262,CS408800000262,BV Đại học Y Dược TP.HCM,01/01/2026,31/12/2026,"143 Cách Mạng Tháng 8, Q.3, TP.HCM",0900000262,le.thao.linh.000262@cybersoft.demo,Operations,Marketing Executive,30/11/2024,Xác định thời hạn,12.000.000 VND,CS-ACA-000262_The_BHYT_Demo.png,CS-ACA-000262_Phieu_Thong_Tin_Nhan_Vien.pdf,DA_DOI_SOAT
CS-ACA-000263,Phạm Gia Khoa,Nam,02/09/1994,999000000263,8800000263,CS408800000263,BV Chợ Rẫy,01/01/2026,31/12/2026,"150 Nguyễn Thị Minh Khai, Q.5, TP.HCM",0900000263,pham.gia.khoa.000263@cybersoft.demo,Customer Service,HR Executive,06/01/2025,Không xác định thời hạn,13.500.000 VND,CS-ACA-000263_The_BHYT_Demo.png,CS-ACA-000263_Phieu_Thong_Tin_Nhan_Vien.pdf,DA_DOI_SOAT
CS-ACA-000264,Hoàng Thị Linh,Nữ,09/10/1994,999000000264,8800000264,CS408800000264,BV Thống Nhất,01/01/2026,31/12/2026,"157 Điện Biên Phủ, Q.7, TP.HCM",0900000264,hoang.thi.linh.000264@cybersoft.demo,Academic,Accountant,12/02/2025,Xác định thời hạn,15.000.000 VND,CS-ACA-000264_The_BHYT_Demo.png,CS-ACA-000264_Phieu_Thong_Tin_Nhan_Vien.pdf,DA_DOI_SOAT
CS-ACA-000265,Huỳnh Văn Long,Nam,15/11/1994,999000000265,8800000265,CS408800000265,BV Gia Định,01/01/2026,31/12/2026,"164 Hoàng Văn Thụ, Q.10, TP.HCM",0900000265,huynh.van.long.000265@cybersoft.demo,Sales,IT Support,21/03/2025,Không xác định thời hạn,16.500.000 VND,CS-ACA-000265_The_BHYT_Demo.png,CS-ACA-000265_Phieu_Thong_Tin_Nhan_Vien.pdf,DA_DOI_SOAT
CS-ACA-000266,Võ Thị Mai,Nữ,22/12/1994,999000000266,8800000266,CS408800000266,BV Nguyễn Tri Phương,01/01/2026,31/12/2026,"171 Trần Hưng Đạo, Bình Thạnh, TP.HCM",0900000266,vo.thi.mai.000266@cybersoft.demo,Marketing,Admin Officer,27/04/2025,Xác định thời hạn,18.000.000 VND,CS-ACA-000266_The_BHYT_Demo.png,CS-ACA-000266_Phieu_Thong_Tin_Nhan_Vien.pdf,DA_DOI_SOAT
CS-ACA-000267,Vũ Minh Long,Nam,28/01/1995,999000000267,8800000267,CS408800000267,BV Quận 3,01/01/2026,31/12/2026,"178 Nguyễn Văn Cừ, Tân Bình, TP.HCM",0900000267,vu.minh.long.000267@cybersoft.demo,HR,Training Coordinator,03/06/2025,Không xác định thời hạn,19.500.000 VND,CS-ACA-000267_The_BHYT_Demo.png,CS-ACA-000267_Phieu_Thong_Tin_Nhan_Vien.pdf,DA_DOI_SOAT
CS-ACA-000268,Đặng Ngọc Mai,Nữ,06/03/1995,999000000268,8800000268,CS408800000268,BV Tân Bình,01/01/2026,31/12/2026,"185 Nguyễn Trãi, Phú Nhuận, TP.HCM",0900000268,dang.ngoc.mai.000268@cybersoft.demo,Accounting,Customer Service Officer,10/07/2025,Xác định thời hạn,21.000.000 VND,CS-ACA-000268_The_BHYT_Demo.png,CS-ACA-000268_Phieu_Thong_Tin_Nhan_Vien.pdf,DA_DOI_SOAT
CS-ACA-000269,Bùi Minh Long,Nam,12/04/1995,999000000269,8800000269,CS408800000269,BV Bình Thạnh,01/01/2026,31/12/2026,"192 Phan Xích Long, Gò Vấp, TP.HCM",0900000269,bui.minh.long.000269@cybersoft.demo,IT,Data Assistant,16/08/2025,Không xác định thời hạn,22.500.000 VND,CS-ACA-000269_The_BHYT_Demo.png,CS-ACA-000269_Phieu_Thong_Tin_Nhan_Vien.pdf,DA_DOI_SOAT
CS-ACA-000270,Đỗ Thu Nhi,Nữ,19/05/1995,999000000270,8800000270,CS408800000270,BV Quận 10,01/01/2026,31/12/2026,"10 Võ Văn Tần, Q.1, TP.HCM",0900000270,do.thu.nhi.000270@cybersoft.demo,Operations,Mentor,22/09/2025,Xác định thời hạn,24.000.000 VND,CS-ACA-000270_The_BHYT_Demo.png,CS-ACA-000270_Phieu_Thong_Tin_Nhan_Vien.pdf,DA_DOI_SOAT
CS-ACA-000271,Hồ Quốc Minh,Nam,25/06/1995,999000000271,8800000271,CS408800000271,BV Quận 7,01/01/2026,31/12/2026,"17 Lý Thường Kiệt, Q.3, TP.HCM",0900000271,ho.quoc.minh.000271@cybersoft.demo,Customer Service,Sales Executive,29/10/2025,Không xác định thời hạn,12.000.000 VND,CS-ACA-000271_The_BHYT_Demo.png,CS-ACA-000271_Phieu_Thong_Tin_Nhan_Vien.pdf,DA_DOI_SOAT
CS-ACA-000272,Ngô Thu Nhi,Nữ,01/08/1995,999000000272,8800000272,CS408800000272,BV Hùng Vương,01/01/2026,31/12/2026,"24 Nguyễn Hữu Cảnh, Q.5, TP.HCM",0900000272,ngo.thu.nhi.000272@cybersoft.demo,Academic,Marketing Executive,05/12/2025,Xác định thời hạn,13.500.000 VND,CS-ACA-000272_The_BHYT_Demo.png,CS-ACA-000272_Phieu_Thong_Tin_Nhan_Vien.pdf,DA_DOI_SOAT
CS-ACA-000273,Dương Hoàng Minh,Nam,07/09/1995,999000000273,8800000273,CS408800000273,BV Trưng Vương,01/01/2026,31/12/2026,"31 Pasteur, Q.7, TP.HCM",0900000273,duong.hoang.minh.000273@cybersoft.demo,Sales,HR Executive,22/01/2024,Không xác định thời hạn,15.000.000 VND,CS-ACA-000273_The_BHYT_Demo.png,CS-ACA-000273_Phieu_Thong_Tin_Nhan_Vien.pdf,DA_DOI_SOAT
CS-ACA-000274,Lý Thanh Nhi,Nữ,14/10/1995,999000000274,8800000274,CS408800000274,BV Quận Phú Nhuận,01/01/2026,31/12/2026,"38 Bạch Đằng, Q.10, TP.HCM",0900000274,ly.thanh.nhi.000274@cybersoft.demo,Marketing,Accountant,28/02/2024,Xác định thời hạn,16.500.000 VND,CS-ACA-000274_The_BHYT_Demo.png,CS-ACA-000274_Phieu_Thong_Tin_Nhan_Vien.pdf,DA_DOI_SOAT
CS-ACA-000275,Tạ Hoàng Nam,Nam,20/11/1995,999000000275,8800000275,CS408800000275,BV Đa khoa Sài Gòn,01/01/2026,31/12/2026,"45 Cao Thắng, Bình Thạnh, TP.HCM",0900000275,ta.hoang.nam.000275@cybersoft.demo,HR,IT Support,05/04/2024,Không xác định thời hạn,18.000.000 VND,CS-ACA-000275_The_BHYT_Demo.png,CS-ACA-000275_Phieu_Thong_Tin_Nhan_Vien.pdf,DA_DOI_SOAT
CS-ACA-000276,Cao Mỹ Ngọc,Nữ,27/12/1995,999000000276,8800000276,CS408800000276,BV Quốc tế City,01/01/2026,31/12/2026,"52 Trường Sơn, Tân Bình, TP.HCM",0900000276,cao.my.ngoc.000276@cybersoft.demo,Accounting,Admin Officer,12/05/2024,Xác định thời hạn,19.500.000 VND,CS-ACA-000276_The_BHYT_Demo.png,CS-ACA-000276_Phieu_Thong_Tin_Nhan_Vien.pdf,DA_DOI_SOAT
CS-ACA-000277,Mai Đức Nam,Nam,02/02/1996,999000000277,8800000277,CS408800000277,BV Quận 4,01/01/2026,31/12/2026,"59 Nguyễn Kiệm, Phú Nhuận, TP.HCM",0900000277,mai.duc.nam.000277@cybersoft.demo,IT,Training Coordinator,18/06/2024,Không xác định thời hạn,21.000.000 VND,CS-ACA-000277_The_BHYT_Demo.png,CS-ACA-000277_Phieu_Thong_Tin_Nhan_Vien.pdf,DA_DOI_SOAT
CS-ACA-000278,Đinh Mỹ Ngọc,Nữ,10/03/1996,999000000278,8800000278,CS408800000278,BV Quận 5,01/01/2026,31/12/2026,"66 An Dương Vương, Gò Vấp, TP.HCM",0900000278,dinh.my.ngoc.000278@cybersoft.demo,Operations,Customer Service Officer,25/07/2024,Xác định thời hạn,22.500.000 VND,CS-ACA-000278_The_BHYT_Demo.png,CS-ACA-000278_Phieu_Thong_Tin_Nhan_Vien.pdf,DA_DOI_SOAT
CS-ACA-000279,Trương Hải Nam,Nam,16/04/1996,999000000279,8800000279,CS408800000279,BV Quận Gò Vấp,01/01/2026,31/12/2026,"73 Nguyễn Văn Linh, Q.1, TP.HCM",0900000279,truong.hai.nam.000279@cybersoft.demo,Customer Service,Data Assistant,31/08/2024,Không xác định thời hạn,24.000.000 VND,CS-ACA-000279_The_BHYT_Demo.png,CS-ACA-000279_Phieu_Thong_Tin_Nhan_Vien.pdf,DA_DOI_SOAT
CS-ACA-000280,Nguyễn Lan Trúc,Nữ,23/05/1996,999000000280,8800000280,CS408800000280,BV Nhân dân 115,01/01/2026,31/12/2026,"80 Nguyễn Đình Chiểu, Q.3, TP.HCM",0900000280,nguyen.lan.truc.000280@cybersoft.demo,Academic,Mentor,07/10/2024,Xác định thời hạn,12.000.000 VND,CS-ACA-000280_The_BHYT_Demo.png,CS-ACA-000280_Phieu_Thong_Tin_Nhan_Vien.pdf,DA_DOI_SOAT
CS-ACA-000281,Trần Hải Quân,Nam,29/06/1996,999000000281,8800000281,CS408800000281,BV Quận 1,01/01/2026,31/12/2026,"87 Lê Văn Sỹ, Q.5, TP.HCM",0900000281,tran.hai.quan.000281@cybersoft.demo,Sales,Sales Executive,13/11/2024,Không xác định thời hạn,13.500.000 VND,CS-ACA-000281_The_BHYT_Demo.png,CS-ACA-000281_Phieu_Thong_Tin_Nhan_Vien.pdf,DA_DOI_SOAT
CS-ACA-000282,Lê Phương Trúc,Nữ,05/08/1996,999000000282,8800000282,CS408800000282,BV Đại học Y Dược TP.HCM,01/01/2026,31/12/2026,"94 Cách Mạng Tháng 8, Q.7, TP.HCM",0900000282,le.phuong.truc.000282@cybersoft.demo,Marketing,Marketing Executive,20/12/2024,Xác định thời hạn,15.000.000 VND,CS-ACA-000282_The_BHYT_Demo.png,CS-ACA-000282_Phieu_Thong_Tin_Nhan_Vien.pdf,DA_DOI_SOAT
CS-ACA-000283,Phạm Tuấn Quân,Nam,11/09/1996,999000000283,8800000283,CS408800000283,BV Chợ Rẫy,01/01/2026,31/12/2026,"101 Nguyễn Thị Minh Khai, Q.10, TP.HCM",0900000283,pham.tuan.quan.000283@cybersoft.demo,HR,HR Executive,26/01/2025,Không xác định thời hạn,16.500.000 VND,CS-ACA-000283_The_BHYT_Demo.png,CS-ACA-000283_Phieu_Thong_Tin_Nhan_Vien.pdf,DA_DOI_SOAT
CS-ACA-000284,Hoàng Phương Trúc,Nữ,18/10/1996,999000000284,8800000284,CS408800000284,BV Thống Nhất,01/01/2026,31/12/2026,"108 Điện Biên Phủ, Bình Thạnh, TP.HCM",0900000284,hoang.phuong.truc.000284@cybersoft.demo,Accounting,Accountant,04/03/2025,Xác định thời hạn,18.000.000 VND,CS-ACA-000284_The_BHYT_Demo.png,CS-ACA-000284_Phieu_Thong_Tin_Nhan_Vien.pdf,DA_DOI_SOAT
CS-ACA-000285,Huỳnh Gia Sơn,Nam,24/11/1996,999000000285,8800000285,CS408800000285,BV Gia Định,01/01/2026,31/12/2026,"115 Hoàng Văn Thụ, Tân Bình, TP.HCM",0900000285,huynh.gia.son.000285@cybersoft.demo,IT,IT Support,10/04/2025,Không xác định thời hạn,19.500.000 VND,CS-ACA-000285_The_BHYT_Demo.png,CS-ACA-000285_Phieu_Thong_Tin_Nhan_Vien.pdf,DA_DOI_SOAT
CS-ACA-000286,Võ Thảo Vy,Nữ,31/12/1996,999000000286,8800000286,CS408800000286,BV Nguyễn Tri Phương,01/01/2026,31/12/2026,"122 Trần Hưng Đạo, Phú Nhuận, TP.HCM",0900000286,vo.thao.vy.000286@cybersoft.demo,Operations,Admin Officer,17/05/2025,Xác định thời hạn,21.000.000 VND,CS-ACA-000286_The_BHYT_Demo.png,CS-ACA-000286_Phieu_Thong_Tin_Nhan_Vien.pdf,DA_DOI_SOAT
CS-ACA-000287,Vũ Gia Sơn,Nam,06/02/1997,999000000287,8800000287,CS408800000287,BV Quận 3,01/01/2026,31/12/2026,"129 Nguyễn Văn Cừ, Gò Vấp, TP.HCM",0900000287,vu.gia.son.000287@cybersoft.demo,Customer Service,Training Coordinator,23/06/2025,Không xác định thời hạn,22.500.000 VND,CS-ACA-000287_The_BHYT_Demo.png,CS-ACA-000287_Phieu_Thong_Tin_Nhan_Vien.pdf,DA_DOI_SOAT
CS-ACA-000288,Đặng Thị Vy,Nữ,15/03/1997,999000000288,8800000288,CS408800000288,BV Tân Bình,01/01/2026,31/12/2026,"136 Nguyễn Trãi, Q.1, TP.HCM",0900000288,dang.thi.vy.000288@cybersoft.demo,Academic,Customer Service Officer,30/07/2025,Xác định thời hạn,24.000.000 VND,CS-ACA-000288_The_BHYT_Demo.png,CS-ACA-000288_Phieu_Thong_Tin_Nhan_Vien.pdf,DA_DOI_SOAT
CS-ACA-000289,Bùi Văn Sơn,Nam,21/04/1997,999000000289,8800000289,CS408800000289,BV Bình Thạnh,01/01/2026,31/12/2026,"143 Phan Xích Long, Q.3, TP.HCM",0900000289,bui.van.son.000289@cybersoft.demo,Sales,Data Assistant,05/09/2025,Không xác định thời hạn,12.000.000 VND,CS-ACA-000289_The_BHYT_Demo.png,CS-ACA-000289_Phieu_Thong_Tin_Nhan_Vien.pdf,DA_DOI_SOAT
CS-ACA-000290,Đỗ Thị Yến,Nữ,28/05/1997,999000000290,8800000290,CS408800000290,BV Quận 10,01/01/2026,31/12/2026,"150 Võ Văn Tần, Q.5, TP.HCM",0900000290,do.thi.yen.000290@cybersoft.demo,Marketing,Mentor,12/10/2025,Xác định thời hạn,13.500.000 VND,CS-ACA-000290_The_BHYT_Demo.png,CS-ACA-000290_Phieu_Thong_Tin_Nhan_Vien.pdf,DA_DOI_SOAT
CS-ACA-000291,Hồ Minh Kiệt,Nam,04/07/1997,999000000291,8800000291,CS408800000291,BV Quận 7,01/01/2026,31/12/2026,"157 Lý Thường Kiệt, Q.7, TP.HCM",0900000291,ho.minh.kiet.000291@cybersoft.demo,HR,Sales Executive,18/11/2025,Không xác định thời hạn,15.000.000 VND,CS-ACA-000291_The_BHYT_Demo.png,CS-ACA-000291_Phieu_Thong_Tin_Nhan_Vien.pdf,DA_DOI_SOAT
CS-ACA-000292,Ngô Ngọc Yến,Nữ,10/08/1997,999000000292,8800000292,CS408800000292,BV Hùng Vương,01/01/2026,31/12/2026,"164 Nguyễn Hữu Cảnh, Q.10, TP.HCM",0900000292,ngo.ngoc.yen.000292@cybersoft.demo,Accounting,Marketing Executive,05/01/2024,Xác định thời hạn,16.500.000 VND,CS-ACA-000292_The_BHYT_Demo.png,CS-ACA-000292_Phieu_Thong_Tin_Nhan_Vien.pdf,DA_DOI_SOAT
CS-ACA-000293,Dương Minh Kiệt,Nam,16/09/1997,999000000293,8800000293,CS408800000293,BV Trưng Vương,01/01/2026,31/12/2026,"171 Pasteur, Bình Thạnh, TP.HCM",0900000293,duong.minh.kiet.000293@cybersoft.demo,IT,HR Executive,11/02/2024,Không xác định thời hạn,18.000.000 VND,CS-ACA-000293_The_BHYT_Demo.png,CS-ACA-000293_Phieu_Thong_Tin_Nhan_Vien.pdf,DA_DOI_SOAT
CS-ACA-000294,Lý Thu Yến,Nữ,23/10/1997,999000000294,8800000294,CS408800000294,BV Quận Phú Nhuận,01/01/2026,31/12/2026,"178 Bạch Đằng, Tân Bình, TP.HCM",0900000294,ly.thu.yen.000294@cybersoft.demo,Operations,Accountant,19/03/2024,Xác định thời hạn,19.500.000 VND,CS-ACA-000294_The_BHYT_Demo.png,CS-ACA-000294_Phieu_Thong_Tin_Nhan_Vien.pdf,DA_DOI_SOAT
CS-ACA-000295,Tạ Quốc Đăng,Nam,29/11/1997,999000000295,8800000295,CS408800000295,BV Đa khoa Sài Gòn,01/01/2026,31/12/2026,"185 Cao Thắng, Phú Nhuận, TP.HCM",0900000295,ta.quoc.dang.000295@cybersoft.demo,Customer Service,IT Support,25/04/2024,Không xác định thời hạn,21.000.000 VND,CS-ACA-000295_The_BHYT_Demo.png,CS-ACA-000295_Phieu_Thong_Tin_Nhan_Vien.pdf,DA_DOI_SOAT
CS-ACA-000296,Cao Thu Hương,Nữ,05/01/1998,999000000296,8800000296,CS408800000296,BV Quốc tế City,01/01/2026,31/12/2026,"192 Trường Sơn, Gò Vấp, TP.HCM",0900000296,cao.thu.huong.000296@cybersoft.demo,Academic,Admin Officer,01/06/2024,Xác định thời hạn,22.500.000 VND,CS-ACA-000296_The_BHYT_Demo.png,CS-ACA-000296_Phieu_Thong_Tin_Nhan_Vien.pdf,DA_DOI_SOAT
CS-ACA-000297,Mai Hoàng Đăng,Nam,11/02/1998,999000000297,8800000297,CS408800000297,BV Quận 4,01/01/2026,31/12/2026,"10 Nguyễn Kiệm, Q.1, TP.HCM",0900000297,mai.hoang.dang.000297@cybersoft.demo,Sales,Training Coordinator,08/07/2024,Không xác định thời hạn,24.000.000 VND,CS-ACA-000297_The_BHYT_Demo.png,CS-ACA-000297_Phieu_Thong_Tin_Nhan_Vien.pdf,DA_DOI_SOAT
CS-ACA-000298,Đinh Thanh Hương,Nữ,20/03/1998,999000000298,8800000298,CS408800000298,BV Quận 5,01/01/2026,31/12/2026,"17 An Dương Vương, Q.3, TP.HCM",0900000298,dinh.thanh.huong.000298@cybersoft.demo,Marketing,Customer Service Officer,14/08/2024,Xác định thời hạn,12.000.000 VND,CS-ACA-000298_The_BHYT_Demo.png,CS-ACA-000298_Phieu_Thong_Tin_Nhan_Vien.pdf,DA_DOI_SOAT
CS-ACA-000299,Trương Hoàng Đăng,Nam,26/04/1998,999000000299,8800000299,CS408800000299,BV Quận Gò Vấp,01/01/2026,31/12/2026,"24 Nguyễn Văn Linh, Q.5, TP.HCM",0900000299,truong.hoang.dang.000299@cybersoft.demo,HR,Data Assistant,20/09/2024,Không xác định thời hạn,13.500.000 VND,CS-ACA-000299_The_BHYT_Demo.png,CS-ACA-000299_Phieu_Thong_Tin_Nhan_Vien.pdf,DA_DOI_SOAT
CS-ACA-000300,Nguyễn Mỹ Anh,Nữ,02/06/1998,999000000300,8800000300,CS408800000300,BV Nhân dân 115,01/01/2026,31/12/2026,"31 Nguyễn Đình Chiểu, Q.7, TP.HCM",0900000300,nguyen.my.anh.000300@cybersoft.demo,Accounting,Mentor,27/10/2024,Xác định thời hạn,15.000.000 VND,CS-ACA-000300_The_BHYT_Demo.png,CS-ACA-000300_Phieu_Thong_Tin_Nhan_Vien.pdf,DA_DOI_SOAT
CS-ACA-000301,Trần Đức An,Nam,09/07/1998,999000000301,8800000301,CS408800000301,BV Quận 1,01/01/2026,31/12/2026,"38 Lê Văn Sỹ, Q.10, TP.HCM",0900000301,tran.duc.an.000301@cybersoft.demo,IT,Sales Executive,03/12/2024,Không xác định thời hạn,16.500.000 VND,CS-ACA-000301_The_BHYT_Demo.png,CS-ACA-000301_Phieu_Thong_Tin_Nhan_Vien.pdf,DA_DOI_SOAT
CS-ACA-000302,Lê Mỹ Anh,Nữ,15/08/1998,999000000302,8800000302,CS408800000302,BV Đại học Y Dược TP.HCM,01/01/2026,31/12/2026,"45 Cách Mạng Tháng 8, Bình Thạnh, TP.HCM",0900000302,le.my.anh.000302@cybersoft.demo,Operations,Marketing Executive,09/01/2025,Xác định thời hạn,18.000.000 VND,CS-ACA-000302_The_BHYT_Demo.png,CS-ACA-000302_Phieu_Thong_Tin_Nhan_Vien.pdf,DA_DOI_SOAT
CS-ACA-000303,Phạm Hải An,Nam,21/09/1998,999000000303,8800000303,CS408800000303,BV Chợ Rẫy,01/01/2026,31/12/2026,"52 Nguyễn Thị Minh Khai, Tân Bình, TP.HCM",0900000303,pham.hai.an.000303@cybersoft.demo,Customer Service,HR Executive,15/02/2025,Không xác định thời hạn,19.500.000 VND,CS-ACA-000303_The_BHYT_Demo.png,CS-ACA-000303_Phieu_Thong_Tin_Nhan_Vien.pdf,DA_DOI_SOAT
CS-ACA-000304,Hoàng Lan Anh,Nữ,28/10/1998,999000000304,8800000304,CS408800000304,BV Thống Nhất,01/01/2026,31/12/2026,"59 Điện Biên Phủ, Phú Nhuận, TP.HCM",0900000304,hoang.lan.anh.000304@cybersoft.demo,Academic,Accountant,24/03/2025,Xác định thời hạn,21.000.000 VND,CS-ACA-000304_The_BHYT_Demo.png,CS-ACA-000304_Phieu_Thong_Tin_Nhan_Vien.pdf,DA_DOI_SOAT
CS-ACA-000305,Huỳnh Hải Bình,Nam,04/12/1998,999000000305,8800000305,CS408800000305,BV Gia Định,01/01/2026,31/12/2026,"66 Hoàng Văn Thụ, Gò Vấp, TP.HCM",0900000305,huynh.hai.binh.000305@cybersoft.demo,Sales,IT Support,30/04/2025,Không xác định thời hạn,22.500.000 VND,CS-ACA-000305_The_BHYT_Demo.png,CS-ACA-000305_Phieu_Thong_Tin_Nhan_Vien.pdf,DA_DOI_SOAT
CS-ACA-000306,Võ Phương Châu,Nữ,10/01/1999,999000000306,8800000306,CS408800000306,BV Nguyễn Tri Phương,01/01/2026,31/12/2026,"73 Trần Hưng Đạo, Q.1, TP.HCM",0900000306,vo.phuong.chau.000306@cybersoft.demo,Marketing,Admin Officer,06/06/2025,Xác định thời hạn,24.000.000 VND,CS-ACA-000306_The_BHYT_Demo.png,CS-ACA-000306_Phieu_Thong_Tin_Nhan_Vien.pdf,DA_DOI_SOAT
CS-ACA-000307,Vũ Tuấn Bình,Nam,16/02/1999,999000000307,8800000307,CS408800000307,BV Quận 3,01/01/2026,31/12/2026,"80 Nguyễn Văn Cừ, Q.3, TP.HCM",0900000307,vu.tuan.binh.000307@cybersoft.demo,HR,Training Coordinator,13/07/2025,Không xác định thời hạn,12.000.000 VND,CS-ACA-000307_The_BHYT_Demo.png,CS-ACA-000307_Phieu_Thong_Tin_Nhan_Vien.pdf,DA_DOI_SOAT
CS-ACA-000308,Đặng Phương Châu,Nữ,25/03/1999,999000000308,8800000308,CS408800000308,BV Tân Bình,01/01/2026,31/12/2026,"87 Nguyễn Trãi, Q.5, TP.HCM",0900000308,dang.phuong.chau.000308@cybersoft.demo,Accounting,Customer Service Officer,19/08/2025,Xác định thời hạn,13.500.000 VND,CS-ACA-000308_The_BHYT_Demo.png,CS-ACA-000308_Phieu_Thong_Tin_Nhan_Vien.pdf,DA_DOI_SOAT
CS-ACA-000309,Bùi Gia Bình,Nam,01/05/1999,999000000309,8800000309,CS408800000309,BV Bình Thạnh,01/01/2026,31/12/2026,"94 Phan Xích Long, Q.7, TP.HCM",0900000309,bui.gia.binh.000309@cybersoft.demo,IT,Data Assistant,25/09/2025,Không xác định thời hạn,15.000.000 VND,CS-ACA-000309_The_BHYT_Demo.png,CS-ACA-000309_Phieu_Thong_Tin_Nhan_Vien.pdf,DA_DOI_SOAT
CS-ACA-000310,Đỗ Thảo Duyên,Nữ,07/06/1999,999000000310,8800000310,CS408800000310,BV Quận 10,01/01/2026,31/12/2026,"101 Võ Văn Tần, Q.10, TP.HCM",0900000310,do.thao.duyen.000310@cybersoft.demo,Operations,Mentor,01/11/2025,Xác định thời hạn,16.500.000 VND,CS-ACA-000310_The_BHYT_Demo.png,CS-ACA-000310_Phieu_Thong_Tin_Nhan_Vien.pdf,DA_DOI_SOAT
CS-ACA-000311,Hồ Gia Dũng,Nam,14/07/1999,999000000311,8800000311,CS408800000311,BV Quận 7,01/01/2026,31/12/2026,"108 Lý Thường Kiệt, Bình Thạnh, TP.HCM",0900000311,ho.gia.dung.000311@cybersoft.demo,Customer Service,Sales Executive,08/12/2025,Không xác định thời hạn,18.000.000 VND,CS-ACA-000311_The_BHYT_Demo.png,CS-ACA-000311_Phieu_Thong_Tin_Nhan_Vien.pdf,DA_DOI_SOAT
CS-ACA-000312,Ngô Thị Duyên,Nữ,20/08/1999,999000000312,8800000312,CS408800000312,BV Hùng Vương,01/01/2026,31/12/2026,"115 Nguyễn Hữu Cảnh, Tân Bình, TP.HCM",0900000312,ngo.thi.duyen.000312@cybersoft.demo,Academic,Marketing Executive,25/01/2024,Xác định thời hạn,19.500.000 VND,CS-ACA-000312_The_BHYT_Demo.png,CS-ACA-000312_Phieu_Thong_Tin_Nhan_Vien.pdf,DA_DOI_SOAT
CS-ACA-000313,Dương Văn Dũng,Nam,26/09/1999,999000000313,8800000313,CS408800000313,BV Trưng Vương,01/01/2026,31/12/2026,"122 Pasteur, Phú Nhuận, TP.HCM",0900000313,duong.van.dung.000313@cybersoft.demo,Sales,HR Executive,02/03/2024,Không xác định thời hạn,21.000.000 VND,CS-ACA-000313_The_BHYT_Demo.png,CS-ACA-000313_Phieu_Thong_Tin_Nhan_Vien.pdf,DA_DOI_SOAT
CS-ACA-000314,Lý Thị Duyên,Nữ,02/11/1999,999000000314,8800000314,CS408800000314,BV Quận Phú Nhuận,01/01/2026,31/12/2026,"129 Bạch Đằng, Gò Vấp, TP.HCM",0900000314,ly.thi.duyen.000314@cybersoft.demo,Marketing,Accountant,08/04/2024,Xác định thời hạn,22.500.000 VND,CS-ACA-000314_The_BHYT_Demo.png,CS-ACA-000314_Phieu_Thong_Tin_Nhan_Vien.pdf,DA_DOI_SOAT
CS-ACA-000315,Tạ Minh Huy,Nam,09/12/1999,999000000315,8800000315,CS408800000315,BV Đa khoa Sài Gòn,01/01/2026,31/12/2026,"136 Cao Thắng, Q.1, TP.HCM",0900000315,ta.minh.huy.000315@cybersoft.demo,HR,IT Support,15/05/2024,Không xác định thời hạn,24.000.000 VND,CS-ACA-000315_The_BHYT_Demo.png,CS-ACA-000315_Phieu_Thong_Tin_Nhan_Vien.pdf,DA_DOI_SOAT
CS-ACA-000316,Cao Ngọc Hà,Nữ,15/01/2000,999000000316,8800000316,CS408800000316,BV Quốc tế City,01/01/2026,31/12/2026,"143 Trường Sơn, Q.3, TP.HCM",0900000316,cao.ngoc.ha.000316@cybersoft.demo,Accounting,Admin Officer,21/06/2024,Xác định thời hạn,12.000.000 VND,CS-ACA-000316_The_BHYT_Demo.png,CS-ACA-000316_Phieu_Thong_Tin_Nhan_Vien.pdf,DA_DOI_SOAT
CS-ACA-000317,Mai Minh Huy,Nam,21/02/2000,999000000317,8800000317,CS408800000317,BV Quận 4,01/01/2026,31/12/2026,"150 Nguyễn Kiệm, Q.5, TP.HCM",0900000317,mai.minh.huy.000317@cybersoft.demo,IT,Training Coordinator,28/07/2024,Không xác định thời hạn,13.500.000 VND,CS-ACA-000317_The_BHYT_Demo.png,CS-ACA-000317_Phieu_Thong_Tin_Nhan_Vien.pdf,DA_DOI_SOAT
CS-ACA-000318,Đinh Thu Hà,Nữ,29/03/2000,999000000318,8800000318,CS408800000318,BV Quận 5,01/01/2026,31/12/2026,"157 An Dương Vương, Q.7, TP.HCM",0900000318,dinh.thu.ha.000318@cybersoft.demo,Operations,Customer Service Officer,03/09/2024,Xác định thời hạn,15.000.000 VND,CS-ACA-000318_The_BHYT_Demo.png,CS-ACA-000318_Phieu_Thong_Tin_Nhan_Vien.pdf,DA_DOI_SOAT
CS-ACA-000319,Trương Quốc Huy,Nam,05/05/2000,999000000319,8800000319,CS408800000319,BV Quận Gò Vấp,01/01/2026,31/12/2026,"164 Nguyễn Văn Linh, Q.10, TP.HCM",0900000319,truong.quoc.huy.000319@cybersoft.demo,Customer Service,Data Assistant,10/10/2024,Không xác định thời hạn,16.500.000 VND,CS-ACA-000319_The_BHYT_Demo.png,CS-ACA-000319_Phieu_Thong_Tin_Nhan_Vien.pdf,DA_DOI_SOAT
CS-ACA-000320,Nguyễn Thu Linh,Nữ,11/06/2000,999000000320,8800000320,CS408800000320,BV Nhân dân 115,01/01/2026,31/12/2026,"171 Nguyễn Đình Chiểu, Bình Thạnh, TP.HCM",0900000320,nguyen.thu.linh.000320@cybersoft.demo,Academic,Mentor,16/11/2024,Xác định thời hạn,18.000.000 VND,CS-ACA-000320_The_BHYT_Demo.png,CS-ACA-000320_Phieu_Thong_Tin_Nhan_Vien.pdf,DA_DOI_SOAT
CS-ACA-000321,Trần Hoàng Khoa,Nam,18/07/2000,999000000321,8800000321,CS408800000321,BV Quận 1,01/01/2026,31/12/2026,"178 Lê Văn Sỹ, Tân Bình, TP.HCM",0900000321,tran.hoang.khoa.000321@cybersoft.demo,Sales,Sales Executive,23/12/2024,Không xác định thời hạn,19.500.000 VND,CS-ACA-000321_The_BHYT_Demo.png,CS-ACA-000321_Phieu_Thong_Tin_Nhan_Vien.pdf,DA_DOI_SOAT
CS-ACA-000322,Lê Thanh Linh,Nữ,24/08/2000,999000000322,8800000322,CS408800000322,BV Đại học Y Dược TP.HCM,01/01/2026,31/12/2026,"185 Cách Mạng Tháng 8, Phú Nhuận, TP.HCM",0900000322,le.thanh.linh.000322@cybersoft.demo,Marketing,Marketing Executive,29/01/2025,Xác định thời hạn,21.000.000 VND,CS-ACA-000322_The_BHYT_Demo.png,CS-ACA-000322_Phieu_Thong_Tin_Nhan_Vien.pdf,DA_DOI_SOAT
CS-ACA-000323,Phạm Hoàng Khoa,Nam,30/09/2000,999000000323,8800000323,CS408800000323,BV Chợ Rẫy,01/01/2026,31/12/2026,"192 Nguyễn Thị Minh Khai, Gò Vấp, TP.HCM",0900000323,pham.hoang.khoa.000323@cybersoft.demo,HR,HR Executive,07/03/2025,Không xác định thời hạn,22.500.000 VND,CS-ACA-000323_The_BHYT_Demo.png,CS-ACA-000323_Phieu_Thong_Tin_Nhan_Vien.pdf,DA_DOI_SOAT
CS-ACA-000324,Hoàng Mỹ Linh,Nữ,06/11/2000,999000000324,8800000324,CS408800000324,BV Thống Nhất,01/01/2026,31/12/2026,"10 Điện Biên Phủ, Q.1, TP.HCM",0900000324,hoang.my.linh.000324@cybersoft.demo,Accounting,Accountant,13/04/2025,Xác định thời hạn,24.000.000 VND,CS-ACA-000324_The_BHYT_Demo.png,CS-ACA-000324_Phieu_Thong_Tin_Nhan_Vien.pdf,DA_DOI_SOAT
CS-ACA-000325,Huỳnh Đức Long,Nam,13/12/2000,999000000325,8800000325,CS408800000325,BV Gia Định,01/01/2026,31/12/2026,"17 Hoàng Văn Thụ, Q.3, TP.HCM",0900000325,huynh.duc.long.000325@cybersoft.demo,IT,IT Support,20/05/2025,Không xác định thời hạn,12.000.000 VND,CS-ACA-000325_The_BHYT_Demo.png,CS-ACA-000325_Phieu_Thong_Tin_Nhan_Vien.pdf,DA_DOI_SOAT
CS-ACA-000326,Võ Mỹ Mai,Nữ,19/01/2001,999000000326,8800000326,CS408800000326,BV Nguyễn Tri Phương,01/01/2026,31/12/2026,"24 Trần Hưng Đạo, Q.5, TP.HCM",0900000326,vo.my.mai.000326@cybersoft.demo,Operations,Admin Officer,26/06/2025,Xác định thời hạn,13.500.000 VND,CS-ACA-000326_The_BHYT_Demo.png,CS-ACA-000326_Phieu_Thong_Tin_Nhan_Vien.pdf,DA_DOI_SOAT
CS-ACA-000327,Vũ Hải Long,Nam,25/02/2001,999000000327,8800000327,CS408800000327,BV Quận 3,01/01/2026,31/12/2026,"31 Nguyễn Văn Cừ, Q.7, TP.HCM",0900000327,vu.hai.long.000327@cybersoft.demo,Customer Service,Training Coordinator,02/08/2025,Không xác định thời hạn,15.000.000 VND,CS-ACA-000327_The_BHYT_Demo.png,CS-ACA-000327_Phieu_Thong_Tin_Nhan_Vien.pdf,DA_DOI_SOAT
CS-ACA-000328,Đặng Lan Mai,Nữ,03/04/2001,999000000328,8800000328,CS408800000328,BV Tân Bình,01/01/2026,31/12/2026,"38 Nguyễn Trãi, Q.10, TP.HCM",0900000328,dang.lan.mai.000328@cybersoft.demo,Academic,Customer Service Officer,08/09/2025,Xác định thời hạn,16.500.000 VND,CS-ACA-000328_The_BHYT_Demo.png,CS-ACA-000328_Phieu_Thong_Tin_Nhan_Vien.pdf,DA_DOI_SOAT
CS-ACA-000329,Bùi Hải Long,Nam,10/05/2001,999000000329,8800000329,CS408800000329,BV Bình Thạnh,01/01/2026,31/12/2026,"45 Phan Xích Long, Bình Thạnh, TP.HCM",0900000329,bui.hai.long.000329@cybersoft.demo,Sales,Data Assistant,15/10/2025,Không xác định thời hạn,18.000.000 VND,CS-ACA-000329_The_BHYT_Demo.png,CS-ACA-000329_Phieu_Thong_Tin_Nhan_Vien.pdf,DA_DOI_SOAT
CS-ACA-000330,Đỗ Phương Nhi,Nữ,16/06/2001,999000000330,8800000330,CS408800000330,BV Quận 10,01/01/2026,31/12/2026,"52 Võ Văn Tần, Tân Bình, TP.HCM",0900000330,do.phuong.nhi.000330@cybersoft.demo,Marketing,Mentor,21/11/2025,Xác định thời hạn,19.500.000 VND,CS-ACA-000330_The_BHYT_Demo.png,CS-ACA-000330_Phieu_Thong_Tin_Nhan_Vien.pdf,DA_DOI_SOAT
CS-ACA-000331,Hồ Tuấn Minh,Nam,23/07/2001,999000000331,8800000331,CS408800000331,BV Quận 7,01/01/2026,31/12/2026,"59 Lý Thường Kiệt, Phú Nhuận, TP.HCM",0900000331,ho.tuan.minh.000331@cybersoft.demo,HR,Sales Executive,08/01/2024,Không xác định thời hạn,21.000.000 VND,CS-ACA-000331_The_BHYT_Demo.png,CS-ACA-000331_Phieu_Thong_Tin_Nhan_Vien.pdf,DA_DOI_SOAT
CS-ACA-000332,Ngô Phương Nhi,Nữ,29/08/2001,999000000332,8800000332,CS408800000332,BV Hùng Vương,01/01/2026,31/12/2026,"66 Nguyễn Hữu Cảnh, Gò Vấp, TP.HCM",0900000332,ngo.phuong.nhi.000332@cybersoft.demo,Accounting,Marketing Executive,14/02/2024,Xác định thời hạn,22.500.000 VND,CS-ACA-000332_The_BHYT_Demo.png,CS-ACA-000332_Phieu_Thong_Tin_Nhan_Vien.pdf,DA_DOI_SOAT
CS-ACA-000333,Dương Gia Minh,Nam,05/10/2001,999000000333,8800000333,CS408800000333,BV Trưng Vương,01/01/2026,31/12/2026,"73 Pasteur, Q.1, TP.HCM",0900000333,duong.gia.minh.000333@cybersoft.demo,IT,HR Executive,22/03/2024,Không xác định thời hạn,24.000.000 VND,CS-ACA-000333_The_BHYT_Demo.png,CS-ACA-000333_Phieu_Thong_Tin_Nhan_Vien.pdf,DA_DOI_SOAT
CS-ACA-000334,Lý Thảo Nhi,Nữ,11/11/2001,999000000334,8800000334,CS408800000334,BV Quận Phú Nhuận,01/01/2026,31/12/2026,"80 Bạch Đằng, Q.3, TP.HCM",0900000334,ly.thao.nhi.000334@cybersoft.demo,Operations,Accountant,28/04/2024,Xác định thời hạn,12.000.000 VND,CS-ACA-000334_The_BHYT_Demo.png,CS-ACA-000334_Phieu_Thong_Tin_Nhan_Vien.pdf,DA_DOI_SOAT
CS-ACA-000335,Tạ Gia Nam,Nam,18/12/2001,999000000335,8800000335,CS408800000335,BV Đa khoa Sài Gòn,01/01/2026,31/12/2026,"87 Cao Thắng, Q.5, TP.HCM",0900000335,ta.gia.nam.000335@cybersoft.demo,Customer Service,IT Support,04/06/2024,Không xác định thời hạn,13.500.000 VND,CS-ACA-000335_The_BHYT_Demo.png,CS-ACA-000335_Phieu_Thong_Tin_Nhan_Vien.pdf,DA_DOI_SOAT
CS-ACA-000336,Cao Thị Ngọc,Nữ,02/02/1985,999000000336,8800000336,CS408800000336,BV Quốc tế City,01/01/2026,31/12/2026,"94 Trường Sơn, Q.7, TP.HCM",0900000336,cao.thi.ngoc.000336@cybersoft.demo,Academic,Admin Officer,11/07/2024,Xác định thời hạn,15.000.000 VND,CS-ACA-000336_The_BHYT_Demo.png,CS-ACA-000336_Phieu_Thong_Tin_Nhan_Vien.pdf,DA_DOI_SOAT
CS-ACA-000337,Mai Văn Nam,Nam,11/03/1985,999000000337,8800000337,CS408800000337,BV Quận 4,01/01/2026,31/12/2026,"101 Nguyễn Kiệm, Q.10, TP.HCM",0900000337,mai.van.nam.000337@cybersoft.demo,Sales,Training Coordinator,17/08/2024,Không xác định thời hạn,16.500.000 VND,CS-ACA-000337_The_BHYT_Demo.png,CS-ACA-000337_Phieu_Thong_Tin_Nhan_Vien.pdf,DA_DOI_SOAT
CS-ACA-000338,Đinh Thị Ngọc,Nữ,17/04/1985,999000000338,8800000338,CS408800000338,BV Quận 5,01/01/2026,31/12/2026,"108 An Dương Vương, Bình Thạnh, TP.HCM",0900000338,dinh.thi.ngoc.000338@cybersoft.demo,Marketing,Customer Service Officer,23/09/2024,Xác định thời hạn,18.000.000 VND,CS-ACA-000338_The_BHYT_Demo.png,CS-ACA-000338_Phieu_Thong_Tin_Nhan_Vien.pdf,DA_DOI_SOAT
CS-ACA-000339,Trương Minh Nam,Nam,24/05/1985,999000000339,8800000339,CS408800000339,BV Quận Gò Vấp,01/01/2026,31/12/2026,"115 Nguyễn Văn Linh, Tân Bình, TP.HCM",0900000339,truong.minh.nam.000339@cybersoft.demo,HR,Data Assistant,30/10/2024,Không xác định thời hạn,19.500.000 VND,CS-ACA-000339_The_BHYT_Demo.png,CS-ACA-000339_Phieu_Thong_Tin_Nhan_Vien.pdf,DA_DOI_SOAT
CS-ACA-000340,Nguyễn Ngọc Trúc,Nữ,30/06/1985,999000000340,8800000340,CS408800000340,BV Nhân dân 115,01/01/2026,31/12/2026,"122 Nguyễn Đình Chiểu, Phú Nhuận, TP.HCM",0900000340,nguyen.ngoc.truc.000340@cybersoft.demo,Accounting,Mentor,06/12/2024,Xác định thời hạn,21.000.000 VND,CS-ACA-000340_The_BHYT_Demo.png,CS-ACA-000340_Phieu_Thong_Tin_Nhan_Vien.pdf,DA_DOI_SOAT
CS-ACA-000341,Trần Minh Quân,Nam,06/08/1985,999000000341,8800000341,CS408800000341,BV Quận 1,01/01/2026,31/12/2026,"129 Lê Văn Sỹ, Gò Vấp, TP.HCM",0900000341,tran.minh.quan.000341@cybersoft.demo,IT,Sales Executive,12/01/2025,Không xác định thời hạn,22.500.000 VND,CS-ACA-000341_The_BHYT_Demo.png,CS-ACA-000341_Phieu_Thong_Tin_Nhan_Vien.pdf,DA_DOI_SOAT
CS-ACA-000342,Lê Thu Trúc,Nữ,12/09/1985,999000000342,8800000342,CS408800000342,BV Đại học Y Dược TP.HCM,01/01/2026,31/12/2026,"136 Cách Mạng Tháng 8, Q.1, TP.HCM",0900000342,le.thu.truc.000342@cybersoft.demo,Operations,Marketing Executive,18/02/2025,Xác định thời hạn,24.000.000 VND,CS-ACA-000342_The_BHYT_Demo.png,CS-ACA-000342_Phieu_Thong_Tin_Nhan_Vien.pdf,DA_DOI_SOAT
CS-ACA-000343,Phạm Quốc Quân,Nam,19/10/1985,999000000343,8800000343,CS408800000343,BV Chợ Rẫy,01/01/2026,31/12/2026,"143 Nguyễn Thị Minh Khai, Q.3, TP.HCM",0900000343,pham.quoc.quan.000343@cybersoft.demo,Customer Service,HR Executive,27/03/2025,Không xác định thời hạn,12.000.000 VND,CS-ACA-000343_The_BHYT_Demo.png,CS-ACA-000343_Phieu_Thong_Tin_Nhan_Vien.pdf,DA_DOI_SOAT
CS-ACA-000344,Hoàng Thu Trúc,Nữ,25/11/1985,999000000344,8800000344,CS408800000344,BV Thống Nhất,01/01/2026,31/12/2026,"150 Điện Biên Phủ, Q.5, TP.HCM",0900000344,hoang.thu.truc.000344@cybersoft.demo,Academic,Accountant,03/05/2025,Xác định thời hạn,13.500.000 VND,CS-ACA-000344_The_BHYT_Demo.png,CS-ACA-000344_Phieu_Thong_Tin_Nhan_Vien.pdf,DA_DOI_SOAT
CS-ACA-000345,Huỳnh Hoàng Sơn,Nam,01/01/1986,999000000345,8800000345,CS408800000345,BV Gia Định,01/01/2026,31/12/2026,"157 Hoàng Văn Thụ, Q.7, TP.HCM",0900000345,huynh.hoang.son.000345@cybersoft.demo,Sales,IT Support,09/06/2025,Không xác định thời hạn,15.000.000 VND,CS-ACA-000345_The_BHYT_Demo.png,CS-ACA-000345_Phieu_Thong_Tin_Nhan_Vien.pdf,DA_DOI_SOAT
CS-ACA-000346,Võ Thanh Vy,Nữ,07/02/1986,999000000346,8800000346,CS408800000346,BV Nguyễn Tri Phương,01/01/2026,31/12/2026,"164 Trần Hưng Đạo, Q.10, TP.HCM",0900000346,vo.thanh.vy.000346@cybersoft.demo,Marketing,Admin Officer,16/07/2025,Xác định thời hạn,16.500.000 VND,CS-ACA-000346_The_BHYT_Demo.png,CS-ACA-000346_Phieu_Thong_Tin_Nhan_Vien.pdf,DA_DOI_SOAT
CS-ACA-000347,Vũ Hoàng Sơn,Nam,16/03/1986,999000000347,8800000347,CS408800000347,BV Quận 3,01/01/2026,31/12/2026,"171 Nguyễn Văn Cừ, Bình Thạnh, TP.HCM",0900000347,vu.hoang.son.000347@cybersoft.demo,HR,Training Coordinator,22/08/2025,Không xác định thời hạn,18.000.000 VND,CS-ACA-000347_The_BHYT_Demo.png,CS-ACA-000347_Phieu_Thong_Tin_Nhan_Vien.pdf,DA_DOI_SOAT
CS-ACA-000348,Đặng Mỹ Vy,Nữ,22/04/1986,999000000348,8800000348,CS408800000348,BV Tân Bình,01/01/2026,31/12/2026,"178 Nguyễn Trãi, Tân Bình, TP.HCM",0900000348,dang.my.vy.000348@cybersoft.demo,Accounting,Customer Service Officer,28/09/2025,Xác định thời hạn,19.500.000 VND,CS-ACA-000348_The_BHYT_Demo.png,CS-ACA-000348_Phieu_Thong_Tin_Nhan_Vien.pdf,DA_DOI_SOAT
CS-ACA-000349,Bùi Đức Sơn,Nam,29/05/1986,999000000349,8800000349,CS408800000349,BV Bình Thạnh,01/01/2026,31/12/2026,"185 Phan Xích Long, Phú Nhuận, TP.HCM",0900000349,bui.duc.son.000349@cybersoft.demo,IT,Data Assistant,04/11/2025,Không xác định thời hạn,21.000.000 VND,CS-ACA-000349_The_BHYT_Demo.png,CS-ACA-000349_Phieu_Thong_Tin_Nhan_Vien.pdf,DA_DOI_SOAT
CS-ACA-000350,Đỗ Mỹ Yến,Nữ,05/07/1986,999000000350,8800000350,CS408800000350,BV Quận 10,01/01/2026,31/12/2026,"192 Võ Văn Tần, Gò Vấp, TP.HCM",0900000350,do.my.yen.000350@cybersoft.demo,Operations,Mentor,11/12/2025,Xác định thời hạn,22.500.000 VND,CS-ACA-000350_The_BHYT_Demo.png,CS-ACA-000350_Phieu_Thong_Tin_Nhan_Vien.pdf,DA_DOI_SOAT
CS-ACA-000351,Hồ Hải Kiệt,Nam,11/08/1986,999000000351,8800000351,CS408800000351,BV Quận 7,01/01/2026,31/12/2026,"10 Lý Thường Kiệt, Q.1, TP.HCM",0900000351,ho.hai.kiet.000351@cybersoft.demo,Customer Service,Sales Executive,28/01/2024,Không xác định thời hạn,24.000.000 VND,CS-ACA-000351_The_BHYT_Demo.png,CS-ACA-000351_Phieu_Thong_Tin_Nhan_Vien.pdf,DA_DOI_SOAT
CS-ACA-000352,Ngô Lan Yến,Nữ,17/09/1986,999000000352,8800000352,CS408800000352,BV Hùng Vương,01/01/2026,31/12/2026,"17 Nguyễn Hữu Cảnh, Q.3, TP.HCM",0900000352,ngo.lan.yen.000352@cybersoft.demo,Academic,Marketing Executive,05/03/2024,Xác định thời hạn,12.000.000 VND,CS-ACA-000352_The_BHYT_Demo.png,CS-ACA-000352_Phieu_Thong_Tin_Nhan_Vien.pdf,DA_DOI_SOAT
CS-ACA-000353,Dương Hải Kiệt,Nam,24/10/1986,999000000353,8800000353,CS408800000353,BV Trưng Vương,01/01/2026,31/12/2026,"24 Pasteur, Q.5, TP.HCM",0900000353,duong.hai.kiet.000353@cybersoft.demo,Sales,HR Executive,11/04/2024,Không xác định thời hạn,13.500.000 VND,CS-ACA-000353_The_BHYT_Demo.png,CS-ACA-000353_Phieu_Thong_Tin_Nhan_Vien.pdf,DA_DOI_SOAT
CS-ACA-000354,Lý Phương Yến,Nữ,30/11/1986,999000000354,8800000354,CS408800000354,BV Quận Phú Nhuận,01/01/2026,31/12/2026,"31 Bạch Đằng, Q.7, TP.HCM",0900000354,ly.phuong.yen.000354@cybersoft.demo,Marketing,Accountant,18/05/2024,Xác định thời hạn,15.000.000 VND,CS-ACA-000354_The_BHYT_Demo.png,CS-ACA-000354_Phieu_Thong_Tin_Nhan_Vien.pdf,DA_DOI_SOAT
CS-ACA-000355,Tạ Tuấn Đăng,Nam,06/01/1987,999000000355,8800000355,CS408800000355,BV Đa khoa Sài Gòn,01/01/2026,31/12/2026,"38 Cao Thắng, Q.10, TP.HCM",0900000355,ta.tuan.dang.000355@cybersoft.demo,HR,IT Support,24/06/2024,Không xác định thời hạn,16.500.000 VND,CS-ACA-000355_The_BHYT_Demo.png,CS-ACA-000355_Phieu_Thong_Tin_Nhan_Vien.pdf,DA_DOI_SOAT
CS-ACA-000356,Cao Phương Hương,Nữ,12/02/1987,999000000356,8800000356,CS408800000356,BV Quốc tế City,01/01/2026,31/12/2026,"45 Trường Sơn, Bình Thạnh, TP.HCM",0900000356,cao.phuong.huong.000356@cybersoft.demo,Accounting,Admin Officer,31/07/2024,Xác định thời hạn,18.000.000 VND,CS-ACA-000356_The_BHYT_Demo.png,CS-ACA-000356_Phieu_Thong_Tin_Nhan_Vien.pdf,DA_DOI_SOAT
CS-ACA-000357,Mai Gia Đăng,Nam,21/03/1987,999000000357,8800000357,CS408800000357,BV Quận 4,01/01/2026,31/12/2026,"52 Nguyễn Kiệm, Tân Bình, TP.HCM",0900000357,mai.gia.dang.000357@cybersoft.demo,IT,Training Coordinator,06/09/2024,Không xác định thời hạn,19.500.000 VND,CS-ACA-000357_The_BHYT_Demo.png,CS-ACA-000357_Phieu_Thong_Tin_Nhan_Vien.pdf,DA_DOI_SOAT
CS-ACA-000358,Đinh Thảo Hương,Nữ,27/04/1987,999000000358,8800000358,CS408800000358,BV Quận 5,01/01/2026,31/12/2026,"59 An Dương Vương, Phú Nhuận, TP.HCM",0900000358,dinh.thao.huong.000358@cybersoft.demo,Operations,Customer Service Officer,13/10/2024,Xác định thời hạn,21.000.000 VND,CS-ACA-000358_The_BHYT_Demo.png,CS-ACA-000358_Phieu_Thong_Tin_Nhan_Vien.pdf,DA_DOI_SOAT
CS-ACA-000359,Trương Gia Đăng,Nam,03/06/1987,999000000359,8800000359,CS408800000359,BV Quận Gò Vấp,01/01/2026,31/12/2026,"66 Nguyễn Văn Linh, Gò Vấp, TP.HCM",0900000359,truong.gia.dang.000359@cybersoft.demo,Customer Service,Data Assistant,19/11/2024,Không xác định thời hạn,22.500.000 VND,CS-ACA-000359_The_BHYT_Demo.png,CS-ACA-000359_Phieu_Thong_Tin_Nhan_Vien.pdf,DA_DOI_SOAT
CS-ACA-000360,Nguyễn Thị Anh,Nữ,10/07/1987,999000000360,8800000360,CS408800000360,BV Nhân dân 115,01/01/2026,31/12/2026,"73 Nguyễn Đình Chiểu, Q.1, TP.HCM",0900000360,nguyen.thi.anh.000360@cybersoft.demo,Academic,Mentor,26/12/2024,Xác định thời hạn,24.000.000 VND,CS-ACA-000360_The_BHYT_Demo.png,CS-ACA-000360_Phieu_Thong_Tin_Nhan_Vien.pdf,DA_DOI_SOAT
CS-ACA-000361,Trần Văn An,Nam,16/08/1987,999000000361,8800000361,CS408800000361,BV Quận 1,01/01/2026,31/12/2026,"80 Lê Văn Sỹ, Q.3, TP.HCM",0900000361,tran.van.an.000361@cybersoft.demo,Sales,Sales Executive,01/02/2025,Không xác định thời hạn,12.000.000 VND,CS-ACA-000361_The_BHYT_Demo.png,CS-ACA-000361_Phieu_Thong_Tin_Nhan_Vien.pdf,DA_DOI_SOAT
CS-ACA-000362,Lê Thị Anh,Nữ,22/09/1987,999000000362,8800000362,CS408800000362,BV Đại học Y Dược TP.HCM,01/01/2026,31/12/2026,"87 Cách Mạng Tháng 8, Q.5, TP.HCM",0900000362,le.thi.anh.000362@cybersoft.demo,Marketing,Marketing Executive,10/03/2025,Xác định thời hạn,13.500.000 VND,CS-ACA-000362_The_BHYT_Demo.png,CS-ACA-000362_Phieu_Thong_Tin_Nhan_Vien.pdf,DA_DOI_SOAT
CS-ACA-000363,Phạm Minh An,Nam,29/10/1987,999000000363,8800000363,CS408800000363,BV Chợ Rẫy,01/01/2026,31/12/2026,"94 Nguyễn Thị Minh Khai, Q.7, TP.HCM",0900000363,pham.minh.an.000363@cybersoft.demo,HR,HR Executive,16/04/2025,Không xác định thời hạn,15.000.000 VND,CS-ACA-000363_The_BHYT_Demo.png,CS-ACA-000363_Phieu_Thong_Tin_Nhan_Vien.pdf,DA_DOI_SOAT
CS-ACA-000364,Hoàng Ngọc Anh,Nữ,05/12/1987,999000000364,8800000364,CS408800000364,BV Thống Nhất,01/01/2026,31/12/2026,"101 Điện Biên Phủ, Q.10, TP.HCM",0900000364,hoang.ngoc.anh.000364@cybersoft.demo,Accounting,Accountant,23/05/2025,Xác định thời hạn,16.500.000 VND,CS-ACA-000364_The_BHYT_Demo.png,CS-ACA-000364_Phieu_Thong_Tin_Nhan_Vien.pdf,DA_DOI_SOAT
CS-ACA-000365,Huỳnh Minh Bình,Nam,11/01/1988,999000000365,8800000365,CS408800000365,BV Gia Định,01/01/2026,31/12/2026,"108 Hoàng Văn Thụ, Bình Thạnh, TP.HCM",0900000365,huynh.minh.binh.000365@cybersoft.demo,IT,IT Support,29/06/2025,Không xác định thời hạn,18.000.000 VND,CS-ACA-000365_The_BHYT_Demo.png,CS-ACA-000365_Phieu_Thong_Tin_Nhan_Vien.pdf,DA_DOI_SOAT
CS-ACA-000366,Võ Thu Châu,Nữ,17/02/1988,999000000366,8800000366,CS408800000366,BV Nguyễn Tri Phương,01/01/2026,31/12/2026,"115 Trần Hưng Đạo, Tân Bình, TP.HCM",0900000366,vo.thu.chau.000366@cybersoft.demo,Operations,Admin Officer,05/08/2025,Xác định thời hạn,19.500.000 VND,CS-ACA-000366_The_BHYT_Demo.png,CS-ACA-000366_Phieu_Thong_Tin_Nhan_Vien.pdf,DA_DOI_SOAT
CS-ACA-000367,Vũ Quốc Bình,Nam,25/03/1988,999000000367,8800000367,CS408800000367,BV Quận 3,01/01/2026,31/12/2026,"122 Nguyễn Văn Cừ, Phú Nhuận, TP.HCM",0900000367,vu.quoc.binh.000367@cybersoft.demo,Customer Service,Training Coordinator,11/09/2025,Không xác định thời hạn,21.000.000 VND,CS-ACA-000367_The_BHYT_Demo.png,CS-ACA-000367_Phieu_Thong_Tin_Nhan_Vien.pdf,DA_DOI_SOAT
CS-ACA-000368,Đặng Thu Châu,Nữ,01/05/1988,999000000368,8800000368,CS408800000368,BV Tân Bình,01/01/2026,31/12/2026,"129 Nguyễn Trãi, Gò Vấp, TP.HCM",0900000368,dang.thu.chau.000368@cybersoft.demo,Academic,Customer Service Officer,18/10/2025,Xác định thời hạn,22.500.000 VND,CS-ACA-000368_The_BHYT_Demo.png,CS-ACA-000368_Phieu_Thong_Tin_Nhan_Vien.pdf,DA_DOI_SOAT
CS-ACA-000369,Bùi Hoàng Bình,Nam,07/06/1988,999000000369,8800000369,CS408800000369,BV Bình Thạnh,01/01/2026,31/12/2026,"136 Phan Xích Long, Q.1, TP.HCM",0900000369,bui.hoang.binh.000369@cybersoft.demo,Sales,Data Assistant,24/11/2025,Không xác định thời hạn,24.000.000 VND,CS-ACA-000369_The_BHYT_Demo.png,CS-ACA-000369_Phieu_Thong_Tin_Nhan_Vien.pdf,DA_DOI_SOAT
CS-ACA-000370,Đỗ Thanh Duyên,Nữ,14/07/1988,999000000370,8800000370,CS408800000370,BV Quận 10,01/01/2026,31/12/2026,"143 Võ Văn Tần, Q.3, TP.HCM",0900000370,do.thanh.duyen.000370@cybersoft.demo,Marketing,Mentor,11/01/2024,Xác định thời hạn,12.000.000 VND,CS-ACA-000370_The_BHYT_Demo.png,CS-ACA-000370_Phieu_Thong_Tin_Nhan_Vien.pdf,DA_DOI_SOAT
CS-ACA-000371,Hồ Hoàng Dũng,Nam,20/08/1988,999000000371,8800000371,CS408800000371,BV Quận 7,01/01/2026,31/12/2026,"150 Lý Thường Kiệt, Q.5, TP.HCM",0900000371,ho.hoang.dung.000371@cybersoft.demo,HR,Sales Executive,17/02/2024,Không xác định thời hạn,13.500.000 VND,CS-ACA-000371_The_BHYT_Demo.png,CS-ACA-000371_Phieu_Thong_Tin_Nhan_Vien.pdf,DA_DOI_SOAT
CS-ACA-000372,Ngô Mỹ Duyên,Nữ,26/09/1988,999000000372,8800000372,CS408800000372,BV Hùng Vương,01/01/2026,31/12/2026,"157 Nguyễn Hữu Cảnh, Q.7, TP.HCM",0900000372,ngo.my.duyen.000372@cybersoft.demo,Accounting,Marketing Executive,25/03/2024,Xác định thời hạn,15.000.000 VND,CS-ACA-000372_The_BHYT_Demo.png,CS-ACA-000372_Phieu_Thong_Tin_Nhan_Vien.pdf,DA_DOI_SOAT
CS-ACA-000373,Dương Đức Dũng,Nam,02/11/1988,999000000373,8800000373,CS408800000373,BV Trưng Vương,01/01/2026,31/12/2026,"164 Pasteur, Q.10, TP.HCM",0900000373,duong.duc.dung.000373@cybersoft.demo,IT,HR Executive,01/05/2024,Không xác định thời hạn,16.500.000 VND,CS-ACA-000373_The_BHYT_Demo.png,CS-ACA-000373_Phieu_Thong_Tin_Nhan_Vien.pdf,DA_DOI_SOAT
CS-ACA-000374,Lý Mỹ Duyên,Nữ,09/12/1988,999000000374,8800000374,CS408800000374,BV Quận Phú Nhuận,01/01/2026,31/12/2026,"171 Bạch Đằng, Bình Thạnh, TP.HCM",0900000374,ly.my.duyen.000374@cybersoft.demo,Operations,Accountant,07/06/2024,Xác định thời hạn,18.000.000 VND,CS-ACA-000374_The_BHYT_Demo.png,CS-ACA-000374_Phieu_Thong_Tin_Nhan_Vien.pdf,DA_DOI_SOAT
CS-ACA-000375,Tạ Hải Huy,Nam,15/01/1989,999000000375,8800000375,CS408800000375,BV Đa khoa Sài Gòn,01/01/2026,31/12/2026,"178 Cao Thắng, Tân Bình, TP.HCM",0900000375,ta.hai.huy.000375@cybersoft.demo,Customer Service,IT Support,14/07/2024,Không xác định thời hạn,19.500.000 VND,CS-ACA-000375_The_BHYT_Demo.png,CS-ACA-000375_Phieu_Thong_Tin_Nhan_Vien.pdf,DA_DOI_SOAT
CS-ACA-000376,Cao Lan Hà,Nữ,21/02/1989,999000000376,8800000376,CS408800000376,BV Quốc tế City,01/01/2026,31/12/2026,"185 Trường Sơn, Phú Nhuận, TP.HCM",0900000376,cao.lan.ha.000376@cybersoft.demo,Academic,Admin Officer,20/08/2024,Xác định thời hạn,21.000.000 VND,CS-ACA-000376_The_BHYT_Demo.png,CS-ACA-000376_Phieu_Thong_Tin_Nhan_Vien.pdf,DA_DOI_SOAT
CS-ACA-000377,Mai Hải Huy,Nam,30/03/1989,999000000377,8800000377,CS408800000377,BV Quận 4,01/01/2026,31/12/2026,"192 Nguyễn Kiệm, Gò Vấp, TP.HCM",0900000377,mai.hai.huy.000377@cybersoft.demo,Sales,Training Coordinator,26/09/2024,Không xác định thời hạn,22.500.000 VND,CS-ACA-000377_The_BHYT_Demo.png,CS-ACA-000377_Phieu_Thong_Tin_Nhan_Vien.pdf,DA_DOI_SOAT
CS-ACA-000378,Đinh Phương Hà,Nữ,06/05/1989,999000000378,8800000378,CS408800000378,BV Quận 5,01/01/2026,31/12/2026,"10 An Dương Vương, Q.1, TP.HCM",0900000378,dinh.phuong.ha.000378@cybersoft.demo,Marketing,Customer Service Officer,02/11/2024,Xác định thời hạn,24.000.000 VND,CS-ACA-000378_The_BHYT_Demo.png,CS-ACA-000378_Phieu_Thong_Tin_Nhan_Vien.pdf,DA_DOI_SOAT
CS-ACA-000379,Trương Tuấn Huy,Nam,12/06/1989,999000000379,8800000379,CS408800000379,BV Quận Gò Vấp,01/01/2026,31/12/2026,"17 Nguyễn Văn Linh, Q.3, TP.HCM",0900000379,truong.tuan.huy.000379@cybersoft.demo,HR,Data Assistant,09/12/2024,Không xác định thời hạn,12.000.000 VND,CS-ACA-000379_The_BHYT_Demo.png,CS-ACA-000379_Phieu_Thong_Tin_Nhan_Vien.pdf,DA_DOI_SOAT
CS-ACA-000380,Nguyễn Phương Linh,Nữ,19/07/1989,999000000380,8800000380,CS408800000380,BV Nhân dân 115,01/01/2026,31/12/2026,"24 Nguyễn Đình Chiểu, Q.5, TP.HCM",0900000380,nguyen.phuong.linh.000380@cybersoft.demo,Accounting,Mentor,15/01/2025,Xác định thời hạn,13.500.000 VND,CS-ACA-000380_The_BHYT_Demo.png,CS-ACA-000380_Phieu_Thong_Tin_Nhan_Vien.pdf,DA_DOI_SOAT
CS-ACA-000381,Trần Gia Khoa,Nam,25/08/1989,999000000381,8800000381,CS408800000381,BV Quận 1,01/01/2026,31/12/2026,"31 Lê Văn Sỹ, Q.7, TP.HCM",0900000381,tran.gia.khoa.000381@cybersoft.demo,IT,Sales Executive,21/02/2025,Không xác định thời hạn,15.000.000 VND,CS-ACA-000381_The_BHYT_Demo.png,CS-ACA-000381_Phieu_Thong_Tin_Nhan_Vien.pdf,DA_DOI_SOAT
CS-ACA-000382,Lê Thảo Linh,Nữ,01/10/1989,999000000382,8800000382,CS408800000382,BV Đại học Y Dược TP.HCM,01/01/2026,31/12/2026,"38 Cách Mạng Tháng 8, Q.10, TP.HCM",0900000382,le.thao.linh.000382@cybersoft.demo,Operations,Marketing Executive,30/03/2025,Xác định thời hạn,16.500.000 VND,CS-ACA-000382_The_BHYT_Demo.png,CS-ACA-000382_Phieu_Thong_Tin_Nhan_Vien.pdf,DA_DOI_SOAT
CS-ACA-000383,Phạm Gia Khoa,Nam,07/11/1989,999000000383,8800000383,CS408800000383,BV Chợ Rẫy,01/01/2026,31/12/2026,"45 Nguyễn Thị Minh Khai, Bình Thạnh, TP.HCM",0900000383,pham.gia.khoa.000383@cybersoft.demo,Customer Service,HR Executive,06/05/2025,Không xác định thời hạn,18.000.000 VND,CS-ACA-000383_The_BHYT_Demo.png,CS-ACA-000383_Phieu_Thong_Tin_Nhan_Vien.pdf,DA_DOI_SOAT
CS-ACA-000384,Hoàng Thị Linh,Nữ,14/12/1989,999000000384,8800000384,CS408800000384,BV Thống Nhất,01/01/2026,31/12/2026,"52 Điện Biên Phủ, Tân Bình, TP.HCM",0900000384,hoang.thi.linh.000384@cybersoft.demo,Academic,Accountant,12/06/2025,Xác định thời hạn,19.500.000 VND,CS-ACA-000384_The_BHYT_Demo.png,CS-ACA-000384_Phieu_Thong_Tin_Nhan_Vien.pdf,DA_DOI_SOAT
CS-ACA-000385,Huỳnh Văn Long,Nam,20/01/1990,999000000385,8800000385,CS408800000385,BV Gia Định,01/01/2026,31/12/2026,"59 Hoàng Văn Thụ, Phú Nhuận, TP.HCM",0900000385,huynh.van.long.000385@cybersoft.demo,Sales,IT Support,19/07/2025,Không xác định thời hạn,21.000.000 VND,CS-ACA-000385_The_BHYT_Demo.png,CS-ACA-000385_Phieu_Thong_Tin_Nhan_Vien.pdf,DA_DOI_SOAT
CS-ACA-000386,Võ Thị Mai,Nữ,26/02/1990,999000000386,8800000386,CS408800000386,BV Nguyễn Tri Phương,01/01/2026,31/12/2026,"66 Trần Hưng Đạo, Gò Vấp, TP.HCM",0900000386,vo.thi.mai.000386@cybersoft.demo,Marketing,Admin Officer,25/08/2025,Xác định thời hạn,22.500.000 VND,CS-ACA-000386_The_BHYT_Demo.png,CS-ACA-000386_Phieu_Thong_Tin_Nhan_Vien.pdf,DA_DOI_SOAT
CS-ACA-000387,Vũ Minh Long,Nam,04/04/1990,999000000387,8800000387,CS408800000387,BV Quận 3,01/01/2026,31/12/2026,"73 Nguyễn Văn Cừ, Q.1, TP.HCM",0900000387,vu.minh.long.000387@cybersoft.demo,HR,Training Coordinator,01/10/2025,Không xác định thời hạn,24.000.000 VND,CS-ACA-000387_The_BHYT_Demo.png,CS-ACA-000387_Phieu_Thong_Tin_Nhan_Vien.pdf,DA_DOI_SOAT
CS-ACA-000388,Đặng Ngọc Mai,Nữ,11/05/1990,999000000388,8800000388,CS408800000388,BV Tân Bình,01/01/2026,31/12/2026,"80 Nguyễn Trãi, Q.3, TP.HCM",0900000388,dang.ngoc.mai.000388@cybersoft.demo,Accounting,Customer Service Officer,07/11/2025,Xác định thời hạn,12.000.000 VND,CS-ACA-000388_The_BHYT_Demo.png,CS-ACA-000388_Phieu_Thong_Tin_Nhan_Vien.pdf,DA_DOI_SOAT
CS-ACA-000389,Bùi Minh Long,Nam,17/06/1990,999000000389,8800000389,CS408800000389,BV Bình Thạnh,01/01/2026,31/12/2026,"87 Phan Xích Long, Q.5, TP.HCM",0900000389,bui.minh.long.000389@cybersoft.demo,IT,Data Assistant,14/12/2025,Không xác định thời hạn,13.500.000 VND,CS-ACA-000389_The_BHYT_Demo.png,CS-ACA-000389_Phieu_Thong_Tin_Nhan_Vien.pdf,DA_DOI_SOAT
CS-ACA-000390,Đỗ Thu Nhi,Nữ,24/07/1990,999000000390,8800000390,CS408800000390,BV Quận 10,01/01/2026,31/12/2026,"94 Võ Văn Tần, Q.7, TP.HCM",0900000390,do.thu.nhi.000390@cybersoft.demo,Operations,Mentor,31/01/2024,Xác định thời hạn,15.000.000 VND,CS-ACA-000390_The_BHYT_Demo.png,CS-ACA-000390_Phieu_Thong_Tin_Nhan_Vien.pdf,DA_DOI_SOAT
CS-ACA-000391,Hồ Quốc Minh,Nam,30/08/1990,999000000391,8800000391,CS408800000391,BV Quận 7,01/01/2026,31/12/2026,"101 Lý Thường Kiệt, Q.10, TP.HCM",0900000391,ho.quoc.minh.000391@cybersoft.demo,Customer Service,Sales Executive,08/03/2024,Không xác định thời hạn,16.500.000 VND,CS-ACA-000391_The_BHYT_Demo.png,CS-ACA-000391_Phieu_Thong_Tin_Nhan_Vien.pdf,DA_DOI_SOAT
CS-ACA-000392,Ngô Thu Nhi,Nữ,06/10/1990,999000000392,8800000392,CS408800000392,BV Hùng Vương,01/01/2026,31/12/2026,"108 Nguyễn Hữu Cảnh, Bình Thạnh, TP.HCM",0900000392,ngo.thu.nhi.000392@cybersoft.demo,Academic,Marketing Executive,14/04/2024,Xác định thời hạn,18.000.000 VND,CS-ACA-000392_The_BHYT_Demo.png,CS-ACA-000392_Phieu_Thong_Tin_Nhan_Vien.pdf,DA_DOI_SOAT
CS-ACA-000393,Dương Hoàng Minh,Nam,12/11/1990,999000000393,8800000393,CS408800000393,BV Trưng Vương,01/01/2026,31/12/2026,"115 Pasteur, Tân Bình, TP.HCM",0900000393,duong.hoang.minh.000393@cybersoft.demo,Sales,HR Executive,21/05/2024,Không xác định thời hạn,19.500.000 VND,CS-ACA-000393_The_BHYT_Demo.png,CS-ACA-000393_Phieu_Thong_Tin_Nhan_Vien.pdf,DA_DOI_SOAT
CS-ACA-000394,Lý Thanh Nhi,Nữ,19/12/1990,999000000394,8800000394,CS408800000394,BV Quận Phú Nhuận,01/01/2026,31/12/2026,"122 Bạch Đằng, Phú Nhuận, TP.HCM",0900000394,ly.thanh.nhi.000394@cybersoft.demo,Marketing,Accountant,27/06/2024,Xác định thời hạn,21.000.000 VND,CS-ACA-000394_The_BHYT_Demo.png,CS-ACA-000394_Phieu_Thong_Tin_Nhan_Vien.pdf,DA_DOI_SOAT
CS-ACA-000395,Tạ Hoàng Nam,Nam,25/01/1991,999000000395,8800000395,CS408800000395,BV Đa khoa Sài Gòn,01/01/2026,31/12/2026,"129 Cao Thắng, Gò Vấp, TP.HCM",0900000395,ta.hoang.nam.000395@cybersoft.demo,HR,IT Support,03/08/2024,Không xác định thời hạn,22.500.000 VND,CS-ACA-000395_The_BHYT_Demo.png,CS-ACA-000395_Phieu_Thong_Tin_Nhan_Vien.pdf,DA_DOI_SOAT
CS-ACA-000396,Cao Mỹ Ngọc,Nữ,03/03/1991,999000000396,8800000396,CS408800000396,BV Quốc tế City,01/01/2026,31/12/2026,"136 Trường Sơn, Q.1, TP.HCM",0900000396,cao.my.ngoc.000396@cybersoft.demo,Accounting,Admin Officer,09/09/2024,Xác định thời hạn,24.000.000 VND,CS-ACA-000396_The_BHYT_Demo.png,CS-ACA-000396_Phieu_Thong_Tin_Nhan_Vien.pdf,DA_DOI_SOAT
CS-ACA-000397,Mai Đức Nam,Nam,09/04/1991,999000000397,8800000397,CS408800000397,BV Quận 4,01/01/2026,31/12/2026,"143 Nguyễn Kiệm, Q.3, TP.HCM",0900000397,mai.duc.nam.000397@cybersoft.demo,IT,Training Coordinator,16/10/2024,Không xác định thời hạn,12.000.000 VND,CS-ACA-000397_The_BHYT_Demo.png,CS-ACA-000397_Phieu_Thong_Tin_Nhan_Vien.pdf,DA_DOI_SOAT
CS-ACA-000398,Đinh Mỹ Ngọc,Nữ,16/05/1991,999000000398,8800000398,CS408800000398,BV Quận 5,01/01/2026,31/12/2026,"150 An Dương Vương, Q.5, TP.HCM",0900000398,dinh.my.ngoc.000398@cybersoft.demo,Operations,Customer Service Officer,22/11/2024,Xác định thời hạn,13.500.000 VND,CS-ACA-000398_The_BHYT_Demo.png,CS-ACA-000398_Phieu_Thong_Tin_Nhan_Vien.pdf,DA_DOI_SOAT
CS-ACA-000399,Trương Hải Nam,Nam,22/06/1991,999000000399,8800000399,CS408800000399,BV Quận Gò Vấp,01/01/2026,31/12/2026,"157 Nguyễn Văn Linh, Q.7, TP.HCM",0900000399,truong.hai.nam.000399@cybersoft.demo,Customer Service,Data Assistant,29/12/2024,Không xác định thời hạn,15.000.000 VND,CS-ACA-000399_The_BHYT_Demo.png,CS-ACA-000399_Phieu_Thong_Tin_Nhan_Vien.pdf,DA_DOI_SOAT
CS-ACA-000400,Nguyễn Lan Trúc,Nữ,29/07/1991,999000000400,8800000400,CS408800000400,BV Nhân dân 115,01/01/2026,31/12/2026,"164 Nguyễn Đình Chiểu, Q.10, TP.HCM",0900000400,nguyen.lan.truc.000400@cybersoft.demo,Academic,Mentor,04/02/2025,Xác định thời hạn,16.500.000 VND,CS-ACA-000400_The_BHYT_Demo.png,CS-ACA-000400_Phieu_Thong_Tin_Nhan_Vien.pdf,DA_DOI_SOAT
CS-ACA-000401,Trần Hải Quân,Nam,04/09/1991,999000000401,8800000401,CS408800000401,BV Quận 1,01/01/2026,31/12/2026,"171 Lê Văn Sỹ, Bình Thạnh, TP.HCM",0900000401,tran.hai.quan.000401@cybersoft.demo,Sales,Sales Executive,13/03/2025,Không xác định thời hạn,18.000.000 VND,CS-ACA-000401_The_BHYT_Demo.png,CS-ACA-000401_Phieu_Thong_Tin_Nhan_Vien.pdf,DA_DOI_SOAT
CS-ACA-000402,Lê Phương Trúc,Nữ,11/10/1991,999000000402,8800000402,CS408800000402,BV Đại học Y Dược TP.HCM,01/01/2026,31/12/2026,"178 Cách Mạng Tháng 8, Tân Bình, TP.HCM",0900000402,le.phuong.truc.000402@cybersoft.demo,Marketing,Marketing Executive,19/04/2025,Xác định thời hạn,19.500.000 VND,CS-ACA-000402_The_BHYT_Demo.png,CS-ACA-000402_Phieu_Thong_Tin_Nhan_Vien.pdf,DA_DOI_SOAT
CS-ACA-000403,Phạm Tuấn Quân,Nam,17/11/1991,999000000403,8800000403,CS408800000403,BV Chợ Rẫy,01/01/2026,31/12/2026,"185 Nguyễn Thị Minh Khai, Phú Nhuận, TP.HCM",0900000403,pham.tuan.quan.000403@cybersoft.demo,HR,HR Executive,26/05/2025,Không xác định thời hạn,21.000.000 VND,CS-ACA-000403_The_BHYT_Demo.png,CS-ACA-000403_Phieu_Thong_Tin_Nhan_Vien.pdf,DA_DOI_SOAT
CS-ACA-000404,Hoàng Phương Trúc,Nữ,24/12/1991,999000000404,8800000404,CS408800000404,BV Thống Nhất,01/01/2026,31/12/2026,"192 Điện Biên Phủ, Gò Vấp, TP.HCM",0900000404,hoang.phuong.truc.000404@cybersoft.demo,Accounting,Accountant,02/07/2025,Xác định thời hạn,22.500.000 VND,CS-ACA-000404_The_BHYT_Demo.png,CS-ACA-000404_Phieu_Thong_Tin_Nhan_Vien.pdf,DA_DOI_SOAT
CS-ACA-000405,Huỳnh Gia Sơn,Nam,30/01/1992,999000000405,8800000405,CS408800000405,BV Gia Định,01/01/2026,31/12/2026,"10 Hoàng Văn Thụ, Q.1, TP.HCM",0900000405,huynh.gia.son.000405@cybersoft.demo,IT,IT Support,08/08/2025,Không xác định thời hạn,24.000.000 VND,CS-ACA-000405_The_BHYT_Demo.png,CS-ACA-000405_Phieu_Thong_Tin_Nhan_Vien.pdf,DA_DOI_SOAT
CS-ACA-000406,Võ Thảo Vy,Nữ,07/03/1992,999000000406,8800000406,CS408800000406,BV Nguyễn Tri Phương,01/01/2026,31/12/2026,"17 Trần Hưng Đạo, Q.3, TP.HCM",0900000406,vo.thao.vy.000406@cybersoft.demo,Operations,Admin Officer,14/09/2025,Xác định thời hạn,12.000.000 VND,CS-ACA-000406_The_BHYT_Demo.png,CS-ACA-000406_Phieu_Thong_Tin_Nhan_Vien.pdf,DA_DOI_SOAT
CS-ACA-000407,Vũ Gia Sơn,Nam,13/04/1992,999000000407,8800000407,CS408800000407,BV Quận 3,01/01/2026,31/12/2026,"24 Nguyễn Văn Cừ, Q.5, TP.HCM",0900000407,vu.gia.son.000407@cybersoft.demo,Customer Service,Training Coordinator,21/10/2025,Không xác định thời hạn,13.500.000 VND,CS-ACA-000407_The_BHYT_Demo.png,CS-ACA-000407_Phieu_Thong_Tin_Nhan_Vien.pdf,DA_DOI_SOAT
CS-ACA-000408,Đặng Thị Vy,Nữ,20/05/1992,999000000408,8800000408,CS408800000408,BV Tân Bình,01/01/2026,31/12/2026,"31 Nguyễn Trãi, Q.7, TP.HCM",0900000408,dang.thi.vy.000408@cybersoft.demo,Academic,Customer Service Officer,27/11/2025,Xác định thời hạn,15.000.000 VND,CS-ACA-000408_The_BHYT_Demo.png,CS-ACA-000408_Phieu_Thong_Tin_Nhan_Vien.pdf,DA_DOI_SOAT
CS-ACA-000409,Bùi Văn Sơn,Nam,26/06/1992,999000000409,8800000409,CS408800000409,BV Bình Thạnh,01/01/2026,31/12/2026,"38 Phan Xích Long, Q.10, TP.HCM",0900000409,bui.van.son.000409@cybersoft.demo,Sales,Data Assistant,14/01/2024,Không xác định thời hạn,16.500.000 VND,CS-ACA-000409_The_BHYT_Demo.png,CS-ACA-000409_Phieu_Thong_Tin_Nhan_Vien.pdf,DA_DOI_SOAT
CS-ACA-000410,Đỗ Thị Yến,Nữ,02/08/1992,999000000410,8800000410,CS408800000410,BV Quận 10,01/01/2026,31/12/2026,"45 Võ Văn Tần, Bình Thạnh, TP.HCM",0900000410,do.thi.yen.000410@cybersoft.demo,Marketing,Mentor,20/02/2024,Xác định thời hạn,18.000.000 VND,CS-ACA-000410_The_BHYT_Demo.png,CS-ACA-000410_Phieu_Thong_Tin_Nhan_Vien.pdf,DA_DOI_SOAT
CS-ACA-000411,Hồ Minh Kiệt,Nam,08/09/1992,999000000411,8800000411,CS408800000411,BV Quận 7,01/01/2026,31/12/2026,"52 Lý Thường Kiệt, Tân Bình, TP.HCM",0900000411,ho.minh.kiet.000411@cybersoft.demo,HR,Sales Executive,28/03/2024,Không xác định thời hạn,19.500.000 VND,CS-ACA-000411_The_BHYT_Demo.png,CS-ACA-000411_Phieu_Thong_Tin_Nhan_Vien.pdf,DA_DOI_SOAT
CS-ACA-000412,Ngô Ngọc Yến,Nữ,15/10/1992,999000000412,8800000412,CS408800000412,BV Hùng Vương,01/01/2026,31/12/2026,"59 Nguyễn Hữu Cảnh, Phú Nhuận, TP.HCM",0900000412,ngo.ngoc.yen.000412@cybersoft.demo,Accounting,Marketing Executive,04/05/2024,Xác định thời hạn,21.000.000 VND,CS-ACA-000412_The_BHYT_Demo.png,CS-ACA-000412_Phieu_Thong_Tin_Nhan_Vien.pdf,DA_DOI_SOAT
CS-ACA-000413,Dương Minh Kiệt,Nam,21/11/1992,999000000413,8800000413,CS408800000413,BV Trưng Vương,01/01/2026,31/12/2026,"66 Pasteur, Gò Vấp, TP.HCM",0900000413,duong.minh.kiet.000413@cybersoft.demo,IT,HR Executive,10/06/2024,Không xác định thời hạn,22.500.000 VND,CS-ACA-000413_The_BHYT_Demo.png,CS-ACA-000413_Phieu_Thong_Tin_Nhan_Vien.pdf,DA_DOI_SOAT
CS-ACA-000414,Lý Thu Yến,Nữ,28/12/1992,999000000414,8800000414,CS408800000414,BV Quận Phú Nhuận,01/01/2026,31/12/2026,"73 Bạch Đằng, Q.1, TP.HCM",0900000414,ly.thu.yen.000414@cybersoft.demo,Operations,Accountant,17/07/2024,Xác định thời hạn,24.000.000 VND,CS-ACA-000414_The_BHYT_Demo.png,CS-ACA-000414_Phieu_Thong_Tin_Nhan_Vien.pdf,DA_DOI_SOAT
CS-ACA-000415,Tạ Quốc Đăng,Nam,03/02/1993,999000000415,8800000415,CS408800000415,BV Đa khoa Sài Gòn,01/01/2026,31/12/2026,"80 Cao Thắng, Q.3, TP.HCM",0900000415,ta.quoc.dang.000415@cybersoft.demo,Customer Service,IT Support,23/08/2024,Không xác định thời hạn,12.000.000 VND,CS-ACA-000415_The_BHYT_Demo.png,CS-ACA-000415_Phieu_Thong_Tin_Nhan_Vien.pdf,DA_DOI_SOAT
CS-ACA-000416,Cao Thu Hương,Nữ,12/03/1993,999000000416,8800000416,CS408800000416,BV Quốc tế City,01/01/2026,31/12/2026,"87 Trường Sơn, Q.5, TP.HCM",0900000416,cao.thu.huong.000416@cybersoft.demo,Academic,Admin Officer,29/09/2024,Xác định thời hạn,13.500.000 VND,CS-ACA-000416_The_BHYT_Demo.png,CS-ACA-000416_Phieu_Thong_Tin_Nhan_Vien.pdf,DA_DOI_SOAT
CS-ACA-000417,Mai Hoàng Đăng,Nam,18/04/1993,999000000417,8800000417,CS408800000417,BV Quận 4,01/01/2026,31/12/2026,"94 Nguyễn Kiệm, Q.7, TP.HCM",0900000417,mai.hoang.dang.000417@cybersoft.demo,Sales,Training Coordinator,05/11/2024,Không xác định thời hạn,15.000.000 VND,CS-ACA-000417_The_BHYT_Demo.png,CS-ACA-000417_Phieu_Thong_Tin_Nhan_Vien.pdf,DA_DOI_SOAT
CS-ACA-000418,Đinh Thanh Hương,Nữ,25/05/1993,999000000418,8800000418,CS408800000418,BV Quận 5,01/01/2026,31/12/2026,"101 An Dương Vương, Q.10, TP.HCM",0900000418,dinh.thanh.huong.000418@cybersoft.demo,Marketing,Customer Service Officer,12/12/2024,Xác định thời hạn,16.500.000 VND,CS-ACA-000418_The_BHYT_Demo.png,CS-ACA-000418_Phieu_Thong_Tin_Nhan_Vien.pdf,DA_DOI_SOAT
CS-ACA-000419,Trương Hoàng Đăng,Nam,01/07/1993,999000000419,8800000419,CS408800000419,BV Quận Gò Vấp,01/01/2026,31/12/2026,"108 Nguyễn Văn Linh, Bình Thạnh, TP.HCM",0900000419,truong.hoang.dang.000419@cybersoft.demo,HR,Data Assistant,18/01/2025,Không xác định thời hạn,18.000.000 VND,CS-ACA-000419_The_BHYT_Demo.png,CS-ACA-000419_Phieu_Thong_Tin_Nhan_Vien.pdf,DA_DOI_SOAT
CS-ACA-000420,Nguyễn Mỹ Anh,Nữ,07/08/1993,999000000420,8800000420,CS408800000420,BV Nhân dân 115,01/01/2026,31/12/2026,"115 Nguyễn Đình Chiểu, Tân Bình, TP.HCM",0900000420,nguyen.my.anh.000420@cybersoft.demo,Accounting,Mentor,24/02/2025,Xác định thời hạn,19.500.000 VND,CS-ACA-000420_The_BHYT_Demo.png,CS-ACA-000420_Phieu_Thong_Tin_Nhan_Vien.pdf,DA_DOI_SOAT
CS-ACA-000421,Trần Đức An,Nam,13/09/1993,999000000421,8800000421,CS408800000421,BV Quận 1,01/01/2026,31/12/2026,"122 Lê Văn Sỹ, Phú Nhuận, TP.HCM",0900000421,tran.duc.an.000421@cybersoft.demo,IT,Sales Executive,02/04/2025,Không xác định thời hạn,21.000.000 VND,CS-ACA-000421_The_BHYT_Demo.png,CS-ACA-000421_Phieu_Thong_Tin_Nhan_Vien.pdf,DA_DOI_SOAT
CS-ACA-000422,Lê Mỹ Anh,Nữ,20/10/1993,999000000422,8800000422,CS408800000422,BV Đại học Y Dược TP.HCM,01/01/2026,31/12/2026,"129 Cách Mạng Tháng 8, Gò Vấp, TP.HCM",0900000422,le.my.anh.000422@cybersoft.demo,Operations,Marketing Executive,09/05/2025,Xác định thời hạn,22.500.000 VND,CS-ACA-000422_The_BHYT_Demo.png,CS-ACA-000422_Phieu_Thong_Tin_Nhan_Vien.pdf,DA_DOI_SOAT
CS-ACA-000423,Phạm Hải An,Nam,26/11/1993,999000000423,8800000423,CS408800000423,BV Chợ Rẫy,01/01/2026,31/12/2026,"136 Nguyễn Thị Minh Khai, Q.1, TP.HCM",0900000423,pham.hai.an.000423@cybersoft.demo,Customer Service,HR Executive,15/06/2025,Không xác định thời hạn,24.000.000 VND,CS-ACA-000423_The_BHYT_Demo.png,CS-ACA-000423_Phieu_Thong_Tin_Nhan_Vien.pdf,DA_DOI_SOAT
CS-ACA-000424,Hoàng Lan Anh,Nữ,02/01/1994,999000000424,8800000424,CS408800000424,BV Thống Nhất,01/01/2026,31/12/2026,"143 Điện Biên Phủ, Q.3, TP.HCM",0900000424,hoang.lan.anh.000424@cybersoft.demo,Academic,Accountant,22/07/2025,Xác định thời hạn,12.000.000 VND,CS-ACA-000424_The_BHYT_Demo.png,CS-ACA-000424_Phieu_Thong_Tin_Nhan_Vien.pdf,DA_DOI_SOAT
CS-ACA-000425,Huỳnh Hải Bình,Nam,08/02/1994,999000000425,8800000425,CS408800000425,BV Gia Định,01/01/2026,31/12/2026,"150 Hoàng Văn Thụ, Q.5, TP.HCM",0900000425,huynh.hai.binh.000425@cybersoft.demo,Sales,IT Support,28/08/2025,Không xác định thời hạn,13.500.000 VND,CS-ACA-000425_The_BHYT_Demo.png,CS-ACA-000425_Phieu_Thong_Tin_Nhan_Vien.pdf,DA_DOI_SOAT
CS-ACA-000426,Võ Phương Châu,Nữ,17/03/1994,999000000426,8800000426,CS408800000426,BV Nguyễn Tri Phương,01/01/2026,31/12/2026,"157 Trần Hưng Đạo, Q.7, TP.HCM",0900000426,vo.phuong.chau.000426@cybersoft.demo,Marketing,Admin Officer,04/10/2025,Xác định thời hạn,15.000.000 VND,CS-ACA-000426_The_BHYT_Demo.png,CS-ACA-000426_Phieu_Thong_Tin_Nhan_Vien.pdf,DA_DOI_SOAT
CS-ACA-000427,Vũ Tuấn Bình,Nam,23/04/1994,999000000427,8800000427,CS408800000427,BV Quận 3,01/01/2026,31/12/2026,"164 Nguyễn Văn Cừ, Q.10, TP.HCM",0900000427,vu.tuan.binh.000427@cybersoft.demo,HR,Training Coordinator,10/11/2025,Không xác định thời hạn,16.500.000 VND,CS-ACA-000427_The_BHYT_Demo.png,CS-ACA-000427_Phieu_Thong_Tin_Nhan_Vien.pdf,DA_DOI_SOAT
CS-ACA-000428,Đặng Phương Châu,Nữ,30/05/1994,999000000428,8800000428,CS408800000428,BV Tân Bình,01/01/2026,31/12/2026,"171 Nguyễn Trãi, Bình Thạnh, TP.HCM",0900000428,dang.phuong.chau.000428@cybersoft.demo,Accounting,Customer Service Officer,17/12/2025,Xác định thời hạn,18.000.000 VND,CS-ACA-000428_The_BHYT_Demo.png,CS-ACA-000428_Phieu_Thong_Tin_Nhan_Vien.pdf,DA_DOI_SOAT
CS-ACA-000429,Bùi Gia Bình,Nam,06/07/1994,999000000429,8800000429,CS408800000429,BV Bình Thạnh,01/01/2026,31/12/2026,"178 Phan Xích Long, Tân Bình, TP.HCM",0900000429,bui.gia.binh.000429@cybersoft.demo,IT,Data Assistant,03/02/2024,Không xác định thời hạn,19.500.000 VND,CS-ACA-000429_The_BHYT_Demo.png,CS-ACA-000429_Phieu_Thong_Tin_Nhan_Vien.pdf,DA_DOI_SOAT
CS-ACA-000430,Đỗ Thảo Duyên,Nữ,12/08/1994,999000000430,8800000430,CS408800000430,BV Quận 10,01/01/2026,31/12/2026,"185 Võ Văn Tần, Phú Nhuận, TP.HCM",0900000430,do.thao.duyen.000430@cybersoft.demo,Operations,Mentor,11/03/2024,Xác định thời hạn,21.000.000 VND,CS-ACA-000430_The_BHYT_Demo.png,CS-ACA-000430_Phieu_Thong_Tin_Nhan_Vien.pdf,DA_DOI_SOAT
CS-ACA-000431,Hồ Gia Dũng,Nam,18/09/1994,999000000431,8800000431,CS408800000431,BV Quận 7,01/01/2026,31/12/2026,"192 Lý Thường Kiệt, Gò Vấp, TP.HCM",0900000431,ho.gia.dung.000431@cybersoft.demo,Customer Service,Sales Executive,17/04/2024,Không xác định thời hạn,22.500.000 VND,CS-ACA-000431_The_BHYT_Demo.png,CS-ACA-000431_Phieu_Thong_Tin_Nhan_Vien.pdf,DA_DOI_SOAT
CS-ACA-000432,Ngô Thị Duyên,Nữ,25/10/1994,999000000432,8800000432,CS408800000432,BV Hùng Vương,01/01/2026,31/12/2026,"10 Nguyễn Hữu Cảnh, Q.1, TP.HCM",0900000432,ngo.thi.duyen.000432@cybersoft.demo,Academic,Marketing Executive,24/05/2024,Xác định thời hạn,24.000.000 VND,CS-ACA-000432_The_BHYT_Demo.png,CS-ACA-000432_Phieu_Thong_Tin_Nhan_Vien.pdf,DA_DOI_SOAT
CS-ACA-000433,Dương Văn Dũng,Nam,01/12/1994,999000000433,8800000433,CS408800000433,BV Trưng Vương,01/01/2026,31/12/2026,"17 Pasteur, Q.3, TP.HCM",0900000433,duong.van.dung.000433@cybersoft.demo,Sales,HR Executive,30/06/2024,Không xác định thời hạn,12.000.000 VND,CS-ACA-000433_The_BHYT_Demo.png,CS-ACA-000433_Phieu_Thong_Tin_Nhan_Vien.pdf,DA_DOI_SOAT
CS-ACA-000434,Lý Thị Duyên,Nữ,07/01/1995,999000000434,8800000434,CS408800000434,BV Quận Phú Nhuận,01/01/2026,31/12/2026,"24 Bạch Đằng, Q.5, TP.HCM",0900000434,ly.thi.duyen.000434@cybersoft.demo,Marketing,Accountant,06/08/2024,Xác định thời hạn,13.500.000 VND,CS-ACA-000434_The_BHYT_Demo.png,CS-ACA-000434_Phieu_Thong_Tin_Nhan_Vien.pdf,DA_DOI_SOAT
CS-ACA-000435,Tạ Minh Huy,Nam,13/02/1995,999000000435,8800000435,CS408800000435,BV Đa khoa Sài Gòn,01/01/2026,31/12/2026,"31 Cao Thắng, Q.7, TP.HCM",0900000435,ta.minh.huy.000435@cybersoft.demo,HR,IT Support,12/09/2024,Không xác định thời hạn,15.000.000 VND,CS-ACA-000435_The_BHYT_Demo.png,CS-ACA-000435_Phieu_Thong_Tin_Nhan_Vien.pdf,DA_DOI_SOAT
CS-ACA-000436,Cao Ngọc Hà,Nữ,22/03/1995,999000000436,8800000436,CS408800000436,BV Quốc tế City,01/01/2026,31/12/2026,"38 Trường Sơn, Q.10, TP.HCM",0900000436,cao.ngoc.ha.000436@cybersoft.demo,Accounting,Admin Officer,19/10/2024,Xác định thời hạn,16.500.000 VND,CS-ACA-000436_The_BHYT_Demo.png,CS-ACA-000436_Phieu_Thong_Tin_Nhan_Vien.pdf,DA_DOI_SOAT
CS-ACA-000437,Mai Minh Huy,Nam,28/04/1995,999000000437,8800000437,CS408800000437,BV Quận 4,01/01/2026,31/12/2026,"45 Nguyễn Kiệm, Bình Thạnh, TP.HCM",0900000437,mai.minh.huy.000437@cybersoft.demo,IT,Training Coordinator,25/11/2024,Không xác định thời hạn,18.000.000 VND,CS-ACA-000437_The_BHYT_Demo.png,CS-ACA-000437_Phieu_Thong_Tin_Nhan_Vien.pdf,DA_DOI_SOAT
CS-ACA-000438,Đinh Thu Hà,Nữ,04/06/1995,999000000438,8800000438,CS408800000438,BV Quận 5,01/01/2026,31/12/2026,"52 An Dương Vương, Tân Bình, TP.HCM",0900000438,dinh.thu.ha.000438@cybersoft.demo,Operations,Customer Service Officer,01/01/2025,Xác định thời hạn,19.500.000 VND,CS-ACA-000438_The_BHYT_Demo.png,CS-ACA-000438_Phieu_Thong_Tin_Nhan_Vien.pdf,DA_DOI_SOAT
CS-ACA-000439,Trương Quốc Huy,Nam,11/07/1995,999000000439,8800000439,CS408800000439,BV Quận Gò Vấp,01/01/2026,31/12/2026,"59 Nguyễn Văn Linh, Phú Nhuận, TP.HCM",0900000439,truong.quoc.huy.000439@cybersoft.demo,Customer Service,Data Assistant,07/02/2025,Không xác định thời hạn,21.000.000 VND,CS-ACA-000439_The_BHYT_Demo.png,CS-ACA-000439_Phieu_Thong_Tin_Nhan_Vien.pdf,DA_DOI_SOAT
CS-ACA-000440,Nguyễn Thu Linh,Nữ,17/08/1995,999000000440,8800000440,CS408800000440,BV Nhân dân 115,01/01/2026,31/12/2026,"66 Nguyễn Đình Chiểu, Gò Vấp, TP.HCM",0900000440,nguyen.thu.linh.000440@cybersoft.demo,Academic,Mentor,16/03/2025,Xác định thời hạn,22.500.000 VND,CS-ACA-000440_The_BHYT_Demo.png,CS-ACA-000440_Phieu_Thong_Tin_Nhan_Vien.pdf,DA_DOI_SOAT
CS-ACA-000441,Trần Hoàng Khoa,Nam,23/09/1995,999000000441,8800000441,CS408800000441,BV Quận 1,01/01/2026,31/12/2026,"73 Lê Văn Sỹ, Q.1, TP.HCM",0900000441,tran.hoang.khoa.000441@cybersoft.demo,Sales,Sales Executive,22/04/2025,Không xác định thời hạn,24.000.000 VND,CS-ACA-000441_The_BHYT_Demo.png,CS-ACA-000441_Phieu_Thong_Tin_Nhan_Vien.pdf,DA_DOI_SOAT
CS-ACA-000442,Lê Thanh Linh,Nữ,30/10/1995,999000000442,8800000442,CS408800000442,BV Đại học Y Dược TP.HCM,01/01/2026,31/12/2026,"80 Cách Mạng Tháng 8, Q.3, TP.HCM",0900000442,le.thanh.linh.000442@cybersoft.demo,Marketing,Marketing Executive,29/05/2025,Xác định thời hạn,12.000.000 VND,CS-ACA-000442_The_BHYT_Demo.png,CS-ACA-000442_Phieu_Thong_Tin_Nhan_Vien.pdf,DA_DOI_SOAT
CS-ACA-000443,Phạm Hoàng Khoa,Nam,06/12/1995,999000000443,8800000443,CS408800000443,BV Chợ Rẫy,01/01/2026,31/12/2026,"87 Nguyễn Thị Minh Khai, Q.5, TP.HCM",0900000443,pham.hoang.khoa.000443@cybersoft.demo,HR,HR Executive,05/07/2025,Không xác định thời hạn,13.500.000 VND,CS-ACA-000443_The_BHYT_Demo.png,CS-ACA-000443_Phieu_Thong_Tin_Nhan_Vien.pdf,DA_DOI_SOAT
CS-ACA-000444,Hoàng Mỹ Linh,Nữ,12/01/1996,999000000444,8800000444,CS408800000444,BV Thống Nhất,01/01/2026,31/12/2026,"94 Điện Biên Phủ, Q.7, TP.HCM",0900000444,hoang.my.linh.000444@cybersoft.demo,Accounting,Accountant,11/08/2025,Xác định thời hạn,15.000.000 VND,CS-ACA-000444_The_BHYT_Demo.png,CS-ACA-000444_Phieu_Thong_Tin_Nhan_Vien.pdf,DA_DOI_SOAT
CS-ACA-000445,Huỳnh Đức Long,Nam,18/02/1996,999000000445,8800000445,CS408800000445,BV Gia Định,01/01/2026,31/12/2026,"101 Hoàng Văn Thụ, Q.10, TP.HCM",0900000445,huynh.duc.long.000445@cybersoft.demo,IT,IT Support,17/09/2025,Không xác định thời hạn,16.500.000 VND,CS-ACA-000445_The_BHYT_Demo.png,CS-ACA-000445_Phieu_Thong_Tin_Nhan_Vien.pdf,DA_DOI_SOAT
CS-ACA-000446,Võ Mỹ Mai,Nữ,26/03/1996,999000000446,8800000446,CS408800000446,BV Nguyễn Tri Phương,01/01/2026,31/12/2026,"108 Trần Hưng Đạo, Bình Thạnh, TP.HCM",0900000446,vo.my.mai.000446@cybersoft.demo,Operations,Admin Officer,24/10/2025,Xác định thời hạn,18.000.000 VND,CS-ACA-000446_The_BHYT_Demo.png,CS-ACA-000446_Phieu_Thong_Tin_Nhan_Vien.pdf,DA_DOI_SOAT
CS-ACA-000447,Vũ Hải Long,Nam,02/05/1996,999000000447,8800000447,CS408800000447,BV Quận 3,01/01/2026,31/12/2026,"115 Nguyễn Văn Cừ, Tân Bình, TP.HCM",0900000447,vu.hai.long.000447@cybersoft.demo,Customer Service,Training Coordinator,30/11/2025,Không xác định thời hạn,19.500.000 VND,CS-ACA-000447_The_BHYT_Demo.png,CS-ACA-000447_Phieu_Thong_Tin_Nhan_Vien.pdf,DA_DOI_SOAT
CS-ACA-000448,Đặng Lan Mai,Nữ,08/06/1996,999000000448,8800000448,CS408800000448,BV Tân Bình,01/01/2026,31/12/2026,"122 Nguyễn Trãi, Phú Nhuận, TP.HCM",0900000448,dang.lan.mai.000448@cybersoft.demo,Academic,Customer Service Officer,17/01/2024,Xác định thời hạn,21.000.000 VND,CS-ACA-000448_The_BHYT_Demo.png,CS-ACA-000448_Phieu_Thong_Tin_Nhan_Vien.pdf,DA_DOI_SOAT
CS-ACA-000449,Bùi Hải Long,Nam,15/07/1996,999000000449,8800000449,CS408800000449,BV Bình Thạnh,01/01/2026,31/12/2026,"129 Phan Xích Long, Gò Vấp, TP.HCM",0900000449,bui.hai.long.000449@cybersoft.demo,Sales,Data Assistant,23/02/2024,Không xác định thời hạn,22.500.000 VND,CS-ACA-000449_The_BHYT_Demo.png,CS-ACA-000449_Phieu_Thong_Tin_Nhan_Vien.pdf,DA_DOI_SOAT
CS-ACA-000450,Đỗ Phương Nhi,Nữ,21/08/1996,999000000450,8800000450,CS408800000450,BV Quận 10,01/01/2026,31/12/2026,"136 Võ Văn Tần, Q.1, TP.HCM",0900000450,do.phuong.nhi.000450@cybersoft.demo,Marketing,Mentor,31/03/2024,Xác định thời hạn,24.000.000 VND,CS-ACA-000450_The_BHYT_Demo.png,CS-ACA-000450_Phieu_Thong_Tin_Nhan_Vien.pdf,DA_DOI_SOAT
CS-ACA-000451,Hồ Tuấn Minh,Nam,27/09/1996,999000000451,8800000451,CS408800000451,BV Quận 7,01/01/2026,31/12/2026,"143 Lý Thường Kiệt, Q.3, TP.HCM",0900000451,ho.tuan.minh.000451@cybersoft.demo,HR,Sales Executive,07/05/2024,Không xác định thời hạn,12.000.000 VND,CS-ACA-000451_The_BHYT_Demo.png,CS-ACA-000451_Phieu_Thong_Tin_Nhan_Vien.pdf,DA_DOI_SOAT
CS-ACA-000452,Ngô Phương Nhi,Nữ,03/11/1996,999000000452,8800000452,CS408800000452,BV Hùng Vương,01/01/2026,31/12/2026,"150 Nguyễn Hữu Cảnh, Q.5, TP.HCM",0900000452,ngo.phuong.nhi.000452@cybersoft.demo,Accounting,Marketing Executive,13/06/2024,Xác định thời hạn,13.500.000 VND,CS-ACA-000452_The_BHYT_Demo.png,CS-ACA-000452_Phieu_Thong_Tin_Nhan_Vien.pdf,DA_DOI_SOAT
CS-ACA-000453,Dương Gia Minh,Nam,10/12/1996,999000000453,8800000453,CS408800000453,BV Trưng Vương,01/01/2026,31/12/2026,"157 Pasteur, Q.7, TP.HCM",0900000453,duong.gia.minh.000453@cybersoft.demo,IT,HR Executive,20/07/2024,Không xác định thời hạn,15.000.000 VND,CS-ACA-000453_The_BHYT_Demo.png,CS-ACA-000453_Phieu_Thong_Tin_Nhan_Vien.pdf,DA_DOI_SOAT
CS-ACA-000454,Lý Thảo Nhi,Nữ,16/01/1997,999000000454,8800000454,CS408800000454,BV Quận Phú Nhuận,01/01/2026,31/12/2026,"164 Bạch Đằng, Q.10, TP.HCM",0900000454,ly.thao.nhi.000454@cybersoft.demo,Operations,Accountant,26/08/2024,Xác định thời hạn,16.500.000 VND,CS-ACA-000454_The_BHYT_Demo.png,CS-ACA-000454_Phieu_Thong_Tin_Nhan_Vien.pdf,DA_DOI_SOAT
CS-ACA-000455,Tạ Gia Nam,Nam,22/02/1997,999000000455,8800000455,CS408800000455,BV Đa khoa Sài Gòn,01/01/2026,31/12/2026,"171 Cao Thắng, Bình Thạnh, TP.HCM",0900000455,ta.gia.nam.000455@cybersoft.demo,Customer Service,IT Support,02/10/2024,Không xác định thời hạn,18.000.000 VND,CS-ACA-000455_The_BHYT_Demo.png,CS-ACA-000455_Phieu_Thong_Tin_Nhan_Vien.pdf,DA_DOI_SOAT
CS-ACA-000456,Cao Thị Ngọc,Nữ,31/03/1997,999000000456,8800000456,CS408800000456,BV Quốc tế City,01/01/2026,31/12/2026,"178 Trường Sơn, Tân Bình, TP.HCM",0900000456,cao.thi.ngoc.000456@cybersoft.demo,Academic,Admin Officer,08/11/2024,Xác định thời hạn,19.500.000 VND,CS-ACA-000456_The_BHYT_Demo.png,CS-ACA-000456_Phieu_Thong_Tin_Nhan_Vien.pdf,DA_DOI_SOAT
CS-ACA-000457,Mai Văn Nam,Nam,07/05/1997,999000000457,8800000457,CS408800000457,BV Quận 4,01/01/2026,31/12/2026,"185 Nguyễn Kiệm, Phú Nhuận, TP.HCM",0900000457,mai.van.nam.000457@cybersoft.demo,Sales,Training Coordinator,15/12/2024,Không xác định thời hạn,21.000.000 VND,CS-ACA-000457_The_BHYT_Demo.png,CS-ACA-000457_Phieu_Thong_Tin_Nhan_Vien.pdf,DA_DOI_SOAT
CS-ACA-000458,Đinh Thị Ngọc,Nữ,13/06/1997,999000000458,8800000458,CS408800000458,BV Quận 5,01/01/2026,31/12/2026,"192 An Dương Vương, Gò Vấp, TP.HCM",0900000458,dinh.thi.ngoc.000458@cybersoft.demo,Marketing,Customer Service Officer,21/01/2025,Xác định thời hạn,22.500.000 VND,CS-ACA-000458_The_BHYT_Demo.png,CS-ACA-000458_Phieu_Thong_Tin_Nhan_Vien.pdf,DA_DOI_SOAT
CS-ACA-000459,Trương Minh Nam,Nam,20/07/1997,999000000459,8800000459,CS408800000459,BV Quận Gò Vấp,01/01/2026,31/12/2026,"10 Nguyễn Văn Linh, Q.1, TP.HCM",0900000459,truong.minh.nam.000459@cybersoft.demo,HR,Data Assistant,27/02/2025,Không xác định thời hạn,24.000.000 VND,CS-ACA-000459_The_BHYT_Demo.png,CS-ACA-000459_Phieu_Thong_Tin_Nhan_Vien.pdf,DA_DOI_SOAT
CS-ACA-000460,Nguyễn Ngọc Trúc,Nữ,26/08/1997,999000000460,8800000460,CS408800000460,BV Nhân dân 115,01/01/2026,31/12/2026,"17 Nguyễn Đình Chiểu, Q.3, TP.HCM",0900000460,nguyen.ngoc.truc.000460@cybersoft.demo,Accounting,Mentor,05/04/2025,Xác định thời hạn,12.000.000 VND,CS-ACA-000460_The_BHYT_Demo.png,CS-ACA-000460_Phieu_Thong_Tin_Nhan_Vien.pdf,DA_DOI_SOAT
CS-ACA-000461,Trần Minh Quân,Nam,02/10/1997,999000000461,8800000461,CS408800000461,BV Quận 1,01/01/2026,31/12/2026,"24 Lê Văn Sỹ, Q.5, TP.HCM",0900000461,tran.minh.quan.000461@cybersoft.demo,IT,Sales Executive,12/05/2025,Không xác định thời hạn,13.500.000 VND,CS-ACA-000461_The_BHYT_Demo.png,CS-ACA-000461_Phieu_Thong_Tin_Nhan_Vien.pdf,DA_DOI_SOAT
CS-ACA-000462,Lê Thu Trúc,Nữ,08/11/1997,999000000462,8800000462,CS408800000462,BV Đại học Y Dược TP.HCM,01/01/2026,31/12/2026,"31 Cách Mạng Tháng 8, Q.7, TP.HCM",0900000462,le.thu.truc.000462@cybersoft.demo,Operations,Marketing Executive,18/06/2025,Xác định thời hạn,15.000.000 VND,CS-ACA-000462_The_BHYT_Demo.png,CS-ACA-000462_Phieu_Thong_Tin_Nhan_Vien.pdf,DA_DOI_SOAT
CS-ACA-000463,Phạm Quốc Quân,Nam,15/12/1997,999000000463,8800000463,CS408800000463,BV Chợ Rẫy,01/01/2026,31/12/2026,"38 Nguyễn Thị Minh Khai, Q.10, TP.HCM",0900000463,pham.quoc.quan.000463@cybersoft.demo,Customer Service,HR Executive,25/07/2025,Không xác định thời hạn,16.500.000 VND,CS-ACA-000463_The_BHYT_Demo.png,CS-ACA-000463_Phieu_Thong_Tin_Nhan_Vien.pdf,DA_DOI_SOAT
CS-ACA-000464,Hoàng Thu Trúc,Nữ,21/01/1998,999000000464,8800000464,CS408800000464,BV Thống Nhất,01/01/2026,31/12/2026,"45 Điện Biên Phủ, Bình Thạnh, TP.HCM",0900000464,hoang.thu.truc.000464@cybersoft.demo,Academic,Accountant,31/08/2025,Xác định thời hạn,18.000.000 VND,CS-ACA-000464_The_BHYT_Demo.png,CS-ACA-000464_Phieu_Thong_Tin_Nhan_Vien.pdf,DA_DOI_SOAT
CS-ACA-000465,Huỳnh Hoàng Sơn,Nam,27/02/1998,999000000465,8800000465,CS408800000465,BV Gia Định,01/01/2026,31/12/2026,"52 Hoàng Văn Thụ, Tân Bình, TP.HCM",0900000465,huynh.hoang.son.000465@cybersoft.demo,Sales,IT Support,07/10/2025,Không xác định thời hạn,19.500.000 VND,CS-ACA-000465_The_BHYT_Demo.png,CS-ACA-000465_Phieu_Thong_Tin_Nhan_Vien.pdf,DA_DOI_SOAT
CS-ACA-000466,Võ Thanh Vy,Nữ,05/04/1998,999000000466,8800000466,CS408800000466,BV Nguyễn Tri Phương,01/01/2026,31/12/2026,"59 Trần Hưng Đạo, Phú Nhuận, TP.HCM",0900000466,vo.thanh.vy.000466@cybersoft.demo,Marketing,Admin Officer,13/11/2025,Xác định thời hạn,21.000.000 VND,CS-ACA-000466_The_BHYT_Demo.png,CS-ACA-000466_Phieu_Thong_Tin_Nhan_Vien.pdf,DA_DOI_SOAT
CS-ACA-000467,Vũ Hoàng Sơn,Nam,12/05/1998,999000000467,8800000467,CS408800000467,BV Quận 3,01/01/2026,31/12/2026,"66 Nguyễn Văn Cừ, Gò Vấp, TP.HCM",0900000467,vu.hoang.son.000467@cybersoft.demo,HR,Training Coordinator,20/12/2025,Không xác định thời hạn,22.500.000 VND,CS-ACA-000467_The_BHYT_Demo.png,CS-ACA-000467_Phieu_Thong_Tin_Nhan_Vien.pdf,DA_DOI_SOAT
CS-ACA-000468,Đặng Mỹ Vy,Nữ,18/06/1998,999000000468,8800000468,CS408800000468,BV Tân Bình,01/01/2026,31/12/2026,"73 Nguyễn Trãi, Q.1, TP.HCM",0900000468,dang.my.vy.000468@cybersoft.demo,Accounting,Customer Service Officer,06/02/2024,Xác định thời hạn,24.000.000 VND,CS-ACA-000468_The_BHYT_Demo.png,CS-ACA-000468_Phieu_Thong_Tin_Nhan_Vien.pdf,DA_DOI_SOAT
CS-ACA-000469,Bùi Đức Sơn,Nam,25/07/1998,999000000469,8800000469,CS408800000469,BV Bình Thạnh,01/01/2026,31/12/2026,"80 Phan Xích Long, Q.3, TP.HCM",0900000469,bui.duc.son.000469@cybersoft.demo,IT,Data Assistant,14/03/2024,Không xác định thời hạn,12.000.000 VND,CS-ACA-000469_The_BHYT_Demo.png,CS-ACA-000469_Phieu_Thong_Tin_Nhan_Vien.pdf,DA_DOI_SOAT
CS-ACA-000470,Đỗ Mỹ Yến,Nữ,31/08/1998,999000000470,8800000470,CS408800000470,BV Quận 10,01/01/2026,31/12/2026,"87 Võ Văn Tần, Q.5, TP.HCM",0900000470,do.my.yen.000470@cybersoft.demo,Operations,Mentor,20/04/2024,Xác định thời hạn,13.500.000 VND,CS-ACA-000470_The_BHYT_Demo.png,CS-ACA-000470_Phieu_Thong_Tin_Nhan_Vien.pdf,DA_DOI_SOAT
CS-ACA-000471,Hồ Hải Kiệt,Nam,07/10/1998,999000000471,8800000471,CS408800000471,BV Quận 7,01/01/2026,31/12/2026,"94 Lý Thường Kiệt, Q.7, TP.HCM",0900000471,ho.hai.kiet.000471@cybersoft.demo,Customer Service,Sales Executive,27/05/2024,Không xác định thời hạn,15.000.000 VND,CS-ACA-000471_The_BHYT_Demo.png,CS-ACA-000471_Phieu_Thong_Tin_Nhan_Vien.pdf,DA_DOI_SOAT
CS-ACA-000472,Ngô Lan Yến,Nữ,13/11/1998,999000000472,8800000472,CS408800000472,BV Hùng Vương,01/01/2026,31/12/2026,"101 Nguyễn Hữu Cảnh, Q.10, TP.HCM",0900000472,ngo.lan.yen.000472@cybersoft.demo,Academic,Marketing Executive,03/07/2024,Xác định thời hạn,16.500.000 VND,CS-ACA-000472_The_BHYT_Demo.png,CS-ACA-000472_Phieu_Thong_Tin_Nhan_Vien.pdf,DA_DOI_SOAT
CS-ACA-000473,Dương Hải Kiệt,Nam,20/12/1998,999000000473,8800000473,CS408800000473,BV Trưng Vương,01/01/2026,31/12/2026,"108 Pasteur, Bình Thạnh, TP.HCM",0900000473,duong.hai.kiet.000473@cybersoft.demo,Sales,HR Executive,09/08/2024,Không xác định thời hạn,18.000.000 VND,CS-ACA-000473_The_BHYT_Demo.png,CS-ACA-000473_Phieu_Thong_Tin_Nhan_Vien.pdf,DA_DOI_SOAT
CS-ACA-000474,Lý Phương Yến,Nữ,26/01/1999,999000000474,8800000474,CS408800000474,BV Quận Phú Nhuận,01/01/2026,31/12/2026,"115 Bạch Đằng, Tân Bình, TP.HCM",0900000474,ly.phuong.yen.000474@cybersoft.demo,Marketing,Accountant,15/09/2024,Xác định thời hạn,19.500.000 VND,CS-ACA-000474_The_BHYT_Demo.png,CS-ACA-000474_Phieu_Thong_Tin_Nhan_Vien.pdf,DA_DOI_SOAT
CS-ACA-000475,Tạ Tuấn Đăng,Nam,04/03/1999,999000000475,8800000475,CS408800000475,BV Đa khoa Sài Gòn,01/01/2026,31/12/2026,"122 Cao Thắng, Phú Nhuận, TP.HCM",0900000475,ta.tuan.dang.000475@cybersoft.demo,HR,IT Support,22/10/2024,Không xác định thời hạn,21.000.000 VND,CS-ACA-000475_The_BHYT_Demo.png,CS-ACA-000475_Phieu_Thong_Tin_Nhan_Vien.pdf,DA_DOI_SOAT
CS-ACA-000476,Cao Phương Hương,Nữ,10/04/1999,999000000476,8800000476,CS408800000476,BV Quốc tế City,01/01/2026,31/12/2026,"129 Trường Sơn, Gò Vấp, TP.HCM",0900000476,cao.phuong.huong.000476@cybersoft.demo,Accounting,Admin Officer,28/11/2024,Xác định thời hạn,22.500.000 VND,CS-ACA-000476_The_BHYT_Demo.png,CS-ACA-000476_Phieu_Thong_Tin_Nhan_Vien.pdf,DA_DOI_SOAT
CS-ACA-000477,Mai Gia Đăng,Nam,17/05/1999,999000000477,8800000477,CS408800000477,BV Quận 4,01/01/2026,31/12/2026,"136 Nguyễn Kiệm, Q.1, TP.HCM",0900000477,mai.gia.dang.000477@cybersoft.demo,IT,Training Coordinator,04/01/2025,Không xác định thời hạn,24.000.000 VND,CS-ACA-000477_The_BHYT_Demo.png,CS-ACA-000477_Phieu_Thong_Tin_Nhan_Vien.pdf,DA_DOI_SOAT
CS-ACA-000478,Đinh Thảo Hương,Nữ,23/06/1999,999000000478,8800000478,CS408800000478,BV Quận 5,01/01/2026,31/12/2026,"143 An Dương Vương, Q.3, TP.HCM",0900000478,dinh.thao.huong.000478@cybersoft.demo,Operations,Customer Service Officer,10/02/2025,Xác định thời hạn,12.000.000 VND,CS-ACA-000478_The_BHYT_Demo.png,CS-ACA-000478_Phieu_Thong_Tin_Nhan_Vien.pdf,DA_DOI_SOAT
CS-ACA-000479,Trương Gia Đăng,Nam,30/07/1999,999000000479,8800000479,CS408800000479,BV Quận Gò Vấp,01/01/2026,31/12/2026,"150 Nguyễn Văn Linh, Q.5, TP.HCM",0900000479,truong.gia.dang.000479@cybersoft.demo,Customer Service,Data Assistant,19/03/2025,Không xác định thời hạn,13.500.000 VND,CS-ACA-000479_The_BHYT_Demo.png,CS-ACA-000479_Phieu_Thong_Tin_Nhan_Vien.pdf,DA_DOI_SOAT
CS-ACA-000480,Nguyễn Thị Anh,Nữ,05/09/1999,999000000480,8800000480,CS408800000480,BV Nhân dân 115,01/01/2026,31/12/2026,"157 Nguyễn Đình Chiểu, Q.7, TP.HCM",0900000480,nguyen.thi.anh.000480@cybersoft.demo,Academic,Mentor,25/04/2025,Xác định thời hạn,15.000.000 VND,CS-ACA-000480_The_BHYT_Demo.png,CS-ACA-000480_Phieu_Thong_Tin_Nhan_Vien.pdf,DA_DOI_SOAT
CS-ACA-000481,Trần Văn An,Nam,12/10/1999,999000000481,8800000481,CS408800000481,BV Quận 1,01/01/2026,31/12/2026,"164 Lê Văn Sỹ, Q.10, TP.HCM",0900000481,tran.van.an.000481@cybersoft.demo,Sales,Sales Executive,01/06/2025,Không xác định thời hạn,16.500.000 VND,CS-ACA-000481_The_BHYT_Demo.png,CS-ACA-000481_Phieu_Thong_Tin_Nhan_Vien.pdf,DA_DOI_SOAT
CS-ACA-000482,Lê Thị Anh,Nữ,18/11/1999,999000000482,8800000482,CS408800000482,BV Đại học Y Dược TP.HCM,01/01/2026,31/12/2026,"171 Cách Mạng Tháng 8, Bình Thạnh, TP.HCM",0900000482,le.thi.anh.000482@cybersoft.demo,Marketing,Marketing Executive,08/07/2025,Xác định thời hạn,18.000.000 VND,CS-ACA-000482_The_BHYT_Demo.png,CS-ACA-000482_Phieu_Thong_Tin_Nhan_Vien.pdf,DA_DOI_SOAT
CS-ACA-000483,Phạm Minh An,Nam,25/12/1999,999000000483,8800000483,CS408800000483,BV Chợ Rẫy,01/01/2026,31/12/2026,"178 Nguyễn Thị Minh Khai, Tân Bình, TP.HCM",0900000483,pham.minh.an.000483@cybersoft.demo,HR,HR Executive,14/08/2025,Không xác định thời hạn,19.500.000 VND,CS-ACA-000483_The_BHYT_Demo.png,CS-ACA-000483_Phieu_Thong_Tin_Nhan_Vien.pdf,DA_DOI_SOAT
CS-ACA-000484,Hoàng Ngọc Anh,Nữ,31/01/2000,999000000484,8800000484,CS408800000484,BV Thống Nhất,01/01/2026,31/12/2026,"185 Điện Biên Phủ, Phú Nhuận, TP.HCM",0900000484,hoang.ngoc.anh.000484@cybersoft.demo,Accounting,Accountant,20/09/2025,Xác định thời hạn,21.000.000 VND,CS-ACA-000484_The_BHYT_Demo.png,CS-ACA-000484_Phieu_Thong_Tin_Nhan_Vien.pdf,DA_DOI_SOAT
CS-ACA-000485,Huỳnh Minh Bình,Nam,08/03/2000,999000000485,8800000485,CS408800000485,BV Gia Định,01/01/2026,31/12/2026,"192 Hoàng Văn Thụ, Gò Vấp, TP.HCM",0900000485,huynh.minh.binh.000485@cybersoft.demo,IT,IT Support,27/10/2025,Không xác định thời hạn,22.500.000 VND,CS-ACA-000485_The_BHYT_Demo.png,CS-ACA-000485_Phieu_Thong_Tin_Nhan_Vien.pdf,DA_DOI_SOAT
CS-ACA-000486,Võ Thu Châu,Nữ,14/04/2000,999000000486,8800000486,CS408800000486,BV Nguyễn Tri Phương,01/01/2026,31/12/2026,"10 Trần Hưng Đạo, Q.1, TP.HCM",0900000486,vo.thu.chau.000486@cybersoft.demo,Operations,Admin Officer,03/12/2025,Xác định thời hạn,24.000.000 VND,CS-ACA-000486_The_BHYT_Demo.png,CS-ACA-000486_Phieu_Thong_Tin_Nhan_Vien.pdf,DA_DOI_SOAT
CS-ACA-000487,Vũ Quốc Bình,Nam,21/05/2000,999000000487,8800000487,CS408800000487,BV Quận 3,01/01/2026,31/12/2026,"17 Nguyễn Văn Cừ, Q.3, TP.HCM",0900000487,vu.quoc.binh.000487@cybersoft.demo,Customer Service,Training Coordinator,20/01/2024,Không xác định thời hạn,12.000.000 VND,CS-ACA-000487_The_BHYT_Demo.png,CS-ACA-000487_Phieu_Thong_Tin_Nhan_Vien.pdf,DA_DOI_SOAT
CS-ACA-000488,Đặng Thu Châu,Nữ,27/06/2000,999000000488,8800000488,CS408800000488,BV Tân Bình,01/01/2026,31/12/2026,"24 Nguyễn Trãi, Q.5, TP.HCM",0900000488,dang.thu.chau.000488@cybersoft.demo,Academic,Customer Service Officer,26/02/2024,Xác định thời hạn,13.500.000 VND,CS-ACA-000488_The_BHYT_Demo.png,CS-ACA-000488_Phieu_Thong_Tin_Nhan_Vien.pdf,DA_DOI_SOAT
CS-ACA-000489,Bùi Hoàng Bình,Nam,03/08/2000,999000000489,8800000489,CS408800000489,BV Bình Thạnh,01/01/2026,31/12/2026,"31 Phan Xích Long, Q.7, TP.HCM",0900000489,bui.hoang.binh.000489@cybersoft.demo,Sales,Data Assistant,03/04/2024,Không xác định thời hạn,15.000.000 VND,CS-ACA-000489_The_BHYT_Demo.png,CS-ACA-000489_Phieu_Thong_Tin_Nhan_Vien.pdf,DA_DOI_SOAT
CS-ACA-000490,Đỗ Thanh Duyên,Nữ,09/09/2000,999000000490,8800000490,CS408800000490,BV Quận 10,01/01/2026,31/12/2026,"38 Võ Văn Tần, Q.10, TP.HCM",0900000490,do.thanh.duyen.000490@cybersoft.demo,Marketing,Mentor,10/05/2024,Xác định thời hạn,16.500.000 VND,CS-ACA-000490_The_BHYT_Demo.png,CS-ACA-000490_Phieu_Thong_Tin_Nhan_Vien.pdf,DA_DOI_SOAT
CS-ACA-000491,Hồ Hoàng Dũng,Nam,16/10/2000,999000000491,8800000491,CS408800000491,BV Quận 7,01/01/2026,31/12/2026,"45 Lý Thường Kiệt, Bình Thạnh, TP.HCM",0900000491,ho.hoang.dung.000491@cybersoft.demo,HR,Sales Executive,16/06/2024,Không xác định thời hạn,18.000.000 VND,CS-ACA-000491_The_BHYT_Demo.png,CS-ACA-000491_Phieu_Thong_Tin_Nhan_Vien.pdf,DA_DOI_SOAT
CS-ACA-000492,Ngô Mỹ Duyên,Nữ,22/11/2000,999000000492,8800000492,CS408800000492,BV Hùng Vương,01/01/2026,31/12/2026,"52 Nguyễn Hữu Cảnh, Tân Bình, TP.HCM",0900000492,ngo.my.duyen.000492@cybersoft.demo,Accounting,Marketing Executive,23/07/2024,Xác định thời hạn,19.500.000 VND,CS-ACA-000492_The_BHYT_Demo.png,CS-ACA-000492_Phieu_Thong_Tin_Nhan_Vien.pdf,DA_DOI_SOAT
CS-ACA-000493,Dương Đức Dũng,Nam,29/12/2000,999000000493,8800000493,CS408800000493,BV Trưng Vương,01/01/2026,31/12/2026,"59 Pasteur, Phú Nhuận, TP.HCM",0900000493,duong.duc.dung.000493@cybersoft.demo,IT,HR Executive,29/08/2024,Không xác định thời hạn,21.000.000 VND,CS-ACA-000493_The_BHYT_Demo.png,CS-ACA-000493_Phieu_Thong_Tin_Nhan_Vien.pdf,DA_DOI_SOAT
CS-ACA-000494,Lý Mỹ Duyên,Nữ,04/02/2001,999000000494,8800000494,CS408800000494,BV Quận Phú Nhuận,01/01/2026,31/12/2026,"66 Bạch Đằng, Gò Vấp, TP.HCM",0900000494,ly.my.duyen.000494@cybersoft.demo,Operations,Accountant,05/10/2024,Xác định thời hạn,22.500.000 VND,CS-ACA-000494_The_BHYT_Demo.png,CS-ACA-000494_Phieu_Thong_Tin_Nhan_Vien.pdf,DA_DOI_SOAT
CS-ACA-000495,Tạ Hải Huy,Nam,13/03/2001,999000000495,8800000495,CS408800000495,BV Đa khoa Sài Gòn,01/01/2026,31/12/2026,"73 Cao Thắng, Q.1, TP.HCM",0900000495,ta.hai.huy.000495@cybersoft.demo,Customer Service,IT Support,11/11/2024,Không xác định thời hạn,24.000.000 VND,CS-ACA-000495_The_BHYT_Demo.png,CS-ACA-000495_Phieu_Thong_Tin_Nhan_Vien.pdf,DA_DOI_SOAT
CS-ACA-000496,Cao Lan Hà,Nữ,19/04/2001,999000000496,8800000496,CS408800000496,BV Quốc tế City,01/01/2026,31/12/2026,"80 Trường Sơn, Q.3, TP.HCM",0900000496,cao.lan.ha.000496@cybersoft.demo,Academic,Admin Officer,18/12/2024,Xác định thời hạn,12.000.000 VND,CS-ACA-000496_The_BHYT_Demo.png,CS-ACA-000496_Phieu_Thong_Tin_Nhan_Vien.pdf,DA_DOI_SOAT
CS-ACA-000497,Mai Hải Huy,Nam,26/05/2001,999000000497,8800000497,CS408800000497,BV Quận 4,01/01/2026,31/12/2026,"87 Nguyễn Kiệm, Q.5, TP.HCM",0900000497,mai.hai.huy.000497@cybersoft.demo,Sales,Training Coordinator,24/01/2025,Không xác định thời hạn,13.500.000 VND,CS-ACA-000497_The_BHYT_Demo.png,CS-ACA-000497_Phieu_Thong_Tin_Nhan_Vien.pdf,DA_DOI_SOAT
CS-ACA-000498,Đinh Phương Hà,Nữ,02/07/2001,999000000498,8800000498,CS408800000498,BV Quận 5,01/01/2026,31/12/2026,"94 An Dương Vương, Q.7, TP.HCM",0900000498,dinh.phuong.ha.000498@cybersoft.demo,Marketing,Customer Service Officer,02/03/2025,Xác định thời hạn,15.000.000 VND,CS-ACA-000498_The_BHYT_Demo.png,CS-ACA-000498_Phieu_Thong_Tin_Nhan_Vien.pdf,DA_DOI_SOAT
CS-ACA-000499,Trương Tuấn Huy,Nam,08/08/2001,999000000499,8800000499,CS408800000499,BV Quận Gò Vấp,01/01/2026,31/12/2026,"101 Nguyễn Văn Linh, Q.10, TP.HCM",0900000499,truong.tuan.huy.000499@cybersoft.demo,HR,Data Assistant,08/04/2025,Không xác định thời hạn,16.500.000 VND,CS-ACA-000499_The_BHYT_Demo.png,CS-ACA-000499_Phieu_Thong_Tin_Nhan_Vien.pdf,DA_DOI_SOAT
CS-ACA-000500,Nguyễn Phương Linh,Nữ,14/09/2001,999000000500,8800000500,CS408800000500,BV Nhân dân 115,01/01/2026,31/12/2026,"108 Nguyễn Đình Chiểu, Bình Thạnh, TP.HCM",0900000500,nguyen.phuong.linh.000500@cybersoft.demo,Accounting,Mentor,15/05/2025,Xác định thời hạn,18.000.000 VND,CS-ACA-000500_The_BHYT_Demo.png,CS-ACA-000500_Phieu_Thong_Tin_Nhan_Vien.pdf,DA_DOI_SOAT
CS-ACA-000501,Trần Gia Khoa,Nam,21/10/2001,999000000501,8800000501,CS408800000501,BV Quận 1,01/01/2026,31/12/2026,"115 Lê Văn Sỹ, Tân Bình, TP.HCM",0900000501,tran.gia.khoa.000501@cybersoft.demo,IT,Sales Executive,21/06/2025,Không xác định thời hạn,19.500.000 VND,CS-ACA-000501_The_BHYT_Demo.png,CS-ACA-000501_Phieu_Thong_Tin_Nhan_Vien.pdf,DA_DOI_SOAT
CS-ACA-000502,Lê Thảo Linh,Nữ,27/11/2001,999000000502,8800000502,CS408800000502,BV Đại học Y Dược TP.HCM,01/01/2026,31/12/2026,"122 Cách Mạng Tháng 8, Phú Nhuận, TP.HCM",0900000502,le.thao.linh.000502@cybersoft.demo,Operations,Marketing Executive,28/07/2025,Xác định thời hạn,21.000.000 VND,CS-ACA-000502_The_BHYT_Demo.png,CS-ACA-000502_Phieu_Thong_Tin_Nhan_Vien.pdf,DA_DOI_SOAT
CS-ACA-000503,Phạm Gia Khoa,Nam,12/01/1985,999000000503,8800000503,CS408800000503,BV Chợ Rẫy,01/01/2026,31/12/2026,"129 Nguyễn Thị Minh Khai, Gò Vấp, TP.HCM",0900000503,pham.gia.khoa.000503@cybersoft.demo,Customer Service,HR Executive,03/09/2025,Không xác định thời hạn,22.500.000 VND,CS-ACA-000503_The_BHYT_Demo.png,CS-ACA-000503_Phieu_Thong_Tin_Nhan_Vien.pdf,DA_DOI_SOAT
CS-ACA-000504,Hoàng Thị Linh,Nữ,18/02/1985,999000000504,8800000504,CS408800000504,BV Thống Nhất,01/01/2026,31/12/2026,"136 Điện Biên Phủ, Q.1, TP.HCM",0900000504,hoang.thi.linh.000504@cybersoft.demo,Academic,Accountant,10/10/2025,Xác định thời hạn,24.000.000 VND,CS-ACA-000504_The_BHYT_Demo.png,CS-ACA-000504_Phieu_Thong_Tin_Nhan_Vien.pdf,DA_DOI_SOAT
CS-ACA-000505,Huỳnh Văn Long,Nam,27/03/1985,999000000505,8800000505,CS408800000505,BV Gia Định,01/01/2026,31/12/2026,"143 Hoàng Văn Thụ, Q.3, TP.HCM",0900000505,huynh.van.long.000505@cybersoft.demo,Sales,IT Support,16/11/2025,Không xác định thời hạn,12.000.000 VND,CS-ACA-000505_The_BHYT_Demo.png,CS-ACA-000505_Phieu_Thong_Tin_Nhan_Vien.pdf,DA_DOI_SOAT
CS-ACA-000506,Võ Thị Mai,Nữ,03/05/1985,999000000506,8800000506,CS408800000506,BV Nguyễn Tri Phương,01/01/2026,31/12/2026,"150 Trần Hưng Đạo, Q.5, TP.HCM",0900000506,vo.thi.mai.000506@cybersoft.demo,Marketing,Admin Officer,03/01/2024,Xác định thời hạn,13.500.000 VND,CS-ACA-000506_The_BHYT_Demo.png,CS-ACA-000506_Phieu_Thong_Tin_Nhan_Vien.pdf,DA_DOI_SOAT
CS-ACA-000507,Vũ Minh Long,Nam,09/06/1985,999000000507,8800000507,CS408800000507,BV Quận 3,01/01/2026,31/12/2026,"157 Nguyễn Văn Cừ, Q.7, TP.HCM",0900000507,vu.minh.long.000507@cybersoft.demo,HR,Training Coordinator,09/02/2024,Không xác định thời hạn,15.000.000 VND,CS-ACA-000507_The_BHYT_Demo.png,CS-ACA-000507_Phieu_Thong_Tin_Nhan_Vien.pdf,DA_DOI_SOAT
CS-ACA-000508,Đặng Ngọc Mai,Nữ,16/07/1985,999000000508,8800000508,CS408800000508,BV Tân Bình,01/01/2026,31/12/2026,"164 Nguyễn Trãi, Q.10, TP.HCM",0900000508,dang.ngoc.mai.000508@cybersoft.demo,Accounting,Customer Service Officer,17/03/2024,Xác định thời hạn,16.500.000 VND,CS-ACA-000508_The_BHYT_Demo.png,CS-ACA-000508_Phieu_Thong_Tin_Nhan_Vien.pdf,DA_DOI_SOAT
CS-ACA-000509,Bùi Minh Long,Nam,22/08/1985,999000000509,8800000509,CS408800000509,BV Bình Thạnh,01/01/2026,31/12/2026,"171 Phan Xích Long, Bình Thạnh, TP.HCM",0900000509,bui.minh.long.000509@cybersoft.demo,IT,Data Assistant,23/04/2024,Không xác định thời hạn,18.000.000 VND,CS-ACA-000509_The_BHYT_Demo.png,CS-ACA-000509_Phieu_Thong_Tin_Nhan_Vien.pdf,DA_DOI_SOAT
CS-ACA-000510,Đỗ Thu Nhi,Nữ,28/09/1985,999000000510,8800000510,CS408800000510,BV Quận 10,01/01/2026,31/12/2026,"178 Võ Văn Tần, Tân Bình, TP.HCM",0900000510,do.thu.nhi.000510@cybersoft.demo,Operations,Mentor,30/05/2024,Xác định thời hạn,19.500.000 VND,CS-ACA-000510_The_BHYT_Demo.png,CS-ACA-000510_Phieu_Thong_Tin_Nhan_Vien.pdf,DA_DOI_SOAT
CS-ACA-000511,Hồ Quốc Minh,Nam,04/11/1985,999000000511,8800000511,CS408800000511,BV Quận 7,01/01/2026,31/12/2026,"185 Lý Thường Kiệt, Phú Nhuận, TP.HCM",0900000511,ho.quoc.minh.000511@cybersoft.demo,Customer Service,Sales Executive,06/07/2024,Không xác định thời hạn,21.000.000 VND,CS-ACA-000511_The_BHYT_Demo.png,CS-ACA-000511_Phieu_Thong_Tin_Nhan_Vien.pdf,DA_DOI_SOAT
CS-ACA-000512,Ngô Thu Nhi,Nữ,11/12/1985,999000000512,8800000512,CS408800000512,BV Hùng Vương,01/01/2026,31/12/2026,"192 Nguyễn Hữu Cảnh, Gò Vấp, TP.HCM",0900000512,ngo.thu.nhi.000512@cybersoft.demo,Academic,Marketing Executive,12/08/2024,Xác định thời hạn,22.500.000 VND,CS-ACA-000512_The_BHYT_Demo.png,CS-ACA-000512_Phieu_Thong_Tin_Nhan_Vien.pdf,DA_DOI_SOAT
CS-ACA-000513,Dương Hoàng Minh,Nam,17/01/1986,999000000513,8800000513,CS408800000513,BV Trưng Vương,01/01/2026,31/12/2026,"10 Pasteur, Q.1, TP.HCM",0900000513,duong.hoang.minh.000513@cybersoft.demo,Sales,HR Executive,18/09/2024,Không xác định thời hạn,24.000.000 VND,CS-ACA-000513_The_BHYT_Demo.png,CS-ACA-000513_Phieu_Thong_Tin_Nhan_Vien.pdf,DA_DOI_SOAT
CS-ACA-000514,Lý Thanh Nhi,Nữ,23/02/1986,999000000514,8800000514,CS408800000514,BV Quận Phú Nhuận,01/01/2026,31/12/2026,"17 Bạch Đằng, Q.3, TP.HCM",0900000514,ly.thanh.nhi.000514@cybersoft.demo,Marketing,Accountant,25/10/2024,Xác định thời hạn,12.000.000 VND,CS-ACA-000514_The_BHYT_Demo.png,CS-ACA-000514_Phieu_Thong_Tin_Nhan_Vien.pdf,DA_DOI_SOAT
CS-ACA-000515,Tạ Hoàng Nam,Nam,01/04/1986,999000000515,8800000515,CS408800000515,BV Đa khoa Sài Gòn,01/01/2026,31/12/2026,"24 Cao Thắng, Q.5, TP.HCM",0900000515,ta.hoang.nam.000515@cybersoft.demo,HR,IT Support,01/12/2024,Không xác định thời hạn,13.500.000 VND,CS-ACA-000515_The_BHYT_Demo.png,CS-ACA-000515_Phieu_Thong_Tin_Nhan_Vien.pdf,DA_DOI_SOAT
CS-ACA-000516,Cao Mỹ Ngọc,Nữ,08/05/1986,999000000516,8800000516,CS408800000516,BV Quốc tế City,01/01/2026,31/12/2026,"31 Trường Sơn, Q.7, TP.HCM",0900000516,cao.my.ngoc.000516@cybersoft.demo,Accounting,Admin Officer,07/01/2025,Xác định thời hạn,15.000.000 VND,CS-ACA-000516_The_BHYT_Demo.png,CS-ACA-000516_Phieu_Thong_Tin_Nhan_Vien.pdf,DA_DOI_SOAT
CS-ACA-000517,Mai Đức Nam,Nam,14/06/1986,999000000517,8800000517,CS408800000517,BV Quận 4,01/01/2026,31/12/2026,"38 Nguyễn Kiệm, Q.10, TP.HCM",0900000517,mai.duc.nam.000517@cybersoft.demo,IT,Training Coordinator,13/02/2025,Không xác định thời hạn,16.500.000 VND,CS-ACA-000517_The_BHYT_Demo.png,CS-ACA-000517_Phieu_Thong_Tin_Nhan_Vien.pdf,DA_DOI_SOAT
CS-ACA-000518,Đinh Mỹ Ngọc,Nữ,21/07/1986,999000000518,8800000518,CS408800000518,BV Quận 5,01/01/2026,31/12/2026,"45 An Dương Vương, Bình Thạnh, TP.HCM",0900000518,dinh.my.ngoc.000518@cybersoft.demo,Operations,Customer Service Officer,22/03/2025,Xác định thời hạn,18.000.000 VND,CS-ACA-000518_The_BHYT_Demo.png,CS-ACA-000518_Phieu_Thong_Tin_Nhan_Vien.pdf,DA_DOI_SOAT
CS-ACA-000519,Trương Hải Nam,Nam,27/08/1986,999000000519,8800000519,CS408800000519,BV Quận Gò Vấp,01/01/2026,31/12/2026,"52 Nguyễn Văn Linh, Tân Bình, TP.HCM",0900000519,truong.hai.nam.000519@cybersoft.demo,Customer Service,Data Assistant,28/04/2025,Không xác định thời hạn,19.500.000 VND,CS-ACA-000519_The_BHYT_Demo.png,CS-ACA-000519_Phieu_Thong_Tin_Nhan_Vien.pdf,DA_DOI_SOAT
CS-ACA-000520,Nguyễn Lan Trúc,Nữ,03/10/1986,999000000520,8800000520,CS408800000520,BV Nhân dân 115,01/01/2026,31/12/2026,"59 Nguyễn Đình Chiểu, Phú Nhuận, TP.HCM",0900000520,nguyen.lan.truc.000520@cybersoft.demo,Academic,Mentor,04/06/2025,Xác định thời hạn,21.000.000 VND,CS-ACA-000520_The_BHYT_Demo.png,CS-ACA-000520_Phieu_Thong_Tin_Nhan_Vien.pdf,DA_DOI_SOAT
CS-ACA-000521,Trần Hải Quân,Nam,09/11/1986,999000000521,8800000521,CS408800000521,BV Quận 1,01/01/2026,31/12/2026,"66 Lê Văn Sỹ, Gò Vấp, TP.HCM",0900000521,tran.hai.quan.000521@cybersoft.demo,Sales,Sales Executive,11/07/2025,Không xác định thời hạn,22.500.000 VND,CS-ACA-000521_The_BHYT_Demo.png,CS-ACA-000521_Phieu_Thong_Tin_Nhan_Vien.pdf,DA_DOI_SOAT
CS-ACA-000522,Lê Phương Trúc,Nữ,16/12/1986,999000000522,8800000522,CS408800000522,BV Đại học Y Dược TP.HCM,01/01/2026,31/12/2026,"73 Cách Mạng Tháng 8, Q.1, TP.HCM",0900000522,le.phuong.truc.000522@cybersoft.demo,Marketing,Marketing Executive,17/08/2025,Xác định thời hạn,24.000.000 VND,CS-ACA-000522_The_BHYT_Demo.png,CS-ACA-000522_Phieu_Thong_Tin_Nhan_Vien.pdf,DA_DOI_SOAT
CS-ACA-000523,Phạm Tuấn Quân,Nam,22/01/1987,999000000523,8800000523,CS408800000523,BV Chợ Rẫy,01/01/2026,31/12/2026,"80 Nguyễn Thị Minh Khai, Q.3, TP.HCM",0900000523,pham.tuan.quan.000523@cybersoft.demo,HR,HR Executive,23/09/2025,Không xác định thời hạn,12.000.000 VND,CS-ACA-000523_The_BHYT_Demo.png,CS-ACA-000523_Phieu_Thong_Tin_Nhan_Vien.pdf,DA_DOI_SOAT
CS-ACA-000524,Hoàng Phương Trúc,Nữ,28/02/1987,999000000524,8800000524,CS408800000524,BV Thống Nhất,01/01/2026,31/12/2026,"87 Điện Biên Phủ, Q.5, TP.HCM",0900000524,hoang.phuong.truc.000524@cybersoft.demo,Accounting,Accountant,30/10/2025,Xác định thời hạn,13.500.000 VND,CS-ACA-000524_The_BHYT_Demo.png,CS-ACA-000524_Phieu_Thong_Tin_Nhan_Vien.pdf,DA_DOI_SOAT
CS-ACA-000525,Huỳnh Gia Sơn,Nam,06/04/1987,999000000525,8800000525,CS408800000525,BV Gia Định,01/01/2026,31/12/2026,"94 Hoàng Văn Thụ, Q.7, TP.HCM",0900000525,huynh.gia.son.000525@cybersoft.demo,IT,IT Support,06/12/2025,Không xác định thời hạn,15.000.000 VND,CS-ACA-000525_The_BHYT_Demo.png,CS-ACA-000525_Phieu_Thong_Tin_Nhan_Vien.pdf,DA_DOI_SOAT
CS-ACA-000526,Võ Thảo Vy,Nữ,13/05/1987,999000000526,8800000526,CS408800000526,BV Nguyễn Tri Phương,01/01/2026,31/12/2026,"101 Trần Hưng Đạo, Q.10, TP.HCM",0900000526,vo.thao.vy.000526@cybersoft.demo,Operations,Admin Officer,23/01/2024,Xác định thời hạn,16.500.000 VND,CS-ACA-000526_The_BHYT_Demo.png,CS-ACA-000526_Phieu_Thong_Tin_Nhan_Vien.pdf,DA_DOI_SOAT
CS-ACA-000527,Vũ Gia Sơn,Nam,19/06/1987,999000000527,8800000527,CS408800000527,BV Quận 3,01/01/2026,31/12/2026,"108 Nguyễn Văn Cừ, Bình Thạnh, TP.HCM",0900000527,vu.gia.son.000527@cybersoft.demo,Customer Service,Training Coordinator,29/02/2024,Không xác định thời hạn,18.000.000 VND,CS-ACA-000527_The_BHYT_Demo.png,CS-ACA-000527_Phieu_Thong_Tin_Nhan_Vien.pdf,DA_DOI_SOAT
CS-ACA-000528,Đặng Thị Vy,Nữ,26/07/1987,999000000528,8800000528,CS408800000528,BV Tân Bình,01/01/2026,31/12/2026,"115 Nguyễn Trãi, Tân Bình, TP.HCM",0900000528,dang.thi.vy.000528@cybersoft.demo,Academic,Customer Service Officer,06/04/2024,Xác định thời hạn,19.500.000 VND,CS-ACA-000528_The_BHYT_Demo.png,CS-ACA-000528_Phieu_Thong_Tin_Nhan_Vien.pdf,DA_DOI_SOAT
CS-ACA-000529,Bùi Văn Sơn,Nam,01/09/1987,999000000529,8800000529,CS408800000529,BV Bình Thạnh,01/01/2026,31/12/2026,"122 Phan Xích Long, Phú Nhuận, TP.HCM",0900000529,bui.van.son.000529@cybersoft.demo,Sales,Data Assistant,13/05/2024,Không xác định thời hạn,21.000.000 VND,CS-ACA-000529_The_BHYT_Demo.png,CS-ACA-000529_Phieu_Thong_Tin_Nhan_Vien.pdf,DA_DOI_SOAT
CS-ACA-000530,Đỗ Thị Yến,Nữ,08/10/1987,999000000530,8800000530,CS408800000530,BV Quận 10,01/01/2026,31/12/2026,"129 Võ Văn Tần, Gò Vấp, TP.HCM",0900000530,do.thi.yen.000530@cybersoft.demo,Marketing,Mentor,19/06/2024,Xác định thời hạn,22.500.000 VND,CS-ACA-000530_The_BHYT_Demo.png,CS-ACA-000530_Phieu_Thong_Tin_Nhan_Vien.pdf,DA_DOI_SOAT
CS-ACA-000531,Hồ Minh Kiệt,Nam,14/11/1987,999000000531,8800000531,CS408800000531,BV Quận 7,01/01/2026,31/12/2026,"136 Lý Thường Kiệt, Q.1, TP.HCM",0900000531,ho.minh.kiet.000531@cybersoft.demo,HR,Sales Executive,26/07/2024,Không xác định thời hạn,24.000.000 VND,CS-ACA-000531_The_BHYT_Demo.png,CS-ACA-000531_Phieu_Thong_Tin_Nhan_Vien.pdf,DA_DOI_SOAT
CS-ACA-000532,Ngô Ngọc Yến,Nữ,21/12/1987,999000000532,8800000532,CS408800000532,BV Hùng Vương,01/01/2026,31/12/2026,"143 Nguyễn Hữu Cảnh, Q.3, TP.HCM",0900000532,ngo.ngoc.yen.000532@cybersoft.demo,Accounting,Marketing Executive,01/09/2024,Xác định thời hạn,12.000.000 VND,CS-ACA-000532_The_BHYT_Demo.png,CS-ACA-000532_Phieu_Thong_Tin_Nhan_Vien.pdf,DA_DOI_SOAT
CS-ACA-000533,Dương Minh Kiệt,Nam,27/01/1988,999000000533,8800000533,CS408800000533,BV Trưng Vương,01/01/2026,31/12/2026,"150 Pasteur, Q.5, TP.HCM",0900000533,duong.minh.kiet.000533@cybersoft.demo,IT,HR Executive,08/10/2024,Không xác định thời hạn,13.500.000 VND,CS-ACA-000533_The_BHYT_Demo.png,CS-ACA-000533_Phieu_Thong_Tin_Nhan_Vien.pdf,DA_DOI_SOAT
CS-ACA-000534,Lý Thu Yến,Nữ,04/03/1988,999000000534,8800000534,CS408800000534,BV Quận Phú Nhuận,01/01/2026,31/12/2026,"157 Bạch Đằng, Q.7, TP.HCM",0900000534,ly.thu.yen.000534@cybersoft.demo,Operations,Accountant,14/11/2024,Xác định thời hạn,15.000.000 VND,CS-ACA-000534_The_BHYT_Demo.png,CS-ACA-000534_Phieu_Thong_Tin_Nhan_Vien.pdf,DA_DOI_SOAT
CS-ACA-000535,Tạ Quốc Đăng,Nam,10/04/1988,999000000535,8800000535,CS408800000535,BV Đa khoa Sài Gòn,01/01/2026,31/12/2026,"164 Cao Thắng, Q.10, TP.HCM",0900000535,ta.quoc.dang.000535@cybersoft.demo,Customer Service,IT Support,21/12/2024,Không xác định thời hạn,16.500.000 VND,CS-ACA-000535_The_BHYT_Demo.png,CS-ACA-000535_Phieu_Thong_Tin_Nhan_Vien.pdf,DA_DOI_SOAT
CS-ACA-000536,Cao Thu Hương,Nữ,17/05/1988,999000000536,8800000536,CS408800000536,BV Quốc tế City,01/01/2026,31/12/2026,"171 Trường Sơn, Bình Thạnh, TP.HCM",0900000536,cao.thu.huong.000536@cybersoft.demo,Academic,Admin Officer,27/01/2025,Xác định thời hạn,18.000.000 VND,CS-ACA-000536_The_BHYT_Demo.png,CS-ACA-000536_Phieu_Thong_Tin_Nhan_Vien.pdf,DA_DOI_SOAT
CS-ACA-000537,Mai Hoàng Đăng,Nam,23/06/1988,999000000537,8800000537,CS408800000537,BV Quận 4,01/01/2026,31/12/2026,"178 Nguyễn Kiệm, Tân Bình, TP.HCM",0900000537,mai.hoang.dang.000537@cybersoft.demo,Sales,Training Coordinator,05/03/2025,Không xác định thời hạn,19.500.000 VND,CS-ACA-000537_The_BHYT_Demo.png,CS-ACA-000537_Phieu_Thong_Tin_Nhan_Vien.pdf,DA_DOI_SOAT
CS-ACA-000538,Đinh Thanh Hương,Nữ,30/07/1988,999000000538,8800000538,CS408800000538,BV Quận 5,01/01/2026,31/12/2026,"185 An Dương Vương, Phú Nhuận, TP.HCM",0900000538,dinh.thanh.huong.000538@cybersoft.demo,Marketing,Customer Service Officer,11/04/2025,Xác định thời hạn,21.000.000 VND,CS-ACA-000538_The_BHYT_Demo.png,CS-ACA-000538_Phieu_Thong_Tin_Nhan_Vien.pdf,DA_DOI_SOAT
CS-ACA-000539,Trương Hoàng Đăng,Nam,05/09/1988,999000000539,8800000539,CS408800000539,BV Quận Gò Vấp,01/01/2026,31/12/2026,"192 Nguyễn Văn Linh, Gò Vấp, TP.HCM",0900000539,truong.hoang.dang.000539@cybersoft.demo,HR,Data Assistant,18/05/2025,Không xác định thời hạn,22.500.000 VND,CS-ACA-000539_The_BHYT_Demo.png,CS-ACA-000539_Phieu_Thong_Tin_Nhan_Vien.pdf,DA_DOI_SOAT
CS-ACA-000540,Nguyễn Mỹ Anh,Nữ,12/10/1988,999000000540,8800000540,CS408800000540,BV Nhân dân 115,01/01/2026,31/12/2026,"10 Nguyễn Đình Chiểu, Q.1, TP.HCM",0900000540,nguyen.my.anh.000540@cybersoft.demo,Accounting,Mentor,24/06/2025,Xác định thời hạn,24.000.000 VND,CS-ACA-000540_The_BHYT_Demo.png,CS-ACA-000540_Phieu_Thong_Tin_Nhan_Vien.pdf,DA_DOI_SOAT
CS-ACA-000541,Trần Đức An,Nam,18/11/1988,999000000541,8800000541,CS408800000541,BV Quận 1,01/01/2026,31/12/2026,"17 Lê Văn Sỹ, Q.3, TP.HCM",0900000541,tran.duc.an.000541@cybersoft.demo,IT,Sales Executive,31/07/2025,Không xác định thời hạn,12.000.000 VND,CS-ACA-000541_The_BHYT_Demo.png,CS-ACA-000541_Phieu_Thong_Tin_Nhan_Vien.pdf,DA_DOI_SOAT
CS-ACA-000542,Lê Mỹ Anh,Nữ,25/12/1988,999000000542,8800000542,CS408800000542,BV Đại học Y Dược TP.HCM,01/01/2026,31/12/2026,"24 Cách Mạng Tháng 8, Q.5, TP.HCM",0900000542,le.my.anh.000542@cybersoft.demo,Operations,Marketing Executive,06/09/2025,Xác định thời hạn,13.500.000 VND,CS-ACA-000542_The_BHYT_Demo.png,CS-ACA-000542_Phieu_Thong_Tin_Nhan_Vien.pdf,DA_DOI_SOAT
CS-ACA-000543,Phạm Hải An,Nam,31/01/1989,999000000543,8800000543,CS408800000543,BV Chợ Rẫy,01/01/2026,31/12/2026,"31 Nguyễn Thị Minh Khai, Q.7, TP.HCM",0900000543,pham.hai.an.000543@cybersoft.demo,Customer Service,HR Executive,13/10/2025,Không xác định thời hạn,15.000.000 VND,CS-ACA-000543_The_BHYT_Demo.png,CS-ACA-000543_Phieu_Thong_Tin_Nhan_Vien.pdf,DA_DOI_SOAT
CS-ACA-000544,Hoàng Lan Anh,Nữ,09/03/1989,999000000544,8800000544,CS408800000544,BV Thống Nhất,01/01/2026,31/12/2026,"38 Điện Biên Phủ, Q.10, TP.HCM",0900000544,hoang.lan.anh.000544@cybersoft.demo,Academic,Accountant,19/11/2025,Xác định thời hạn,16.500.000 VND,CS-ACA-000544_The_BHYT_Demo.png,CS-ACA-000544_Phieu_Thong_Tin_Nhan_Vien.pdf,DA_DOI_SOAT
CS-ACA-000545,Huỳnh Hải Bình,Nam,15/04/1989,999000000545,8800000545,CS408800000545,BV Gia Định,01/01/2026,31/12/2026,"45 Hoàng Văn Thụ, Bình Thạnh, TP.HCM",0900000545,huynh.hai.binh.000545@cybersoft.demo,Sales,IT Support,06/01/2024,Không xác định thời hạn,18.000.000 VND,CS-ACA-000545_The_BHYT_Demo.png,CS-ACA-000545_Phieu_Thong_Tin_Nhan_Vien.pdf,DA_DOI_SOAT
CS-ACA-000546,Võ Phương Châu,Nữ,22/05/1989,999000000546,8800000546,CS408800000546,BV Nguyễn Tri Phương,01/01/2026,31/12/2026,"52 Trần Hưng Đạo, Tân Bình, TP.HCM",0900000546,vo.phuong.chau.000546@cybersoft.demo,Marketing,Admin Officer,12/02/2024,Xác định thời hạn,19.500.000 VND,CS-ACA-000546_The_BHYT_Demo.png,CS-ACA-000546_Phieu_Thong_Tin_Nhan_Vien.pdf,DA_DOI_SOAT
CS-ACA-000547,Vũ Tuấn Bình,Nam,28/06/1989,999000000547,8800000547,CS408800000547,BV Quận 3,01/01/2026,31/12/2026,"59 Nguyễn Văn Cừ, Phú Nhuận, TP.HCM",0900000547,vu.tuan.binh.000547@cybersoft.demo,HR,Training Coordinator,20/03/2024,Không xác định thời hạn,21.000.000 VND,CS-ACA-000547_The_BHYT_Demo.png,CS-ACA-000547_Phieu_Thong_Tin_Nhan_Vien.pdf,DA_DOI_SOAT
CS-ACA-000548,Đặng Phương Châu,Nữ,04/08/1989,999000000548,8800000548,CS408800000548,BV Tân Bình,01/01/2026,31/12/2026,"66 Nguyễn Trãi, Gò Vấp, TP.HCM",0900000548,dang.phuong.chau.000548@cybersoft.demo,Accounting,Customer Service Officer,26/04/2024,Xác định thời hạn,22.500.000 VND,CS-ACA-000548_The_BHYT_Demo.png,CS-ACA-000548_Phieu_Thong_Tin_Nhan_Vien.pdf,DA_DOI_SOAT
CS-ACA-000549,Bùi Gia Bình,Nam,10/09/1989,999000000549,8800000549,CS408800000549,BV Bình Thạnh,01/01/2026,31/12/2026,"73 Phan Xích Long, Q.1, TP.HCM",0900000549,bui.gia.binh.000549@cybersoft.demo,IT,Data Assistant,02/06/2024,Không xác định thời hạn,24.000.000 VND,CS-ACA-000549_The_BHYT_Demo.png,CS-ACA-000549_Phieu_Thong_Tin_Nhan_Vien.pdf,DA_DOI_SOAT
CS-ACA-000550,Đỗ Thảo Duyên,Nữ,17/10/1989,999000000550,8800000550,CS408800000550,BV Quận 10,01/01/2026,31/12/2026,"80 Võ Văn Tần, Q.3, TP.HCM",0900000550,do.thao.duyen.000550@cybersoft.demo,Operations,Mentor,09/07/2024,Xác định thời hạn,12.000.000 VND,CS-ACA-000550_The_BHYT_Demo.png,CS-ACA-000550_Phieu_Thong_Tin_Nhan_Vien.pdf,DA_DOI_SOAT
CS-ACA-000551,Hồ Gia Dũng,Nam,23/11/1989,999000000551,8800000551,CS408800000551,BV Quận 7,01/01/2026,31/12/2026,"87 Lý Thường Kiệt, Q.5, TP.HCM",0900000551,ho.gia.dung.000551@cybersoft.demo,Customer Service,Sales Executive,15/08/2024,Không xác định thời hạn,13.500.000 VND,CS-ACA-000551_The_BHYT_Demo.png,CS-ACA-000551_Phieu_Thong_Tin_Nhan_Vien.pdf,DA_DOI_SOAT
CS-ACA-000552,Ngô Thị Duyên,Nữ,30/12/1989,999000000552,8800000552,CS408800000552,BV Hùng Vương,01/01/2026,31/12/2026,"94 Nguyễn Hữu Cảnh, Q.7, TP.HCM",0900000552,ngo.thi.duyen.000552@cybersoft.demo,Academic,Marketing Executive,21/09/2024,Xác định thời hạn,15.000.000 VND,CS-ACA-000552_The_BHYT_Demo.png,CS-ACA-000552_Phieu_Thong_Tin_Nhan_Vien.pdf,DA_DOI_SOAT
CS-ACA-000553,Dương Văn Dũng,Nam,05/02/1990,999000000553,8800000553,CS408800000553,BV Trưng Vương,01/01/2026,31/12/2026,"101 Pasteur, Q.10, TP.HCM",0900000553,duong.van.dung.000553@cybersoft.demo,Sales,HR Executive,28/10/2024,Không xác định thời hạn,16.500.000 VND,CS-ACA-000553_The_BHYT_Demo.png,CS-ACA-000553_Phieu_Thong_Tin_Nhan_Vien.pdf,DA_DOI_SOAT
CS-ACA-000554,Lý Thị Duyên,Nữ,14/03/1990,999000000554,8800000554,CS408800000554,BV Quận Phú Nhuận,01/01/2026,31/12/2026,"108 Bạch Đằng, Bình Thạnh, TP.HCM",0900000554,ly.thi.duyen.000554@cybersoft.demo,Marketing,Accountant,04/12/2024,Xác định thời hạn,18.000.000 VND,CS-ACA-000554_The_BHYT_Demo.png,CS-ACA-000554_Phieu_Thong_Tin_Nhan_Vien.pdf,DA_DOI_SOAT
CS-ACA-000555,Tạ Minh Huy,Nam,20/04/1990,999000000555,8800000555,CS408800000555,BV Đa khoa Sài Gòn,01/01/2026,31/12/2026,"115 Cao Thắng, Tân Bình, TP.HCM",0900000555,ta.minh.huy.000555@cybersoft.demo,HR,IT Support,10/01/2025,Không xác định thời hạn,19.500.000 VND,CS-ACA-000555_The_BHYT_Demo.png,CS-ACA-000555_Phieu_Thong_Tin_Nhan_Vien.pdf,DA_DOI_SOAT
CS-ACA-000556,Cao Ngọc Hà,Nữ,27/05/1990,999000000556,8800000556,CS408800000556,BV Quốc tế City,01/01/2026,31/12/2026,"122 Trường Sơn, Phú Nhuận, TP.HCM",0900000556,cao.ngoc.ha.000556@cybersoft.demo,Accounting,Admin Officer,16/02/2025,Xác định thời hạn,21.000.000 VND,CS-ACA-000556_The_BHYT_Demo.png,CS-ACA-000556_Phieu_Thong_Tin_Nhan_Vien.pdf,DA_DOI_SOAT
CS-ACA-000557,Mai Minh Huy,Nam,03/07/1990,999000000557,8800000557,CS408800000557,BV Quận 4,01/01/2026,31/12/2026,"129 Nguyễn Kiệm, Gò Vấp, TP.HCM",0900000557,mai.minh.huy.000557@cybersoft.demo,IT,Training Coordinator,25/03/2025,Không xác định thời hạn,22.500.000 VND,CS-ACA-000557_The_BHYT_Demo.png,CS-ACA-000557_Phieu_Thong_Tin_Nhan_Vien.pdf,DA_DOI_SOAT
CS-ACA-000558,Đinh Thu Hà,Nữ,09/08/1990,999000000558,8800000558,CS408800000558,BV Quận 5,01/01/2026,31/12/2026,"136 An Dương Vương, Q.1, TP.HCM",0900000558,dinh.thu.ha.000558@cybersoft.demo,Operations,Customer Service Officer,01/05/2025,Xác định thời hạn,24.000.000 VND,CS-ACA-000558_The_BHYT_Demo.png,CS-ACA-000558_Phieu_Thong_Tin_Nhan_Vien.pdf,DA_DOI_SOAT
CS-ACA-000559,Trương Quốc Huy,Nam,15/09/1990,999000000559,8800000559,CS408800000559,BV Quận Gò Vấp,01/01/2026,31/12/2026,"143 Nguyễn Văn Linh, Q.3, TP.HCM",0900000559,truong.quoc.huy.000559@cybersoft.demo,Customer Service,Data Assistant,07/06/2025,Không xác định thời hạn,12.000.000 VND,CS-ACA-000559_The_BHYT_Demo.png,CS-ACA-000559_Phieu_Thong_Tin_Nhan_Vien.pdf,DA_DOI_SOAT
CS-ACA-000560,Nguyễn Thu Linh,Nữ,22/10/1990,999000000560,8800000560,CS408800000560,BV Nhân dân 115,01/01/2026,31/12/2026,"150 Nguyễn Đình Chiểu, Q.5, TP.HCM",0900000560,nguyen.thu.linh.000560@cybersoft.demo,Academic,Mentor,14/07/2025,Xác định thời hạn,13.500.000 VND,CS-ACA-000560_The_BHYT_Demo.png,CS-ACA-000560_Phieu_Thong_Tin_Nhan_Vien.pdf,DA_DOI_SOAT
CS-ACA-000561,Trần Hoàng Khoa,Nam,28/11/1990,999000000561,8800000561,CS408800000561,BV Quận 1,01/01/2026,31/12/2026,"157 Lê Văn Sỹ, Q.7, TP.HCM",0900000561,tran.hoang.khoa.000561@cybersoft.demo,Sales,Sales Executive,20/08/2025,Không xác định thời hạn,15.000.000 VND,CS-ACA-000561_The_BHYT_Demo.png,CS-ACA-000561_Phieu_Thong_Tin_Nhan_Vien.pdf,DA_DOI_SOAT
CS-ACA-000562,Lê Thanh Linh,Nữ,04/01/1991,999000000562,8800000562,CS408800000562,BV Đại học Y Dược TP.HCM,01/01/2026,31/12/2026,"164 Cách Mạng Tháng 8, Q.10, TP.HCM",0900000562,le.thanh.linh.000562@cybersoft.demo,Marketing,Marketing Executive,26/09/2025,Xác định thời hạn,16.500.000 VND,CS-ACA-000562_The_BHYT_Demo.png,CS-ACA-000562_Phieu_Thong_Tin_Nhan_Vien.pdf,DA_DOI_SOAT
CS-ACA-000563,Phạm Hoàng Khoa,Nam,10/02/1991,999000000563,8800000563,CS408800000563,BV Chợ Rẫy,01/01/2026,31/12/2026,"171 Nguyễn Thị Minh Khai, Bình Thạnh, TP.HCM",0900000563,pham.hoang.khoa.000563@cybersoft.demo,HR,HR Executive,02/11/2025,Không xác định thời hạn,18.000.000 VND,CS-ACA-000563_The_BHYT_Demo.png,CS-ACA-000563_Phieu_Thong_Tin_Nhan_Vien.pdf,DA_DOI_SOAT
CS-ACA-000564,Hoàng Mỹ Linh,Nữ,19/03/1991,999000000564,8800000564,CS408800000564,BV Thống Nhất,01/01/2026,31/12/2026,"178 Điện Biên Phủ, Tân Bình, TP.HCM",0900000564,hoang.my.linh.000564@cybersoft.demo,Accounting,Accountant,09/12/2025,Xác định thời hạn,19.500.000 VND,CS-ACA-000564_The_BHYT_Demo.png,CS-ACA-000564_Phieu_Thong_Tin_Nhan_Vien.pdf,DA_DOI_SOAT
CS-ACA-000565,Huỳnh Đức Long,Nam,25/04/1991,999000000565,8800000565,CS408800000565,BV Gia Định,01/01/2026,31/12/2026,"185 Hoàng Văn Thụ, Phú Nhuận, TP.HCM",0900000565,huynh.duc.long.000565@cybersoft.demo,IT,IT Support,26/01/2024,Không xác định thời hạn,21.000.000 VND,CS-ACA-000565_The_BHYT_Demo.png,CS-ACA-000565_Phieu_Thong_Tin_Nhan_Vien.pdf,DA_DOI_SOAT
CS-ACA-000566,Võ Mỹ Mai,Nữ,01/06/1991,999000000566,8800000566,CS408800000566,BV Nguyễn Tri Phương,01/01/2026,31/12/2026,"192 Trần Hưng Đạo, Gò Vấp, TP.HCM",0900000566,vo.my.mai.000566@cybersoft.demo,Operations,Admin Officer,03/03/2024,Xác định thời hạn,22.500.000 VND,CS-ACA-000566_The_BHYT_Demo.png,CS-ACA-000566_Phieu_Thong_Tin_Nhan_Vien.pdf,DA_DOI_SOAT
CS-ACA-000567,Vũ Hải Long,Nam,08/07/1991,999000000567,8800000567,CS408800000567,BV Quận 3,01/01/2026,31/12/2026,"10 Nguyễn Văn Cừ, Q.1, TP.HCM",0900000567,vu.hai.long.000567@cybersoft.demo,Customer Service,Training Coordinator,09/04/2024,Không xác định thời hạn,24.000.000 VND,CS-ACA-000567_The_BHYT_Demo.png,CS-ACA-000567_Phieu_Thong_Tin_Nhan_Vien.pdf,DA_DOI_SOAT
CS-ACA-000568,Đặng Lan Mai,Nữ,14/08/1991,999000000568,8800000568,CS408800000568,BV Tân Bình,01/01/2026,31/12/2026,"17 Nguyễn Trãi, Q.3, TP.HCM",0900000568,dang.lan.mai.000568@cybersoft.demo,Academic,Customer Service Officer,16/05/2024,Xác định thời hạn,12.000.000 VND,CS-ACA-000568_The_BHYT_Demo.png,CS-ACA-000568_Phieu_Thong_Tin_Nhan_Vien.pdf,DA_DOI_SOAT
CS-ACA-000569,Bùi Hải Long,Nam,20/09/1991,999000000569,8800000569,CS408800000569,BV Bình Thạnh,01/01/2026,31/12/2026,"24 Phan Xích Long, Q.5, TP.HCM",0900000569,bui.hai.long.000569@cybersoft.demo,Sales,Data Assistant,22/06/2024,Không xác định thời hạn,13.500.000 VND,CS-ACA-000569_The_BHYT_Demo.png,CS-ACA-000569_Phieu_Thong_Tin_Nhan_Vien.pdf,DA_DOI_SOAT
CS-ACA-000570,Đỗ Phương Nhi,Nữ,27/10/1991,999000000570,8800000570,CS408800000570,BV Quận 10,01/01/2026,31/12/2026,"31 Võ Văn Tần, Q.7, TP.HCM",0900000570,do.phuong.nhi.000570@cybersoft.demo,Marketing,Mentor,29/07/2024,Xác định thời hạn,15.000.000 VND,CS-ACA-000570_The_BHYT_Demo.png,CS-ACA-000570_Phieu_Thong_Tin_Nhan_Vien.pdf,DA_DOI_SOAT
CS-ACA-000571,Hồ Tuấn Minh,Nam,03/12/1991,999000000571,8800000571,CS408800000571,BV Quận 7,01/01/2026,31/12/2026,"38 Lý Thường Kiệt, Q.10, TP.HCM",0900000571,ho.tuan.minh.000571@cybersoft.demo,HR,Sales Executive,04/09/2024,Không xác định thời hạn,16.500.000 VND,CS-ACA-000571_The_BHYT_Demo.png,CS-ACA-000571_Phieu_Thong_Tin_Nhan_Vien.pdf,DA_DOI_SOAT
CS-ACA-000572,Ngô Phương Nhi,Nữ,09/01/1992,999000000572,8800000572,CS408800000572,BV Hùng Vương,01/01/2026,31/12/2026,"45 Nguyễn Hữu Cảnh, Bình Thạnh, TP.HCM",0900000572,ngo.phuong.nhi.000572@cybersoft.demo,Accounting,Marketing Executive,11/10/2024,Xác định thời hạn,18.000.000 VND,CS-ACA-000572_The_BHYT_Demo.png,CS-ACA-000572_Phieu_Thong_Tin_Nhan_Vien.pdf,DA_DOI_SOAT
CS-ACA-000573,Dương Gia Minh,Nam,15/02/1992,999000000573,8800000573,CS408800000573,BV Trưng Vương,01/01/2026,31/12/2026,"52 Pasteur, Tân Bình, TP.HCM",0900000573,duong.gia.minh.000573@cybersoft.demo,IT,HR Executive,17/11/2024,Không xác định thời hạn,19.500.000 VND,CS-ACA-000573_The_BHYT_Demo.png,CS-ACA-000573_Phieu_Thong_Tin_Nhan_Vien.pdf,DA_DOI_SOAT
CS-ACA-000574,Lý Thảo Nhi,Nữ,23/03/1992,999000000574,8800000574,CS408800000574,BV Quận Phú Nhuận,01/01/2026,31/12/2026,"59 Bạch Đằng, Phú Nhuận, TP.HCM",0900000574,ly.thao.nhi.000574@cybersoft.demo,Operations,Accountant,24/12/2024,Xác định thời hạn,21.000.000 VND,CS-ACA-000574_The_BHYT_Demo.png,CS-ACA-000574_Phieu_Thong_Tin_Nhan_Vien.pdf,DA_DOI_SOAT
CS-ACA-000575,Tạ Gia Nam,Nam,29/04/1992,999000000575,8800000575,CS408800000575,BV Đa khoa Sài Gòn,01/01/2026,31/12/2026,"66 Cao Thắng, Gò Vấp, TP.HCM",0900000575,ta.gia.nam.000575@cybersoft.demo,Customer Service,IT Support,30/01/2025,Không xác định thời hạn,22.500.000 VND,CS-ACA-000575_The_BHYT_Demo.png,CS-ACA-000575_Phieu_Thong_Tin_Nhan_Vien.pdf,DA_DOI_SOAT
CS-ACA-000576,Cao Thị Ngọc,Nữ,05/06/1992,999000000576,8800000576,CS408800000576,BV Quốc tế City,01/01/2026,31/12/2026,"73 Trường Sơn, Q.1, TP.HCM",0900000576,cao.thi.ngoc.000576@cybersoft.demo,Academic,Admin Officer,08/03/2025,Xác định thời hạn,24.000.000 VND,CS-ACA-000576_The_BHYT_Demo.png,CS-ACA-000576_Phieu_Thong_Tin_Nhan_Vien.pdf,DA_DOI_SOAT
CS-ACA-000577,Mai Văn Nam,Nam,12/07/1992,999000000577,8800000577,CS408800000577,BV Quận 4,01/01/2026,31/12/2026,"80 Nguyễn Kiệm, Q.3, TP.HCM",0900000577,mai.van.nam.000577@cybersoft.demo,Sales,Training Coordinator,14/04/2025,Không xác định thời hạn,12.000.000 VND,CS-ACA-000577_The_BHYT_Demo.png,CS-ACA-000577_Phieu_Thong_Tin_Nhan_Vien.pdf,DA_DOI_SOAT
CS-ACA-000578,Đinh Thị Ngọc,Nữ,18/08/1992,999000000578,8800000578,CS408800000578,BV Quận 5,01/01/2026,31/12/2026,"87 An Dương Vương, Q.5, TP.HCM",0900000578,dinh.thi.ngoc.000578@cybersoft.demo,Marketing,Customer Service Officer,21/05/2025,Xác định thời hạn,13.500.000 VND,CS-ACA-000578_The_BHYT_Demo.png,CS-ACA-000578_Phieu_Thong_Tin_Nhan_Vien.pdf,DA_DOI_SOAT
CS-ACA-000579,Trương Minh Nam,Nam,24/09/1992,999000000579,8800000579,CS408800000579,BV Quận Gò Vấp,01/01/2026,31/12/2026,"94 Nguyễn Văn Linh, Q.7, TP.HCM",0900000579,truong.minh.nam.000579@cybersoft.demo,HR,Data Assistant,27/06/2025,Không xác định thời hạn,15.000.000 VND,CS-ACA-000579_The_BHYT_Demo.png,CS-ACA-000579_Phieu_Thong_Tin_Nhan_Vien.pdf,DA_DOI_SOAT
CS-ACA-000580,Nguyễn Ngọc Trúc,Nữ,31/10/1992,999000000580,8800000580,CS408800000580,BV Nhân dân 115,01/01/2026,31/12/2026,"101 Nguyễn Đình Chiểu, Q.10, TP.HCM",0900000580,nguyen.ngoc.truc.000580@cybersoft.demo,Accounting,Mentor,03/08/2025,Xác định thời hạn,16.500.000 VND,CS-ACA-000580_The_BHYT_Demo.png,CS-ACA-000580_Phieu_Thong_Tin_Nhan_Vien.pdf,DA_DOI_SOAT
CS-ACA-000581,Trần Minh Quân,Nam,07/12/1992,999000000581,8800000581,CS408800000581,BV Quận 1,01/01/2026,31/12/2026,"108 Lê Văn Sỹ, Bình Thạnh, TP.HCM",0900000581,tran.minh.quan.000581@cybersoft.demo,IT,Sales Executive,09/09/2025,Không xác định thời hạn,18.000.000 VND,CS-ACA-000581_The_BHYT_Demo.png,CS-ACA-000581_Phieu_Thong_Tin_Nhan_Vien.pdf,DA_DOI_SOAT
CS-ACA-000582,Lê Thu Trúc,Nữ,13/01/1993,999000000582,8800000582,CS408800000582,BV Đại học Y Dược TP.HCM,01/01/2026,31/12/2026,"115 Cách Mạng Tháng 8, Tân Bình, TP.HCM",0900000582,le.thu.truc.000582@cybersoft.demo,Operations,Marketing Executive,16/10/2025,Xác định thời hạn,19.500.000 VND,CS-ACA-000582_The_BHYT_Demo.png,CS-ACA-000582_Phieu_Thong_Tin_Nhan_Vien.pdf,DA_DOI_SOAT
CS-ACA-000583,Phạm Quốc Quân,Nam,19/02/1993,999000000583,8800000583,CS408800000583,BV Chợ Rẫy,01/01/2026,31/12/2026,"122 Nguyễn Thị Minh Khai, Phú Nhuận, TP.HCM",0900000583,pham.quoc.quan.000583@cybersoft.demo,Customer Service,HR Executive,22/11/2025,Không xác định thời hạn,21.000.000 VND,CS-ACA-000583_The_BHYT_Demo.png,CS-ACA-000583_Phieu_Thong_Tin_Nhan_Vien.pdf,DA_DOI_SOAT
CS-ACA-000584,Hoàng Thu Trúc,Nữ,28/03/1993,999000000584,8800000584,CS408800000584,BV Thống Nhất,01/01/2026,31/12/2026,"129 Điện Biên Phủ, Gò Vấp, TP.HCM",0900000584,hoang.thu.truc.000584@cybersoft.demo,Academic,Accountant,09/01/2024,Xác định thời hạn,22.500.000 VND,CS-ACA-000584_The_BHYT_Demo.png,CS-ACA-000584_Phieu_Thong_Tin_Nhan_Vien.pdf,DA_DOI_SOAT
CS-ACA-000585,Huỳnh Hoàng Sơn,Nam,04/05/1993,999000000585,8800000585,CS408800000585,BV Gia Định,01/01/2026,31/12/2026,"136 Hoàng Văn Thụ, Q.1, TP.HCM",0900000585,huynh.hoang.son.000585@cybersoft.demo,Sales,IT Support,15/02/2024,Không xác định thời hạn,24.000.000 VND,CS-ACA-000585_The_BHYT_Demo.png,CS-ACA-000585_Phieu_Thong_Tin_Nhan_Vien.pdf,DA_DOI_SOAT
CS-ACA-000586,Võ Thanh Vy,Nữ,10/06/1993,999000000586,8800000586,CS408800000586,BV Nguyễn Tri Phương,01/01/2026,31/12/2026,"143 Trần Hưng Đạo, Q.3, TP.HCM",0900000586,vo.thanh.vy.000586@cybersoft.demo,Marketing,Admin Officer,23/03/2024,Xác định thời hạn,12.000.000 VND,CS-ACA-000586_The_BHYT_Demo.png,CS-ACA-000586_Phieu_Thong_Tin_Nhan_Vien.pdf,DA_DOI_SOAT
CS-ACA-000587,Vũ Hoàng Sơn,Nam,17/07/1993,999000000587,8800000587,CS408800000587,BV Quận 3,01/01/2026,31/12/2026,"150 Nguyễn Văn Cừ, Q.5, TP.HCM",0900000587,vu.hoang.son.000587@cybersoft.demo,HR,Training Coordinator,29/04/2024,Không xác định thời hạn,13.500.000 VND,CS-ACA-000587_The_BHYT_Demo.png,CS-ACA-000587_Phieu_Thong_Tin_Nhan_Vien.pdf,DA_DOI_SOAT
CS-ACA-000588,Đặng Mỹ Vy,Nữ,23/08/1993,999000000588,8800000588,CS408800000588,BV Tân Bình,01/01/2026,31/12/2026,"157 Nguyễn Trãi, Q.7, TP.HCM",0900000588,dang.my.vy.000588@cybersoft.demo,Accounting,Customer Service Officer,05/06/2024,Xác định thời hạn,15.000.000 VND,CS-ACA-000588_The_BHYT_Demo.png,CS-ACA-000588_Phieu_Thong_Tin_Nhan_Vien.pdf,DA_DOI_SOAT
CS-ACA-000589,Bùi Đức Sơn,Nam,29/09/1993,999000000589,8800000589,CS408800000589,BV Bình Thạnh,01/01/2026,31/12/2026,"164 Phan Xích Long, Q.10, TP.HCM",0900000589,bui.duc.son.000589@cybersoft.demo,IT,Data Assistant,12/07/2024,Không xác định thời hạn,16.500.000 VND,CS-ACA-000589_The_BHYT_Demo.png,CS-ACA-000589_Phieu_Thong_Tin_Nhan_Vien.pdf,DA_DOI_SOAT
CS-ACA-000590,Đỗ Mỹ Yến,Nữ,05/11/1993,999000000590,8800000590,CS408800000590,BV Quận 10,01/01/2026,31/12/2026,"171 Võ Văn Tần, Bình Thạnh, TP.HCM",0900000590,do.my.yen.000590@cybersoft.demo,Operations,Mentor,18/08/2024,Xác định thời hạn,18.000.000 VND,CS-ACA-000590_The_BHYT_Demo.png,CS-ACA-000590_Phieu_Thong_Tin_Nhan_Vien.pdf,DA_DOI_SOAT
CS-ACA-000591,Hồ Hải Kiệt,Nam,12/12/1993,999000000591,8800000591,CS408800000591,BV Quận 7,01/01/2026,31/12/2026,"178 Lý Thường Kiệt, Tân Bình, TP.HCM",0900000591,ho.hai.kiet.000591@cybersoft.demo,Customer Service,Sales Executive,24/09/2024,Không xác định thời hạn,19.500.000 VND,CS-ACA-000591_The_BHYT_Demo.png,CS-ACA-000591_Phieu_Thong_Tin_Nhan_Vien.pdf,DA_DOI_SOAT
CS-ACA-000592,Ngô Lan Yến,Nữ,18/01/1994,999000000592,8800000592,CS408800000592,BV Hùng Vương,01/01/2026,31/12/2026,"185 Nguyễn Hữu Cảnh, Phú Nhuận, TP.HCM",0900000592,ngo.lan.yen.000592@cybersoft.demo,Academic,Marketing Executive,31/10/2024,Xác định thời hạn,21.000.000 VND,CS-ACA-000592_The_BHYT_Demo.png,CS-ACA-000592_Phieu_Thong_Tin_Nhan_Vien.pdf,DA_DOI_SOAT
CS-ACA-000593,Dương Hải Kiệt,Nam,24/02/1994,999000000593,8800000593,CS408800000593,BV Trưng Vương,01/01/2026,31/12/2026,"192 Pasteur, Gò Vấp, TP.HCM",0900000593,duong.hai.kiet.000593@cybersoft.demo,Sales,HR Executive,07/12/2024,Không xác định thời hạn,22.500.000 VND,CS-ACA-000593_The_BHYT_Demo.png,CS-ACA-000593_Phieu_Thong_Tin_Nhan_Vien.pdf,DA_DOI_SOAT
CS-ACA-000594,Lý Phương Yến,Nữ,02/04/1994,999000000594,8800000594,CS408800000594,BV Quận Phú Nhuận,01/01/2026,31/12/2026,"10 Bạch Đằng, Q.1, TP.HCM",0900000594,ly.phuong.yen.000594@cybersoft.demo,Marketing,Accountant,13/01/2025,Xác định thời hạn,24.000.000 VND,CS-ACA-000594_The_BHYT_Demo.png,CS-ACA-000594_Phieu_Thong_Tin_Nhan_Vien.pdf,DA_DOI_SOAT
CS-ACA-000595,Tạ Tuấn Đăng,Nam,09/05/1994,999000000595,8800000595,CS408800000595,BV Đa khoa Sài Gòn,01/01/2026,31/12/2026,"17 Cao Thắng, Q.3, TP.HCM",0900000595,ta.tuan.dang.000595@cybersoft.demo,HR,IT Support,19/02/2025,Không xác định thời hạn,12.000.000 VND,CS-ACA-000595_The_BHYT_Demo.png,CS-ACA-000595_Phieu_Thong_Tin_Nhan_Vien.pdf,DA_DOI_SOAT
CS-ACA-000596,Cao Phương Hương,Nữ,15/06/1994,999000000596,8800000596,CS408800000596,BV Quốc tế City,01/01/2026,31/12/2026,"24 Trường Sơn, Q.5, TP.HCM",0900000596,cao.phuong.huong.000596@cybersoft.demo,Accounting,Admin Officer,28/03/2025,Xác định thời hạn,13.500.000 VND,CS-ACA-000596_The_BHYT_Demo.png,CS-ACA-000596_Phieu_Thong_Tin_Nhan_Vien.pdf,DA_DOI_SOAT
CS-ACA-000597,Mai Gia Đăng,Nam,22/07/1994,999000000597,8800000597,CS408800000597,BV Quận 4,01/01/2026,31/12/2026,"31 Nguyễn Kiệm, Q.7, TP.HCM",0900000597,mai.gia.dang.000597@cybersoft.demo,IT,Training Coordinator,04/05/2025,Không xác định thời hạn,15.000.000 VND,CS-ACA-000597_The_BHYT_Demo.png,CS-ACA-000597_Phieu_Thong_Tin_Nhan_Vien.pdf,DA_DOI_SOAT
CS-ACA-000598,Đinh Thảo Hương,Nữ,28/08/1994,999000000598,8800000598,CS408800000598,BV Quận 5,01/01/2026,31/12/2026,"38 An Dương Vương, Q.10, TP.HCM",0900000598,dinh.thao.huong.000598@cybersoft.demo,Operations,Customer Service Officer,10/06/2025,Xác định thời hạn,16.500.000 VND,CS-ACA-000598_The_BHYT_Demo.png,CS-ACA-000598_Phieu_Thong_Tin_Nhan_Vien.pdf,DA_DOI_SOAT
CS-ACA-000599,Trương Gia Đăng,Nam,04/10/1994,999000000599,8800000599,CS408800000599,BV Quận Gò Vấp,01/01/2026,31/12/2026,"45 Nguyễn Văn Linh, Bình Thạnh, TP.HCM",0900000599,truong.gia.dang.000599@cybersoft.demo,Customer Service,Data Assistant,17/07/2025,Không xác định thời hạn,18.000.000 VND,CS-ACA-000599_The_BHYT_Demo.png,CS-ACA-000599_Phieu_Thong_Tin_Nhan_Vien.pdf,DA_DOI_SOAT
CS-ACA-000600,Nguyễn Thị Anh,Nữ,10/11/1994,999000000600,8800000600,CS408800000600,BV Nhân dân 115,01/01/2026,31/12/2026,"52 Nguyễn Đình Chiểu, Tân Bình, TP.HCM",0900000600,nguyen.thi.anh.000600@cybersoft.demo,Academic,Mentor,23/08/2025,Xác định thời hạn,19.500.000 VND,CS-ACA-000600_The_BHYT_Demo.png,CS-ACA-000600_Phieu_Thong_Tin_Nhan_Vien.pdf,DA_DOI_SOAT
CS-ACA-000601,Trần Văn An,Nam,17/12/1994,999000000601,8800000601,CS408800000601,BV Quận 1,01/01/2026,31/12/2026,"59 Lê Văn Sỹ, Phú Nhuận, TP.HCM",0900000601,tran.van.an.000601@cybersoft.demo,Sales,Sales Executive,29/09/2025,Không xác định thời hạn,21.000.000 VND,CS-ACA-000601_The_BHYT_Demo.png,CS-ACA-000601_Phieu_Thong_Tin_Nhan_Vien.pdf,DA_DOI_SOAT
CS-ACA-000602,Lê Thị Anh,Nữ,23/01/1995,999000000602,8800000602,CS408800000602,BV Đại học Y Dược TP.HCM,01/01/2026,31/12/2026,"66 Cách Mạng Tháng 8, Gò Vấp, TP.HCM",0900000602,le.thi.anh.000602@cybersoft.demo,Marketing,Marketing Executive,05/11/2025,Xác định thời hạn,22.500.000 VND,CS-ACA-000602_The_BHYT_Demo.png,CS-ACA-000602_Phieu_Thong_Tin_Nhan_Vien.pdf,DA_DOI_SOAT
CS-ACA-000603,Phạm Minh An,Nam,01/03/1995,999000000603,8800000603,CS408800000603,BV Chợ Rẫy,01/01/2026,31/12/2026,"73 Nguyễn Thị Minh Khai, Q.1, TP.HCM",0900000603,pham.minh.an.000603@cybersoft.demo,HR,HR Executive,12/12/2025,Không xác định thời hạn,24.000.000 VND,CS-ACA-000603_The_BHYT_Demo.png,CS-ACA-000603_Phieu_Thong_Tin_Nhan_Vien.pdf,DA_DOI_SOAT
CS-ACA-000604,Hoàng Ngọc Anh,Nữ,07/04/1995,999000000604,8800000604,CS408800000604,BV Thống Nhất,01/01/2026,31/12/2026,"80 Điện Biên Phủ, Q.3, TP.HCM",0900000604,hoang.ngoc.anh.000604@cybersoft.demo,Accounting,Accountant,29/01/2024,Xác định thời hạn,12.000.000 VND,CS-ACA-000604_The_BHYT_Demo.png,CS-ACA-000604_Phieu_Thong_Tin_Nhan_Vien.pdf,DA_DOI_SOAT
CS-ACA-000605,Huỳnh Minh Bình,Nam,14/05/1995,999000000605,8800000605,CS408800000605,BV Gia Định,01/01/2026,31/12/2026,"87 Hoàng Văn Thụ, Q.5, TP.HCM",0900000605,huynh.minh.binh.000605@cybersoft.demo,IT,IT Support,06/03/2024,Không xác định thời hạn,13.500.000 VND,CS-ACA-000605_The_BHYT_Demo.png,CS-ACA-000605_Phieu_Thong_Tin_Nhan_Vien.pdf,DA_DOI_SOAT
CS-ACA-000606,Võ Thu Châu,Nữ,20/06/1995,999000000606,8800000606,CS408800000606,BV Nguyễn Tri Phương,01/01/2026,31/12/2026,"94 Trần Hưng Đạo, Q.7, TP.HCM",0900000606,vo.thu.chau.000606@cybersoft.demo,Operations,Admin Officer,12/04/2024,Xác định thời hạn,15.000.000 VND,CS-ACA-000606_The_BHYT_Demo.png,CS-ACA-000606_Phieu_Thong_Tin_Nhan_Vien.pdf,DA_DOI_SOAT
CS-ACA-000607,Vũ Quốc Bình,Nam,27/07/1995,999000000607,8800000607,CS408800000607,BV Quận 3,01/01/2026,31/12/2026,"101 Nguyễn Văn Cừ, Q.10, TP.HCM",0900000607,vu.quoc.binh.000607@cybersoft.demo,Customer Service,Training Coordinator,19/05/2024,Không xác định thời hạn,16.500.000 VND,CS-ACA-000607_The_BHYT_Demo.png,CS-ACA-000607_Phieu_Thong_Tin_Nhan_Vien.pdf,DA_DOI_SOAT
CS-ACA-000608,Đặng Thu Châu,Nữ,02/09/1995,999000000608,8800000608,CS408800000608,BV Tân Bình,01/01/2026,31/12/2026,"108 Nguyễn Trãi, Bình Thạnh, TP.HCM",0900000608,dang.thu.chau.000608@cybersoft.demo,Academic,Customer Service Officer,25/06/2024,Xác định thời hạn,18.000.000 VND,CS-ACA-000608_The_BHYT_Demo.png,CS-ACA-000608_Phieu_Thong_Tin_Nhan_Vien.pdf,DA_DOI_SOAT
CS-ACA-000609,Bùi Hoàng Bình,Nam,09/10/1995,999000000609,8800000609,CS408800000609,BV Bình Thạnh,01/01/2026,31/12/2026,"115 Phan Xích Long, Tân Bình, TP.HCM",0900000609,bui.hoang.binh.000609@cybersoft.demo,Sales,Data Assistant,01/08/2024,Không xác định thời hạn,19.500.000 VND,CS-ACA-000609_The_BHYT_Demo.png,CS-ACA-000609_Phieu_Thong_Tin_Nhan_Vien.pdf,DA_DOI_SOAT
CS-ACA-000610,Đỗ Thanh Duyên,Nữ,15/11/1995,999000000610,8800000610,CS408800000610,BV Quận 10,01/01/2026,31/12/2026,"122 Võ Văn Tần, Phú Nhuận, TP.HCM",0900000610,do.thanh.duyen.000610@cybersoft.demo,Marketing,Mentor,07/09/2024,Xác định thời hạn,21.000.000 VND,CS-ACA-000610_The_BHYT_Demo.png,CS-ACA-000610_Phieu_Thong_Tin_Nhan_Vien.pdf,DA_DOI_SOAT
CS-ACA-000611,Hồ Hoàng Dũng,Nam,22/12/1995,999000000611,8800000611,CS408800000611,BV Quận 7,01/01/2026,31/12/2026,"129 Lý Thường Kiệt, Gò Vấp, TP.HCM",0900000611,ho.hoang.dung.000611@cybersoft.demo,HR,Sales Executive,14/10/2024,Không xác định thời hạn,22.500.000 VND,CS-ACA-000611_The_BHYT_Demo.png,CS-ACA-000611_Phieu_Thong_Tin_Nhan_Vien.pdf,DA_DOI_SOAT
CS-ACA-000612,Ngô Mỹ Duyên,Nữ,28/01/1996,999000000612,8800000612,CS408800000612,BV Hùng Vương,01/01/2026,31/12/2026,"136 Nguyễn Hữu Cảnh, Q.1, TP.HCM",0900000612,ngo.my.duyen.000612@cybersoft.demo,Accounting,Marketing Executive,20/11/2024,Xác định thời hạn,24.000.000 VND,CS-ACA-000612_The_BHYT_Demo.png,CS-ACA-000612_Phieu_Thong_Tin_Nhan_Vien.pdf,DA_DOI_SOAT
CS-ACA-000613,Dương Đức Dũng,Nam,05/03/1996,999000000613,8800000613,CS408800000613,BV Trưng Vương,01/01/2026,31/12/2026,"143 Pasteur, Q.3, TP.HCM",0900000613,duong.duc.dung.000613@cybersoft.demo,IT,HR Executive,27/12/2024,Không xác định thời hạn,12.000.000 VND,CS-ACA-000613_The_BHYT_Demo.png,CS-ACA-000613_Phieu_Thong_Tin_Nhan_Vien.pdf,DA_DOI_SOAT
CS-ACA-000614,Lý Mỹ Duyên,Nữ,11/04/1996,999000000614,8800000614,CS408800000614,BV Quận Phú Nhuận,01/01/2026,31/12/2026,"150 Bạch Đằng, Q.5, TP.HCM",0900000614,ly.my.duyen.000614@cybersoft.demo,Operations,Accountant,02/02/2025,Xác định thời hạn,13.500.000 VND,CS-ACA-000614_The_BHYT_Demo.png,CS-ACA-000614_Phieu_Thong_Tin_Nhan_Vien.pdf,DA_DOI_SOAT
CS-ACA-000615,Tạ Hải Huy,Nam,18/05/1996,999000000615,8800000615,CS408800000615,BV Đa khoa Sài Gòn,01/01/2026,31/12/2026,"157 Cao Thắng, Q.7, TP.HCM",0900000615,ta.hai.huy.000615@cybersoft.demo,Customer Service,IT Support,11/03/2025,Không xác định thời hạn,15.000.000 VND,CS-ACA-000615_The_BHYT_Demo.png,CS-ACA-000615_Phieu_Thong_Tin_Nhan_Vien.pdf,DA_DOI_SOAT
CS-ACA-000616,Cao Lan Hà,Nữ,24/06/1996,999000000616,8800000616,CS408800000616,BV Quốc tế City,01/01/2026,31/12/2026,"164 Trường Sơn, Q.10, TP.HCM",0900000616,cao.lan.ha.000616@cybersoft.demo,Academic,Admin Officer,17/04/2025,Xác định thời hạn,16.500.000 VND,CS-ACA-000616_The_BHYT_Demo.png,CS-ACA-000616_Phieu_Thong_Tin_Nhan_Vien.pdf,DA_DOI_SOAT
CS-ACA-000617,Mai Hải Huy,Nam,31/07/1996,999000000617,8800000617,CS408800000617,BV Quận 4,01/01/2026,31/12/2026,"171 Nguyễn Kiệm, Bình Thạnh, TP.HCM",0900000617,mai.hai.huy.000617@cybersoft.demo,Sales,Training Coordinator,24/05/2025,Không xác định thời hạn,18.000.000 VND,CS-ACA-000617_The_BHYT_Demo.png,CS-ACA-000617_Phieu_Thong_Tin_Nhan_Vien.pdf,DA_DOI_SOAT
CS-ACA-000618,Đinh Phương Hà,Nữ,06/09/1996,999000000618,8800000618,CS408800000618,BV Quận 5,01/01/2026,31/12/2026,"178 An Dương Vương, Tân Bình, TP.HCM",0900000618,dinh.phuong.ha.000618@cybersoft.demo,Marketing,Customer Service Officer,30/06/2025,Xác định thời hạn,19.500.000 VND,CS-ACA-000618_The_BHYT_Demo.png,CS-ACA-000618_Phieu_Thong_Tin_Nhan_Vien.pdf,DA_DOI_SOAT
CS-ACA-000619,Trương Tuấn Huy,Nam,13/10/1996,999000000619,8800000619,CS408800000619,BV Quận Gò Vấp,01/01/2026,31/12/2026,"185 Nguyễn Văn Linh, Phú Nhuận, TP.HCM",0900000619,truong.tuan.huy.000619@cybersoft.demo,HR,Data Assistant,06/08/2025,Không xác định thời hạn,21.000.000 VND,CS-ACA-000619_The_BHYT_Demo.png,CS-ACA-000619_Phieu_Thong_Tin_Nhan_Vien.pdf,DA_DOI_SOAT
CS-ACA-000620,Nguyễn Phương Linh,Nữ,19/11/1996,999000000620,8800000620,CS408800000620,BV Nhân dân 115,01/01/2026,31/12/2026,"192 Nguyễn Đình Chiểu, Gò Vấp, TP.HCM",0900000620,nguyen.phuong.linh.000620@cybersoft.demo,Accounting,Mentor,12/09/2025,Xác định thời hạn,22.500.000 VND,CS-ACA-000620_The_BHYT_Demo.png,CS-ACA-000620_Phieu_Thong_Tin_Nhan_Vien.pdf,DA_DOI_SOAT
CS-ACA-000621,Trần Gia Khoa,Nam,26/12/1996,999000000621,8800000621,CS408800000621,BV Quận 1,01/01/2026,31/12/2026,"10 Lê Văn Sỹ, Q.1, TP.HCM",0900000621,tran.gia.khoa.000621@cybersoft.demo,IT,Sales Executive,19/10/2025,Không xác định thời hạn,24.000.000 VND,CS-ACA-000621_The_BHYT_Demo.png,CS-ACA-000621_Phieu_Thong_Tin_Nhan_Vien.pdf,DA_DOI_SOAT
CS-ACA-000622,Lê Thảo Linh,Nữ,01/02/1997,999000000622,8800000622,CS408800000622,BV Đại học Y Dược TP.HCM,01/01/2026,31/12/2026,"17 Cách Mạng Tháng 8, Q.3, TP.HCM",0900000622,le.thao.linh.000622@cybersoft.demo,Operations,Marketing Executive,25/11/2025,Xác định thời hạn,12.000.000 VND,CS-ACA-000622_The_BHYT_Demo.png,CS-ACA-000622_Phieu_Thong_Tin_Nhan_Vien.pdf,DA_DOI_SOAT
CS-ACA-000623,Phạm Gia Khoa,Nam,10/03/1997,999000000623,8800000623,CS408800000623,BV Chợ Rẫy,01/01/2026,31/12/2026,"24 Nguyễn Thị Minh Khai, Q.5, TP.HCM",0900000623,pham.gia.khoa.000623@cybersoft.demo,Customer Service,HR Executive,12/01/2024,Không xác định thời hạn,13.500.000 VND,CS-ACA-000623_The_BHYT_Demo.png,CS-ACA-000623_Phieu_Thong_Tin_Nhan_Vien.pdf,DA_DOI_SOAT
CS-ACA-000624,Hoàng Thị Linh,Nữ,16/04/1997,999000000624,8800000624,CS408800000624,BV Thống Nhất,01/01/2026,31/12/2026,"31 Điện Biên Phủ, Q.7, TP.HCM",0900000624,hoang.thi.linh.000624@cybersoft.demo,Academic,Accountant,18/02/2024,Xác định thời hạn,15.000.000 VND,CS-ACA-000624_The_BHYT_Demo.png,CS-ACA-000624_Phieu_Thong_Tin_Nhan_Vien.pdf,DA_DOI_SOAT
CS-ACA-000625,Huỳnh Văn Long,Nam,23/05/1997,999000000625,8800000625,CS408800000625,BV Gia Định,01/01/2026,31/12/2026,"38 Hoàng Văn Thụ, Q.10, TP.HCM",0900000625,huynh.van.long.000625@cybersoft.demo,Sales,IT Support,26/03/2024,Không xác định thời hạn,16.500.000 VND,CS-ACA-000625_The_BHYT_Demo.png,CS-ACA-000625_Phieu_Thong_Tin_Nhan_Vien.pdf,DA_DOI_SOAT
CS-ACA-000626,Võ Thị Mai,Nữ,29/06/1997,999000000626,8800000626,CS408800000626,BV Nguyễn Tri Phương,01/01/2026,31/12/2026,"45 Trần Hưng Đạo, Bình Thạnh, TP.HCM",0900000626,vo.thi.mai.000626@cybersoft.demo,Marketing,Admin Officer,02/05/2024,Xác định thời hạn,18.000.000 VND,CS-ACA-000626_The_BHYT_Demo.png,CS-ACA-000626_Phieu_Thong_Tin_Nhan_Vien.pdf,DA_DOI_SOAT
CS-ACA-000627,Vũ Minh Long,Nam,05/08/1997,999000000627,8800000627,CS408800000627,BV Quận 3,01/01/2026,31/12/2026,"52 Nguyễn Văn Cừ, Tân Bình, TP.HCM",0900000627,vu.minh.long.000627@cybersoft.demo,HR,Training Coordinator,08/06/2024,Không xác định thời hạn,19.500.000 VND,CS-ACA-000627_The_BHYT_Demo.png,CS-ACA-000627_Phieu_Thong_Tin_Nhan_Vien.pdf,DA_DOI_SOAT
CS-ACA-000628,Đặng Ngọc Mai,Nữ,11/09/1997,999000000628,8800000628,CS408800000628,BV Tân Bình,01/01/2026,31/12/2026,"59 Nguyễn Trãi, Phú Nhuận, TP.HCM",0900000628,dang.ngoc.mai.000628@cybersoft.demo,Accounting,Customer Service Officer,15/07/2024,Xác định thời hạn,21.000.000 VND,CS-ACA-000628_The_BHYT_Demo.png,CS-ACA-000628_Phieu_Thong_Tin_Nhan_Vien.pdf,DA_DOI_SOAT
CS-ACA-000629,Bùi Minh Long,Nam,18/10/1997,999000000629,8800000629,CS408800000629,BV Bình Thạnh,01/01/2026,31/12/2026,"66 Phan Xích Long, Gò Vấp, TP.HCM",0900000629,bui.minh.long.000629@cybersoft.demo,IT,Data Assistant,21/08/2024,Không xác định thời hạn,22.500.000 VND,CS-ACA-000629_The_BHYT_Demo.png,CS-ACA-000629_Phieu_Thong_Tin_Nhan_Vien.pdf,DA_DOI_SOAT
CS-ACA-000630,Đỗ Thu Nhi,Nữ,24/11/1997,999000000630,8800000630,CS408800000630,BV Quận 10,01/01/2026,31/12/2026,"73 Võ Văn Tần, Q.1, TP.HCM",0900000630,do.thu.nhi.000630@cybersoft.demo,Operations,Mentor,27/09/2024,Xác định thời hạn,24.000.000 VND,CS-ACA-000630_The_BHYT_Demo.png,CS-ACA-000630_Phieu_Thong_Tin_Nhan_Vien.pdf,DA_DOI_SOAT
CS-ACA-000631,Hồ Quốc Minh,Nam,31/12/1997,999000000631,8800000631,CS408800000631,BV Quận 7,01/01/2026,31/12/2026,"80 Lý Thường Kiệt, Q.3, TP.HCM",0900000631,ho.quoc.minh.000631@cybersoft.demo,Customer Service,Sales Executive,03/11/2024,Không xác định thời hạn,12.000.000 VND,CS-ACA-000631_The_BHYT_Demo.png,CS-ACA-000631_Phieu_Thong_Tin_Nhan_Vien.pdf,DA_DOI_SOAT
CS-ACA-000632,Ngô Thu Nhi,Nữ,06/02/1998,999000000632,8800000632,CS408800000632,BV Hùng Vương,01/01/2026,31/12/2026,"87 Nguyễn Hữu Cảnh, Q.5, TP.HCM",0900000632,ngo.thu.nhi.000632@cybersoft.demo,Academic,Marketing Executive,10/12/2024,Xác định thời hạn,13.500.000 VND,CS-ACA-000632_The_BHYT_Demo.png,CS-ACA-000632_Phieu_Thong_Tin_Nhan_Vien.pdf,DA_DOI_SOAT
CS-ACA-000633,Dương Hoàng Minh,Nam,15/03/1998,999000000633,8800000633,CS408800000633,BV Trưng Vương,01/01/2026,31/12/2026,"94 Pasteur, Q.7, TP.HCM",0900000633,duong.hoang.minh.000633@cybersoft.demo,Sales,HR Executive,16/01/2025,Không xác định thời hạn,15.000.000 VND,CS-ACA-000633_The_BHYT_Demo.png,CS-ACA-000633_Phieu_Thong_Tin_Nhan_Vien.pdf,DA_DOI_SOAT
CS-ACA-000634,Lý Thanh Nhi,Nữ,21/04/1998,999000000634,8800000634,CS408800000634,BV Quận Phú Nhuận,01/01/2026,31/12/2026,"101 Bạch Đằng, Q.10, TP.HCM",0900000634,ly.thanh.nhi.000634@cybersoft.demo,Marketing,Accountant,22/02/2025,Xác định thời hạn,16.500.000 VND,CS-ACA-000634_The_BHYT_Demo.png,CS-ACA-000634_Phieu_Thong_Tin_Nhan_Vien.pdf,DA_DOI_SOAT
CS-ACA-000635,Tạ Hoàng Nam,Nam,28/05/1998,999000000635,8800000635,CS408800000635,BV Đa khoa Sài Gòn,01/01/2026,31/12/2026,"108 Cao Thắng, Bình Thạnh, TP.HCM",0900000635,ta.hoang.nam.000635@cybersoft.demo,HR,IT Support,31/03/2025,Không xác định thời hạn,18.000.000 VND,CS-ACA-000635_The_BHYT_Demo.png,CS-ACA-000635_Phieu_Thong_Tin_Nhan_Vien.pdf,DA_DOI_SOAT
CS-ACA-000636,Cao Mỹ Ngọc,Nữ,04/07/1998,999000000636,8800000636,CS408800000636,BV Quốc tế City,01/01/2026,31/12/2026,"115 Trường Sơn, Tân Bình, TP.HCM",0900000636,cao.my.ngoc.000636@cybersoft.demo,Accounting,Admin Officer,07/05/2025,Xác định thời hạn,19.500.000 VND,CS-ACA-000636_The_BHYT_Demo.png,CS-ACA-000636_Phieu_Thong_Tin_Nhan_Vien.pdf,DA_DOI_SOAT
CS-ACA-000637,Mai Đức Nam,Nam,10/08/1998,999000000637,8800000637,CS408800000637,BV Quận 4,01/01/2026,31/12/2026,"122 Nguyễn Kiệm, Phú Nhuận, TP.HCM",0900000637,mai.duc.nam.000637@cybersoft.demo,IT,Training Coordinator,13/06/2025,Không xác định thời hạn,21.000.000 VND,CS-ACA-000637_The_BHYT_Demo.png,CS-ACA-000637_Phieu_Thong_Tin_Nhan_Vien.pdf,DA_DOI_SOAT
CS-ACA-000638,Đinh Mỹ Ngọc,Nữ,16/09/1998,999000000638,8800000638,CS408800000638,BV Quận 5,01/01/2026,31/12/2026,"129 An Dương Vương, Gò Vấp, TP.HCM",0900000638,dinh.my.ngoc.000638@cybersoft.demo,Operations,Customer Service Officer,20/07/2025,Xác định thời hạn,22.500.000 VND,CS-ACA-000638_The_BHYT_Demo.png,CS-ACA-000638_Phieu_Thong_Tin_Nhan_Vien.pdf,DA_DOI_SOAT
CS-ACA-000639,Trương Hải Nam,Nam,23/10/1998,999000000639,8800000639,CS408800000639,BV Quận Gò Vấp,01/01/2026,31/12/2026,"136 Nguyễn Văn Linh, Q.1, TP.HCM",0900000639,truong.hai.nam.000639@cybersoft.demo,Customer Service,Data Assistant,26/08/2025,Không xác định thời hạn,24.000.000 VND,CS-ACA-000639_The_BHYT_Demo.png,CS-ACA-000639_Phieu_Thong_Tin_Nhan_Vien.pdf,DA_DOI_SOAT
CS-ACA-000640,Nguyễn Lan Trúc,Nữ,29/11/1998,999000000640,8800000640,CS408800000640,BV Nhân dân 115,01/01/2026,31/12/2026,"143 Nguyễn Đình Chiểu, Q.3, TP.HCM",0900000640,nguyen.lan.truc.000640@cybersoft.demo,Academic,Mentor,02/10/2025,Xác định thời hạn,12.000.000 VND,CS-ACA-000640_The_BHYT_Demo.png,CS-ACA-000640_Phieu_Thong_Tin_Nhan_Vien.pdf,DA_DOI_SOAT
CS-ACA-000641,Trần Hải Quân,Nam,05/01/1999,999000000641,8800000641,CS408800000641,BV Quận 1,01/01/2026,31/12/2026,"150 Lê Văn Sỹ, Q.5, TP.HCM",0900000641,tran.hai.quan.000641@cybersoft.demo,Sales,Sales Executive,08/11/2025,Không xác định thời hạn,13.500.000 VND,CS-ACA-000641_The_BHYT_Demo.png,CS-ACA-000641_Phieu_Thong_Tin_Nhan_Vien.pdf,DA_DOI_SOAT
CS-ACA-000642,Lê Phương Trúc,Nữ,11/02/1999,999000000642,8800000642,CS408800000642,BV Đại học Y Dược TP.HCM,01/01/2026,31/12/2026,"157 Cách Mạng Tháng 8, Q.7, TP.HCM",0900000642,le.phuong.truc.000642@cybersoft.demo,Marketing,Marketing Executive,15/12/2025,Xác định thời hạn,15.000.000 VND,CS-ACA-000642_The_BHYT_Demo.png,CS-ACA-000642_Phieu_Thong_Tin_Nhan_Vien.pdf,DA_DOI_SOAT
CS-ACA-000643,Phạm Tuấn Quân,Nam,20/03/1999,999000000643,8800000643,CS408800000643,BV Chợ Rẫy,01/01/2026,31/12/2026,"164 Nguyễn Thị Minh Khai, Q.10, TP.HCM",0900000643,pham.tuan.quan.000643@cybersoft.demo,HR,HR Executive,01/02/2024,Không xác định thời hạn,16.500.000 VND,CS-ACA-000643_The_BHYT_Demo.png,CS-ACA-000643_Phieu_Thong_Tin_Nhan_Vien.pdf,DA_DOI_SOAT
CS-ACA-000644,Hoàng Phương Trúc,Nữ,26/04/1999,999000000644,8800000644,CS408800000644,BV Thống Nhất,01/01/2026,31/12/2026,"171 Điện Biên Phủ, Bình Thạnh, TP.HCM",0900000644,hoang.phuong.truc.000644@cybersoft.demo,Accounting,Accountant,09/03/2024,Xác định thời hạn,18.000.000 VND,CS-ACA-000644_The_BHYT_Demo.png,CS-ACA-000644_Phieu_Thong_Tin_Nhan_Vien.pdf,DA_DOI_SOAT
CS-ACA-000645,Huỳnh Gia Sơn,Nam,02/06/1999,999000000645,8800000645,CS408800000645,BV Gia Định,01/01/2026,31/12/2026,"178 Hoàng Văn Thụ, Tân Bình, TP.HCM",0900000645,huynh.gia.son.000645@cybersoft.demo,IT,IT Support,15/04/2024,Không xác định thời hạn,19.500.000 VND,CS-ACA-000645_The_BHYT_Demo.png,CS-ACA-000645_Phieu_Thong_Tin_Nhan_Vien.pdf,DA_DOI_SOAT
CS-ACA-000646,Võ Thảo Vy,Nữ,09/07/1999,999000000646,8800000646,CS408800000646,BV Nguyễn Tri Phương,01/01/2026,31/12/2026,"185 Trần Hưng Đạo, Phú Nhuận, TP.HCM",0900000646,vo.thao.vy.000646@cybersoft.demo,Operations,Admin Officer,22/05/2024,Xác định thời hạn,21.000.000 VND,CS-ACA-000646_The_BHYT_Demo.png,CS-ACA-000646_Phieu_Thong_Tin_Nhan_Vien.pdf,DA_DOI_SOAT
CS-ACA-000647,Vũ Gia Sơn,Nam,15/08/1999,999000000647,8800000647,CS408800000647,BV Quận 3,01/01/2026,31/12/2026,"192 Nguyễn Văn Cừ, Gò Vấp, TP.HCM",0900000647,vu.gia.son.000647@cybersoft.demo,Customer Service,Training Coordinator,28/06/2024,Không xác định thời hạn,22.500.000 VND,CS-ACA-000647_The_BHYT_Demo.png,CS-ACA-000647_Phieu_Thong_Tin_Nhan_Vien.pdf,DA_DOI_SOAT
CS-ACA-000648,Đặng Thị Vy,Nữ,21/09/1999,999000000648,8800000648,CS408800000648,BV Tân Bình,01/01/2026,31/12/2026,"10 Nguyễn Trãi, Q.1, TP.HCM",0900000648,dang.thi.vy.000648@cybersoft.demo,Academic,Customer Service Officer,04/08/2024,Xác định thời hạn,24.000.000 VND,CS-ACA-000648_The_BHYT_Demo.png,CS-ACA-000648_Phieu_Thong_Tin_Nhan_Vien.pdf,DA_DOI_SOAT
CS-ACA-000649,Bùi Văn Sơn,Nam,28/10/1999,999000000649,8800000649,CS408800000649,BV Bình Thạnh,01/01/2026,31/12/2026,"17 Phan Xích Long, Q.3, TP.HCM",0900000649,bui.van.son.000649@cybersoft.demo,Sales,Data Assistant,10/09/2024,Không xác định thời hạn,12.000.000 VND,CS-ACA-000649_The_BHYT_Demo.png,CS-ACA-000649_Phieu_Thong_Tin_Nhan_Vien.pdf,DA_DOI_SOAT
CS-ACA-000650,Đỗ Thị Yến,Nữ,04/12/1999,999000000650,8800000650,CS408800000650,BV Quận 10,01/01/2026,31/12/2026,"24 Võ Văn Tần, Q.5, TP.HCM",0900000650,do.thi.yen.000650@cybersoft.demo,Marketing,Mentor,17/10/2024,Xác định thời hạn,13.500.000 VND,CS-ACA-000650_The_BHYT_Demo.png,CS-ACA-000650_Phieu_Thong_Tin_Nhan_Vien.pdf,DA_DOI_SOAT
CS-ACA-000651,Hồ Minh Kiệt,Nam,10/01/2000,999000000651,8800000651,CS408800000651,BV Quận 7,01/01/2026,31/12/2026,"31 Lý Thường Kiệt, Q.7, TP.HCM",0900000651,ho.minh.kiet.000651@cybersoft.demo,HR,Sales Executive,23/11/2024,Không xác định thời hạn,15.000.000 VND,CS-ACA-000651_The_BHYT_Demo.png,CS-ACA-000651_Phieu_Thong_Tin_Nhan_Vien.pdf,DA_DOI_SOAT
CS-ACA-000652,Ngô Ngọc Yến,Nữ,16/02/2000,999000000652,8800000652,CS408800000652,BV Hùng Vương,01/01/2026,31/12/2026,"38 Nguyễn Hữu Cảnh, Q.10, TP.HCM",0900000652,ngo.ngoc.yen.000652@cybersoft.demo,Accounting,Marketing Executive,30/12/2024,Xác định thời hạn,16.500.000 VND,CS-ACA-000652_The_BHYT_Demo.png,CS-ACA-000652_Phieu_Thong_Tin_Nhan_Vien.pdf,DA_DOI_SOAT
CS-ACA-000653,Dương Minh Kiệt,Nam,24/03/2000,999000000653,8800000653,CS408800000653,BV Trưng Vương,01/01/2026,31/12/2026,"45 Pasteur, Bình Thạnh, TP.HCM",0900000653,duong.minh.kiet.000653@cybersoft.demo,IT,HR Executive,05/02/2025,Không xác định thời hạn,18.000.000 VND,CS-ACA-000653_The_BHYT_Demo.png,CS-ACA-000653_Phieu_Thong_Tin_Nhan_Vien.pdf,DA_DOI_SOAT
CS-ACA-000654,Lý Thu Yến,Nữ,30/04/2000,999000000654,8800000654,CS408800000654,BV Quận Phú Nhuận,01/01/2026,31/12/2026,"52 Bạch Đằng, Tân Bình, TP.HCM",0900000654,ly.thu.yen.000654@cybersoft.demo,Operations,Accountant,14/03/2025,Xác định thời hạn,19.500.000 VND,CS-ACA-000654_The_BHYT_Demo.png,CS-ACA-000654_Phieu_Thong_Tin_Nhan_Vien.pdf,DA_DOI_SOAT
CS-ACA-000655,Tạ Quốc Đăng,Nam,06/06/2000,999000000655,8800000655,CS408800000655,BV Đa khoa Sài Gòn,01/01/2026,31/12/2026,"59 Cao Thắng, Phú Nhuận, TP.HCM",0900000655,ta.quoc.dang.000655@cybersoft.demo,Customer Service,IT Support,20/04/2025,Không xác định thời hạn,21.000.000 VND,CS-ACA-000655_The_BHYT_Demo.png,CS-ACA-000655_Phieu_Thong_Tin_Nhan_Vien.pdf,DA_DOI_SOAT
CS-ACA-000656,Cao Thu Hương,Nữ,13/07/2000,999000000656,8800000656,CS408800000656,BV Quốc tế City,01/01/2026,31/12/2026,"66 Trường Sơn, Gò Vấp, TP.HCM",0900000656,cao.thu.huong.000656@cybersoft.demo,Academic,Admin Officer,27/05/2025,Xác định thời hạn,22.500.000 VND,CS-ACA-000656_The_BHYT_Demo.png,CS-ACA-000656_Phieu_Thong_Tin_Nhan_Vien.pdf,DA_DOI_SOAT
CS-ACA-000657,Mai Hoàng Đăng,Nam,19/08/2000,999000000657,8800000657,CS408800000657,BV Quận 4,01/01/2026,31/12/2026,"73 Nguyễn Kiệm, Q.1, TP.HCM",0900000657,mai.hoang.dang.000657@cybersoft.demo,Sales,Training Coordinator,03/07/2025,Không xác định thời hạn,24.000.000 VND,CS-ACA-000657_The_BHYT_Demo.png,CS-ACA-000657_Phieu_Thong_Tin_Nhan_Vien.pdf,DA_DOI_SOAT
CS-ACA-000658,Đinh Thanh Hương,Nữ,25/09/2000,999000000658,8800000658,CS408800000658,BV Quận 5,01/01/2026,31/12/2026,"80 An Dương Vương, Q.3, TP.HCM",0900000658,dinh.thanh.huong.000658@cybersoft.demo,Marketing,Customer Service Officer,09/08/2025,Xác định thời hạn,12.000.000 VND,CS-ACA-000658_The_BHYT_Demo.png,CS-ACA-000658_Phieu_Thong_Tin_Nhan_Vien.pdf,DA_DOI_SOAT
CS-ACA-000659,Trương Hoàng Đăng,Nam,01/11/2000,999000000659,8800000659,CS408800000659,BV Quận Gò Vấp,01/01/2026,31/12/2026,"87 Nguyễn Văn Linh, Q.5, TP.HCM",0900000659,truong.hoang.dang.000659@cybersoft.demo,HR,Data Assistant,15/09/2025,Không xác định thời hạn,13.500.000 VND,CS-ACA-000659_The_BHYT_Demo.png,CS-ACA-000659_Phieu_Thong_Tin_Nhan_Vien.pdf,DA_DOI_SOAT
CS-ACA-000660,Nguyễn Mỹ Anh,Nữ,08/12/2000,999000000660,8800000660,CS408800000660,BV Nhân dân 115,01/01/2026,31/12/2026,"94 Nguyễn Đình Chiểu, Q.7, TP.HCM",0900000660,nguyen.my.anh.000660@cybersoft.demo,Accounting,Mentor,22/10/2025,Xác định thời hạn,15.000.000 VND,CS-ACA-000660_The_BHYT_Demo.png,CS-ACA-000660_Phieu_Thong_Tin_Nhan_Vien.pdf,DA_DOI_SOAT
CS-ACA-000661,Trần Đức An,Nam,14/01/2001,999000000661,8800000661,CS408800000661,BV Quận 1,01/01/2026,31/12/2026,"101 Lê Văn Sỹ, Q.10, TP.HCM",0900000661,tran.duc.an.000661@cybersoft.demo,IT,Sales Executive,28/11/2025,Không xác định thời hạn,16.500.000 VND,CS-ACA-000661_The_BHYT_Demo.png,CS-ACA-000661_Phieu_Thong_Tin_Nhan_Vien.pdf,DA_DOI_SOAT
CS-ACA-000662,Lê Mỹ Anh,Nữ,20/02/2001,999000000662,8800000662,CS408800000662,BV Đại học Y Dược TP.HCM,01/01/2026,31/12/2026,"108 Cách Mạng Tháng 8, Bình Thạnh, TP.HCM",0900000662,le.my.anh.000662@cybersoft.demo,Operations,Marketing Executive,15/01/2024,Xác định thời hạn,18.000.000 VND,CS-ACA-000662_The_BHYT_Demo.png,CS-ACA-000662_Phieu_Thong_Tin_Nhan_Vien.pdf,DA_DOI_SOAT
CS-ACA-000663,Phạm Hải An,Nam,29/03/2001,999000000663,8800000663,CS408800000663,BV Chợ Rẫy,01/01/2026,31/12/2026,"115 Nguyễn Thị Minh Khai, Tân Bình, TP.HCM",0900000663,pham.hai.an.000663@cybersoft.demo,Customer Service,HR Executive,21/02/2024,Không xác định thời hạn,19.500.000 VND,CS-ACA-000663_The_BHYT_Demo.png,CS-ACA-000663_Phieu_Thong_Tin_Nhan_Vien.pdf,DA_DOI_SOAT
CS-ACA-000664,Hoàng Lan Anh,Nữ,05/05/2001,999000000664,8800000664,CS408800000664,BV Thống Nhất,01/01/2026,31/12/2026,"122 Điện Biên Phủ, Phú Nhuận, TP.HCM",0900000664,hoang.lan.anh.000664@cybersoft.demo,Academic,Accountant,29/03/2024,Xác định thời hạn,21.000.000 VND,CS-ACA-000664_The_BHYT_Demo.png,CS-ACA-000664_Phieu_Thong_Tin_Nhan_Vien.pdf,DA_DOI_SOAT
CS-ACA-000665,Huỳnh Hải Bình,Nam,11/06/2001,999000000665,8800000665,CS408800000665,BV Gia Định,01/01/2026,31/12/2026,"129 Hoàng Văn Thụ, Gò Vấp, TP.HCM",0900000665,huynh.hai.binh.000665@cybersoft.demo,Sales,IT Support,05/05/2024,Không xác định thời hạn,22.500.000 VND,CS-ACA-000665_The_BHYT_Demo.png,CS-ACA-000665_Phieu_Thong_Tin_Nhan_Vien.pdf,DA_DOI_SOAT
CS-ACA-000666,Võ Phương Châu,Nữ,18/07/2001,999000000666,8800000666,CS408800000666,BV Nguyễn Tri Phương,01/01/2026,31/12/2026,"136 Trần Hưng Đạo, Q.1, TP.HCM",0900000666,vo.phuong.chau.000666@cybersoft.demo,Marketing,Admin Officer,11/06/2024,Xác định thời hạn,24.000.000 VND,CS-ACA-000666_The_BHYT_Demo.png,CS-ACA-000666_Phieu_Thong_Tin_Nhan_Vien.pdf,DA_DOI_SOAT
CS-ACA-000667,Vũ Tuấn Bình,Nam,24/08/2001,999000000667,8800000667,CS408800000667,BV Quận 3,01/01/2026,31/12/2026,"143 Nguyễn Văn Cừ, Q.3, TP.HCM",0900000667,vu.tuan.binh.000667@cybersoft.demo,HR,Training Coordinator,18/07/2024,Không xác định thời hạn,12.000.000 VND,CS-ACA-000667_The_BHYT_Demo.png,CS-ACA-000667_Phieu_Thong_Tin_Nhan_Vien.pdf,DA_DOI_SOAT
CS-ACA-000668,Đặng Phương Châu,Nữ,30/09/2001,999000000668,8800000668,CS408800000668,BV Tân Bình,01/01/2026,31/12/2026,"150 Nguyễn Trãi, Q.5, TP.HCM",0900000668,dang.phuong.chau.000668@cybersoft.demo,Accounting,Customer Service Officer,24/08/2024,Xác định thời hạn,13.500.000 VND,CS-ACA-000668_The_BHYT_Demo.png,CS-ACA-000668_Phieu_Thong_Tin_Nhan_Vien.pdf,DA_DOI_SOAT
CS-ACA-000669,Bùi Gia Bình,Nam,06/11/2001,999000000669,8800000669,CS408800000669,BV Bình Thạnh,01/01/2026,31/12/2026,"157 Phan Xích Long, Q.7, TP.HCM",0900000669,bui.gia.binh.000669@cybersoft.demo,IT,Data Assistant,30/09/2024,Không xác định thời hạn,15.000.000 VND,CS-ACA-000669_The_BHYT_Demo.png,CS-ACA-000669_Phieu_Thong_Tin_Nhan_Vien.pdf,DA_DOI_SOAT
CS-ACA-000670,Đỗ Thảo Duyên,Nữ,13/12/2001,999000000670,8800000670,CS408800000670,BV Quận 10,01/01/2026,31/12/2026,"164 Võ Văn Tần, Q.10, TP.HCM",0900000670,do.thao.duyen.000670@cybersoft.demo,Operations,Mentor,06/11/2024,Xác định thời hạn,16.500.000 VND,CS-ACA-000670_The_BHYT_Demo.png,CS-ACA-000670_Phieu_Thong_Tin_Nhan_Vien.pdf,DA_DOI_SOAT
CS-ACA-000671,Hồ Gia Dũng,Nam,28/01/1985,999000000671,8800000671,CS408800000671,BV Quận 7,01/01/2026,31/12/2026,"171 Lý Thường Kiệt, Bình Thạnh, TP.HCM",0900000671,ho.gia.dung.000671@cybersoft.demo,Customer Service,Sales Executive,13/12/2024,Không xác định thời hạn,18.000.000 VND,CS-ACA-000671_The_BHYT_Demo.png,CS-ACA-000671_Phieu_Thong_Tin_Nhan_Vien.pdf,DA_DOI_SOAT
CS-ACA-000672,Ngô Thị Duyên,Nữ,06/03/1985,999000000672,8800000672,CS408800000672,BV Hùng Vương,01/01/2026,31/12/2026,"178 Nguyễn Hữu Cảnh, Tân Bình, TP.HCM",0900000672,ngo.thi.duyen.000672@cybersoft.demo,Academic,Marketing Executive,19/01/2025,Xác định thời hạn,19.500.000 VND,CS-ACA-000672_The_BHYT_Demo.png,CS-ACA-000672_Phieu_Thong_Tin_Nhan_Vien.pdf,DA_DOI_SOAT
CS-ACA-000673,Dương Văn Dũng,Nam,12/04/1985,999000000673,8800000673,CS408800000673,BV Trưng Vương,01/01/2026,31/12/2026,"185 Pasteur, Phú Nhuận, TP.HCM",0900000673,duong.van.dung.000673@cybersoft.demo,Sales,HR Executive,25/02/2025,Không xác định thời hạn,21.000.000 VND,CS-ACA-000673_The_BHYT_Demo.png,CS-ACA-000673_Phieu_Thong_Tin_Nhan_Vien.pdf,DA_DOI_SOAT
CS-ACA-000674,Lý Thị Duyên,Nữ,19/05/1985,999000000674,8800000674,CS408800000674,BV Quận Phú Nhuận,01/01/2026,31/12/2026,"192 Bạch Đằng, Gò Vấp, TP.HCM",0900000674,ly.thi.duyen.000674@cybersoft.demo,Marketing,Accountant,03/04/2025,Xác định thời hạn,22.500.000 VND,CS-ACA-000674_The_BHYT_Demo.png,CS-ACA-000674_Phieu_Thong_Tin_Nhan_Vien.pdf,DA_DOI_SOAT
CS-ACA-000675,Tạ Minh Huy,Nam,25/06/1985,999000000675,8800000675,CS408800000675,BV Đa khoa Sài Gòn,01/01/2026,31/12/2026,"10 Cao Thắng, Q.1, TP.HCM",0900000675,ta.minh.huy.000675@cybersoft.demo,HR,IT Support,10/05/2025,Không xác định thời hạn,24.000.000 VND,CS-ACA-000675_The_BHYT_Demo.png,CS-ACA-000675_Phieu_Thong_Tin_Nhan_Vien.pdf,DA_DOI_SOAT
CS-ACA-000676,Cao Ngọc Hà,Nữ,01/08/1985,999000000676,8800000676,CS408800000676,BV Quốc tế City,01/01/2026,31/12/2026,"17 Trường Sơn, Q.3, TP.HCM",0900000676,cao.ngoc.ha.000676@cybersoft.demo,Accounting,Admin Officer,16/06/2025,Xác định thời hạn,12.000.000 VND,CS-ACA-000676_The_BHYT_Demo.png,CS-ACA-000676_Phieu_Thong_Tin_Nhan_Vien.pdf,DA_DOI_SOAT
CS-ACA-000677,Mai Minh Huy,Nam,07/09/1985,999000000677,8800000677,CS408800000677,BV Quận 4,01/01/2026,31/12/2026,"24 Nguyễn Kiệm, Q.5, TP.HCM",0900000677,mai.minh.huy.000677@cybersoft.demo,IT,Training Coordinator,23/07/2025,Không xác định thời hạn,13.500.000 VND,CS-ACA-000677_The_BHYT_Demo.png,CS-ACA-000677_Phieu_Thong_Tin_Nhan_Vien.pdf,DA_DOI_SOAT
CS-ACA-000678,Đinh Thu Hà,Nữ,14/10/1985,999000000678,8800000678,CS408800000678,BV Quận 5,01/01/2026,31/12/2026,"31 An Dương Vương, Q.7, TP.HCM",0900000678,dinh.thu.ha.000678@cybersoft.demo,Operations,Customer Service Officer,29/08/2025,Xác định thời hạn,15.000.000 VND,CS-ACA-000678_The_BHYT_Demo.png,CS-ACA-000678_Phieu_Thong_Tin_Nhan_Vien.pdf,DA_DOI_SOAT
CS-ACA-000679,Trương Quốc Huy,Nam,20/11/1985,999000000679,8800000679,CS408800000679,BV Quận Gò Vấp,01/01/2026,31/12/2026,"38 Nguyễn Văn Linh, Q.10, TP.HCM",0900000679,truong.quoc.huy.000679@cybersoft.demo,Customer Service,Data Assistant,05/10/2025,Không xác định thời hạn,16.500.000 VND,CS-ACA-000679_The_BHYT_Demo.png,CS-ACA-000679_Phieu_Thong_Tin_Nhan_Vien.pdf,DA_DOI_SOAT
CS-ACA-000680,Nguyễn Thu Linh,Nữ,27/12/1985,999000000680,8800000680,CS408800000680,BV Nhân dân 115,01/01/2026,31/12/2026,"45 Nguyễn Đình Chiểu, Bình Thạnh, TP.HCM",0900000680,nguyen.thu.linh.000680@cybersoft.demo,Academic,Mentor,11/11/2025,Xác định thời hạn,18.000.000 VND,CS-ACA-000680_The_BHYT_Demo.png,CS-ACA-000680_Phieu_Thong_Tin_Nhan_Vien.pdf,DA_DOI_SOAT
CS-ACA-000681,Trần Hoàng Khoa,Nam,02/02/1986,999000000681,8800000681,CS408800000681,BV Quận 1,01/01/2026,31/12/2026,"52 Lê Văn Sỹ, Tân Bình, TP.HCM",0900000681,tran.hoang.khoa.000681@cybersoft.demo,Sales,Sales Executive,18/12/2025,Không xác định thời hạn,19.500.000 VND,CS-ACA-000681_The_BHYT_Demo.png,CS-ACA-000681_Phieu_Thong_Tin_Nhan_Vien.pdf,DA_DOI_SOAT
CS-ACA-000682,Lê Thanh Linh,Nữ,11/03/1986,999000000682,8800000682,CS408800000682,BV Đại học Y Dược TP.HCM,01/01/2026,31/12/2026,"59 Cách Mạng Tháng 8, Phú Nhuận, TP.HCM",0900000682,le.thanh.linh.000682@cybersoft.demo,Marketing,Marketing Executive,04/02/2024,Xác định thời hạn,21.000.000 VND,CS-ACA-000682_The_BHYT_Demo.png,CS-ACA-000682_Phieu_Thong_Tin_Nhan_Vien.pdf,DA_DOI_SOAT
CS-ACA-000683,Phạm Hoàng Khoa,Nam,17/04/1986,999000000683,8800000683,CS408800000683,BV Chợ Rẫy,01/01/2026,31/12/2026,"66 Nguyễn Thị Minh Khai, Gò Vấp, TP.HCM",0900000683,pham.hoang.khoa.000683@cybersoft.demo,HR,HR Executive,12/03/2024,Không xác định thời hạn,22.500.000 VND,CS-ACA-000683_The_BHYT_Demo.png,CS-ACA-000683_Phieu_Thong_Tin_Nhan_Vien.pdf,DA_DOI_SOAT
CS-ACA-000684,Hoàng Mỹ Linh,Nữ,24/05/1986,999000000684,8800000684,CS408800000684,BV Thống Nhất,01/01/2026,31/12/2026,"73 Điện Biên Phủ, Q.1, TP.HCM",0900000684,hoang.my.linh.000684@cybersoft.demo,Accounting,Accountant,18/04/2024,Xác định thời hạn,24.000.000 VND,CS-ACA-000684_The_BHYT_Demo.png,CS-ACA-000684_Phieu_Thong_Tin_Nhan_Vien.pdf,DA_DOI_SOAT
CS-ACA-000685,Huỳnh Đức Long,Nam,30/06/1986,999000000685,8800000685,CS408800000685,BV Gia Định,01/01/2026,31/12/2026,"80 Hoàng Văn Thụ, Q.3, TP.HCM",0900000685,huynh.duc.long.000685@cybersoft.demo,IT,IT Support,25/05/2024,Không xác định thời hạn,12.000.000 VND,CS-ACA-000685_The_BHYT_Demo.png,CS-ACA-000685_Phieu_Thong_Tin_Nhan_Vien.pdf,DA_DOI_SOAT
CS-ACA-000686,Võ Mỹ Mai,Nữ,06/08/1986,999000000686,8800000686,CS408800000686,BV Nguyễn Tri Phương,01/01/2026,31/12/2026,"87 Trần Hưng Đạo, Q.5, TP.HCM",0900000686,vo.my.mai.000686@cybersoft.demo,Operations,Admin Officer,01/07/2024,Xác định thời hạn,13.500.000 VND,CS-ACA-000686_The_BHYT_Demo.png,CS-ACA-000686_Phieu_Thong_Tin_Nhan_Vien.pdf,DA_DOI_SOAT
CS-ACA-000687,Vũ Hải Long,Nam,12/09/1986,999000000687,8800000687,CS408800000687,BV Quận 3,01/01/2026,31/12/2026,"94 Nguyễn Văn Cừ, Q.7, TP.HCM",0900000687,vu.hai.long.000687@cybersoft.demo,Customer Service,Training Coordinator,07/08/2024,Không xác định thời hạn,15.000.000 VND,CS-ACA-000687_The_BHYT_Demo.png,CS-ACA-000687_Phieu_Thong_Tin_Nhan_Vien.pdf,DA_DOI_SOAT
CS-ACA-000688,Đặng Lan Mai,Nữ,19/10/1986,999000000688,8800000688,CS408800000688,BV Tân Bình,01/01/2026,31/12/2026,"101 Nguyễn Trãi, Q.10, TP.HCM",0900000688,dang.lan.mai.000688@cybersoft.demo,Academic,Customer Service Officer,13/09/2024,Xác định thời hạn,16.500.000 VND,CS-ACA-000688_The_BHYT_Demo.png,CS-ACA-000688_Phieu_Thong_Tin_Nhan_Vien.pdf,DA_DOI_SOAT
CS-ACA-000689,Bùi Hải Long,Nam,25/11/1986,999000000689,8800000689,CS408800000689,BV Bình Thạnh,01/01/2026,31/12/2026,"108 Phan Xích Long, Bình Thạnh, TP.HCM",0900000689,bui.hai.long.000689@cybersoft.demo,Sales,Data Assistant,20/10/2024,Không xác định thời hạn,18.000.000 VND,CS-ACA-000689_The_BHYT_Demo.png,CS-ACA-000689_Phieu_Thong_Tin_Nhan_Vien.pdf,DA_DOI_SOAT
CS-ACA-000690,Đỗ Phương Nhi,Nữ,01/01/1987,999000000690,8800000690,CS408800000690,BV Quận 10,01/01/2026,31/12/2026,"115 Võ Văn Tần, Tân Bình, TP.HCM",0900000690,do.phuong.nhi.000690@cybersoft.demo,Marketing,Mentor,26/11/2024,Xác định thời hạn,19.500.000 VND,CS-ACA-000690_The_BHYT_Demo.png,CS-ACA-000690_Phieu_Thong_Tin_Nhan_Vien.pdf,DA_DOI_SOAT
CS-ACA-000691,Hồ Tuấn Minh,Nam,07/02/1987,999000000691,8800000691,CS408800000691,BV Quận 7,01/01/2026,31/12/2026,"122 Lý Thường Kiệt, Phú Nhuận, TP.HCM",0900000691,ho.tuan.minh.000691@cybersoft.demo,HR,Sales Executive,02/01/2025,Không xác định thời hạn,21.000.000 VND,CS-ACA-000691_The_BHYT_Demo.png,CS-ACA-000691_Phieu_Thong_Tin_Nhan_Vien.pdf,DA_DOI_SOAT
CS-ACA-000692,Ngô Phương Nhi,Nữ,16/03/1987,999000000692,8800000692,CS408800000692,BV Hùng Vương,01/01/2026,31/12/2026,"129 Nguyễn Hữu Cảnh, Gò Vấp, TP.HCM",0900000692,ngo.phuong.nhi.000692@cybersoft.demo,Accounting,Marketing Executive,08/02/2025,Xác định thời hạn,22.500.000 VND,CS-ACA-000692_The_BHYT_Demo.png,CS-ACA-000692_Phieu_Thong_Tin_Nhan_Vien.pdf,DA_DOI_SOAT
CS-ACA-000693,Dương Gia Minh,Nam,22/04/1987,999000000693,8800000693,CS408800000693,BV Trưng Vương,01/01/2026,31/12/2026,"136 Pasteur, Q.1, TP.HCM",0900000693,duong.gia.minh.000693@cybersoft.demo,IT,HR Executive,17/03/2025,Không xác định thời hạn,24.000.000 VND,CS-ACA-000693_The_BHYT_Demo.png,CS-ACA-000693_Phieu_Thong_Tin_Nhan_Vien.pdf,DA_DOI_SOAT
CS-ACA-000694,Lý Thảo Nhi,Nữ,29/05/1987,999000000694,8800000694,CS408800000694,BV Quận Phú Nhuận,01/01/2026,31/12/2026,"143 Bạch Đằng, Q.3, TP.HCM",0900000694,ly.thao.nhi.000694@cybersoft.demo,Operations,Accountant,23/04/2025,Xác định thời hạn,12.000.000 VND,CS-ACA-000694_The_BHYT_Demo.png,CS-ACA-000694_Phieu_Thong_Tin_Nhan_Vien.pdf,DA_DOI_SOAT
CS-ACA-000695,Tạ Gia Nam,Nam,05/07/1987,999000000695,8800000695,CS408800000695,BV Đa khoa Sài Gòn,01/01/2026,31/12/2026,"150 Cao Thắng, Q.5, TP.HCM",0900000695,ta.gia.nam.000695@cybersoft.demo,Customer Service,IT Support,30/05/2025,Không xác định thời hạn,13.500.000 VND,CS-ACA-000695_The_BHYT_Demo.png,CS-ACA-000695_Phieu_Thong_Tin_Nhan_Vien.pdf,DA_DOI_SOAT
CS-ACA-000696,Cao Thị Ngọc,Nữ,11/08/1987,999000000696,8800000696,CS408800000696,BV Quốc tế City,01/01/2026,31/12/2026,"157 Trường Sơn, Q.7, TP.HCM",0900000696,cao.thi.ngoc.000696@cybersoft.demo,Academic,Admin Officer,06/07/2025,Xác định thời hạn,15.000.000 VND,CS-ACA-000696_The_BHYT_Demo.png,CS-ACA-000696_Phieu_Thong_Tin_Nhan_Vien.pdf,DA_DOI_SOAT
CS-ACA-000697,Mai Văn Nam,Nam,17/09/1987,999000000697,8800000697,CS408800000697,BV Quận 4,01/01/2026,31/12/2026,"164 Nguyễn Kiệm, Q.10, TP.HCM",0900000697,mai.van.nam.000697@cybersoft.demo,Sales,Training Coordinator,12/08/2025,Không xác định thời hạn,16.500.000 VND,CS-ACA-000697_The_BHYT_Demo.png,CS-ACA-000697_Phieu_Thong_Tin_Nhan_Vien.pdf,DA_DOI_SOAT
CS-ACA-000698,Đinh Thị Ngọc,Nữ,24/10/1987,999000000698,8800000698,CS408800000698,BV Quận 5,01/01/2026,31/12/2026,"171 An Dương Vương, Bình Thạnh, TP.HCM",0900000698,dinh.thi.ngoc.000698@cybersoft.demo,Marketing,Customer Service Officer,18/09/2025,Xác định thời hạn,18.000.000 VND,CS-ACA-000698_The_BHYT_Demo.png,CS-ACA-000698_Phieu_Thong_Tin_Nhan_Vien.pdf,DA_DOI_SOAT
CS-ACA-000699,Trương Minh Nam,Nam,30/11/1987,999000000699,8800000699,CS408800000699,BV Quận Gò Vấp,01/01/2026,31/12/2026,"178 Nguyễn Văn Linh, Tân Bình, TP.HCM",0900000699,truong.minh.nam.000699@cybersoft.demo,HR,Data Assistant,25/10/2025,Không xác định thời hạn,19.500.000 VND,CS-ACA-000699_The_BHYT_Demo.png,CS-ACA-000699_Phieu_Thong_Tin_Nhan_Vien.pdf,DA_DOI_SOAT
CS-ACA-000700,Nguyễn Ngọc Trúc,Nữ,06/01/1988,999000000700,8800000700,CS408800000700,BV Nhân dân 115,01/01/2026,31/12/2026,"185 Nguyễn Đình Chiểu, Phú Nhuận, TP.HCM",0900000700,nguyen.ngoc.truc.000700@cybersoft.demo,Accounting,Mentor,01/12/2025,Xác định thời hạn,21.000.000 VND,CS-ACA-000700_The_BHYT_Demo.png,CS-ACA-000700_Phieu_Thong_Tin_Nhan_Vien.pdf,DA_DOI_SOAT
CS-ACA-000701,Trần Minh Quân,Nam,12/02/1988,999000000701,8800000701,CS408800000701,BV Quận 1,01/01/2026,31/12/2026,"192 Lê Văn Sỹ, Gò Vấp, TP.HCM",0900000701,tran.minh.quan.000701@cybersoft.demo,IT,Sales Executive,18/01/2024,Không xác định thời hạn,22.500.000 VND,CS-ACA-000701_The_BHYT_Demo.png,CS-ACA-000701_Phieu_Thong_Tin_Nhan_Vien.pdf,DA_DOI_SOAT
CS-ACA-000702,Lê Thu Trúc,Nữ,20/03/1988,999000000702,8800000702,CS408800000702,BV Đại học Y Dược TP.HCM,01/01/2026,31/12/2026,"10 Cách Mạng Tháng 8, Q.1, TP.HCM",0900000702,le.thu.truc.000702@cybersoft.demo,Operations,Marketing Executive,24/02/2024,Xác định thời hạn,24.000.000 VND,CS-ACA-000702_The_BHYT_Demo.png,CS-ACA-000702_Phieu_Thong_Tin_Nhan_Vien.pdf,DA_DOI_SOAT
CS-ACA-000703,Phạm Quốc Quân,Nam,26/04/1988,999000000703,8800000703,CS408800000703,BV Chợ Rẫy,01/01/2026,31/12/2026,"17 Nguyễn Thị Minh Khai, Q.3, TP.HCM",0900000703,pham.quoc.quan.000703@cybersoft.demo,Customer Service,HR Executive,01/04/2024,Không xác định thời hạn,12.000.000 VND,CS-ACA-000703_The_BHYT_Demo.png,CS-ACA-000703_Phieu_Thong_Tin_Nhan_Vien.pdf,DA_DOI_SOAT
CS-ACA-000704,Hoàng Thu Trúc,Nữ,02/06/1988,999000000704,8800000704,CS408800000704,BV Thống Nhất,01/01/2026,31/12/2026,"24 Điện Biên Phủ, Q.5, TP.HCM",0900000704,hoang.thu.truc.000704@cybersoft.demo,Academic,Accountant,08/05/2024,Xác định thời hạn,13.500.000 VND,CS-ACA-000704_The_BHYT_Demo.png,CS-ACA-000704_Phieu_Thong_Tin_Nhan_Vien.pdf,DA_DOI_SOAT
CS-ACA-000705,Huỳnh Hoàng Sơn,Nam,09/07/1988,999000000705,8800000705,CS408800000705,BV Gia Định,01/01/2026,31/12/2026,"31 Hoàng Văn Thụ, Q.7, TP.HCM",0900000705,huynh.hoang.son.000705@cybersoft.demo,Sales,IT Support,14/06/2024,Không xác định thời hạn,15.000.000 VND,CS-ACA-000705_The_BHYT_Demo.png,CS-ACA-000705_Phieu_Thong_Tin_Nhan_Vien.pdf,DA_DOI_SOAT
CS-ACA-000706,Võ Thanh Vy,Nữ,15/08/1988,999000000706,8800000706,CS408800000706,BV Nguyễn Tri Phương,01/01/2026,31/12/2026,"38 Trần Hưng Đạo, Q.10, TP.HCM",0900000706,vo.thanh.vy.000706@cybersoft.demo,Marketing,Admin Officer,21/07/2024,Xác định thời hạn,16.500.000 VND,CS-ACA-000706_The_BHYT_Demo.png,CS-ACA-000706_Phieu_Thong_Tin_Nhan_Vien.pdf,DA_DOI_SOAT
CS-ACA-000707,Vũ Hoàng Sơn,Nam,21/09/1988,999000000707,8800000707,CS408800000707,BV Quận 3,01/01/2026,31/12/2026,"45 Nguyễn Văn Cừ, Bình Thạnh, TP.HCM",0900000707,vu.hoang.son.000707@cybersoft.demo,HR,Training Coordinator,27/08/2024,Không xác định thời hạn,18.000.000 VND,CS-ACA-000707_The_BHYT_Demo.png,CS-ACA-000707_Phieu_Thong_Tin_Nhan_Vien.pdf,DA_DOI_SOAT
CS-ACA-000708,Đặng Mỹ Vy,Nữ,28/10/1988,999000000708,8800000708,CS408800000708,BV Tân Bình,01/01/2026,31/12/2026,"52 Nguyễn Trãi, Tân Bình, TP.HCM",0900000708,dang.my.vy.000708@cybersoft.demo,Accounting,Customer Service Officer,03/10/2024,Xác định thời hạn,19.500.000 VND,CS-ACA-000708_The_BHYT_Demo.png,CS-ACA-000708_Phieu_Thong_Tin_Nhan_Vien.pdf,DA_DOI_SOAT
CS-ACA-000709,Bùi Đức Sơn,Nam,04/12/1988,999000000709,8800000709,CS408800000709,BV Bình Thạnh,01/01/2026,31/12/2026,"59 Phan Xích Long, Phú Nhuận, TP.HCM",0900000709,bui.duc.son.000709@cybersoft.demo,IT,Data Assistant,09/11/2024,Không xác định thời hạn,21.000.000 VND,CS-ACA-000709_The_BHYT_Demo.png,CS-ACA-000709_Phieu_Thong_Tin_Nhan_Vien.pdf,DA_DOI_SOAT
CS-ACA-000710,Đỗ Mỹ Yến,Nữ,10/01/1989,999000000710,8800000710,CS408800000710,BV Quận 10,01/01/2026,31/12/2026,"66 Võ Văn Tần, Gò Vấp, TP.HCM",0900000710,do.my.yen.000710@cybersoft.demo,Operations,Mentor,16/12/2024,Xác định thời hạn,22.500.000 VND,CS-ACA-000710_The_BHYT_Demo.png,CS-ACA-000710_Phieu_Thong_Tin_Nhan_Vien.pdf,DA_DOI_SOAT
CS-ACA-000711,Hồ Hải Kiệt,Nam,16/02/1989,999000000711,8800000711,CS408800000711,BV Quận 7,01/01/2026,31/12/2026,"73 Lý Thường Kiệt, Q.1, TP.HCM",0900000711,ho.hai.kiet.000711@cybersoft.demo,Customer Service,Sales Executive,22/01/2025,Không xác định thời hạn,24.000.000 VND,CS-ACA-000711_The_BHYT_Demo.png,CS-ACA-000711_Phieu_Thong_Tin_Nhan_Vien.pdf,DA_DOI_SOAT
CS-ACA-000712,Ngô Lan Yến,Nữ,25/03/1989,999000000712,8800000712,CS408800000712,BV Hùng Vương,01/01/2026,31/12/2026,"80 Nguyễn Hữu Cảnh, Q.3, TP.HCM",0900000712,ngo.lan.yen.000712@cybersoft.demo,Academic,Marketing Executive,28/02/2025,Xác định thời hạn,12.000.000 VND,CS-ACA-000712_The_BHYT_Demo.png,CS-ACA-000712_Phieu_Thong_Tin_Nhan_Vien.pdf,DA_DOI_SOAT
CS-ACA-000713,Dương Hải Kiệt,Nam,01/05/1989,999000000713,8800000713,CS408800000713,BV Trưng Vương,01/01/2026,31/12/2026,"87 Pasteur, Q.5, TP.HCM",0900000713,duong.hai.kiet.000713@cybersoft.demo,Sales,HR Executive,06/04/2025,Không xác định thời hạn,13.500.000 VND,CS-ACA-000713_The_BHYT_Demo.png,CS-ACA-000713_Phieu_Thong_Tin_Nhan_Vien.pdf,DA_DOI_SOAT
CS-ACA-000714,Lý Phương Yến,Nữ,07/06/1989,999000000714,8800000714,CS408800000714,BV Quận Phú Nhuận,01/01/2026,31/12/2026,"94 Bạch Đằng, Q.7, TP.HCM",0900000714,ly.phuong.yen.000714@cybersoft.demo,Marketing,Accountant,13/05/2025,Xác định thời hạn,15.000.000 VND,CS-ACA-000714_The_BHYT_Demo.png,CS-ACA-000714_Phieu_Thong_Tin_Nhan_Vien.pdf,DA_DOI_SOAT
CS-ACA-000715,Tạ Tuấn Đăng,Nam,14/07/1989,999000000715,8800000715,CS408800000715,BV Đa khoa Sài Gòn,01/01/2026,31/12/2026,"101 Cao Thắng, Q.10, TP.HCM",0900000715,ta.tuan.dang.000715@cybersoft.demo,HR,IT Support,19/06/2025,Không xác định thời hạn,16.500.000 VND,CS-ACA-000715_The_BHYT_Demo.png,CS-ACA-000715_Phieu_Thong_Tin_Nhan_Vien.pdf,DA_DOI_SOAT
CS-ACA-000716,Cao Phương Hương,Nữ,20/08/1989,999000000716,8800000716,CS408800000716,BV Quốc tế City,01/01/2026,31/12/2026,"108 Trường Sơn, Bình Thạnh, TP.HCM",0900000716,cao.phuong.huong.000716@cybersoft.demo,Accounting,Admin Officer,26/07/2025,Xác định thời hạn,18.000.000 VND,CS-ACA-000716_The_BHYT_Demo.png,CS-ACA-000716_Phieu_Thong_Tin_Nhan_Vien.pdf,DA_DOI_SOAT
CS-ACA-000717,Mai Gia Đăng,Nam,26/09/1989,999000000717,8800000717,CS408800000717,BV Quận 4,01/01/2026,31/12/2026,"115 Nguyễn Kiệm, Tân Bình, TP.HCM",0900000717,mai.gia.dang.000717@cybersoft.demo,IT,Training Coordinator,01/09/2025,Không xác định thời hạn,19.500.000 VND,CS-ACA-000717_The_BHYT_Demo.png,CS-ACA-000717_Phieu_Thong_Tin_Nhan_Vien.pdf,DA_DOI_SOAT
CS-ACA-000718,Đinh Thảo Hương,Nữ,02/11/1989,999000000718,8800000718,CS408800000718,BV Quận 5,01/01/2026,31/12/2026,"122 An Dương Vương, Phú Nhuận, TP.HCM",0900000718,dinh.thao.huong.000718@cybersoft.demo,Operations,Customer Service Officer,08/10/2025,Xác định thời hạn,21.000.000 VND,CS-ACA-000718_The_BHYT_Demo.png,CS-ACA-000718_Phieu_Thong_Tin_Nhan_Vien.pdf,DA_DOI_SOAT
CS-ACA-000719,Trương Gia Đăng,Nam,09/12/1989,999000000719,8800000719,CS408800000719,BV Quận Gò Vấp,01/01/2026,31/12/2026,"129 Nguyễn Văn Linh, Gò Vấp, TP.HCM",0900000719,truong.gia.dang.000719@cybersoft.demo,Customer Service,Data Assistant,14/11/2025,Không xác định thời hạn,22.500.000 VND,CS-ACA-000719_The_BHYT_Demo.png,CS-ACA-000719_Phieu_Thong_Tin_Nhan_Vien.pdf,DA_DOI_SOAT
CS-ACA-000720,Nguyễn Thị Anh,Nữ,15/01/1990,999000000720,8800000720,CS408800000720,BV Nhân dân 115,01/01/2026,31/12/2026,"136 Nguyễn Đình Chiểu, Q.1, TP.HCM",0900000720,nguyen.thi.anh.000720@cybersoft.demo,Academic,Mentor,01/01/2024,Xác định thời hạn,24.000.000 VND,CS-ACA-000720_The_BHYT_Demo.png,CS-ACA-000720_Phieu_Thong_Tin_Nhan_Vien.pdf,DA_DOI_SOAT
CS-ACA-000721,Trần Văn An,Nam,21/02/1990,999000000721,8800000721,CS408800000721,BV Quận 1,01/01/2026,31/12/2026,"143 Lê Văn Sỹ, Q.3, TP.HCM",0900000721,tran.van.an.000721@cybersoft.demo,Sales,Sales Executive,07/02/2024,Không xác định thời hạn,12.000.000 VND,CS-ACA-000721_The_BHYT_Demo.png,CS-ACA-000721_Phieu_Thong_Tin_Nhan_Vien.pdf,DA_DOI_SOAT
CS-ACA-000722,Lê Thị Anh,Nữ,30/03/1990,999000000722,8800000722,CS408800000722,BV Đại học Y Dược TP.HCM,01/01/2026,31/12/2026,"150 Cách Mạng Tháng 8, Q.5, TP.HCM",0900000722,le.thi.anh.000722@cybersoft.demo,Marketing,Marketing Executive,15/03/2024,Xác định thời hạn,13.500.000 VND,CS-ACA-000722_The_BHYT_Demo.png,CS-ACA-000722_Phieu_Thong_Tin_Nhan_Vien.pdf,DA_DOI_SOAT
CS-ACA-000723,Phạm Minh An,Nam,06/05/1990,999000000723,8800000723,CS408800000723,BV Chợ Rẫy,01/01/2026,31/12/2026,"157 Nguyễn Thị Minh Khai, Q.7, TP.HCM",0900000723,pham.minh.an.000723@cybersoft.demo,HR,HR Executive,21/04/2024,Không xác định thời hạn,15.000.000 VND,CS-ACA-000723_The_BHYT_Demo.png,CS-ACA-000723_Phieu_Thong_Tin_Nhan_Vien.pdf,DA_DOI_SOAT
CS-ACA-000724,Hoàng Ngọc Anh,Nữ,12/06/1990,999000000724,8800000724,CS408800000724,BV Thống Nhất,01/01/2026,31/12/2026,"164 Điện Biên Phủ, Q.10, TP.HCM",0900000724,hoang.ngoc.anh.000724@cybersoft.demo,Accounting,Accountant,28/05/2024,Xác định thời hạn,16.500.000 VND,CS-ACA-000724_The_BHYT_Demo.png,CS-ACA-000724_Phieu_Thong_Tin_Nhan_Vien.pdf,DA_DOI_SOAT
CS-ACA-000725,Huỳnh Minh Bình,Nam,19/07/1990,999000000725,8800000725,CS408800000725,BV Gia Định,01/01/2026,31/12/2026,"171 Hoàng Văn Thụ, Bình Thạnh, TP.HCM",0900000725,huynh.minh.binh.000725@cybersoft.demo,IT,IT Support,04/07/2024,Không xác định thời hạn,18.000.000 VND,CS-ACA-000725_The_BHYT_Demo.png,CS-ACA-000725_Phieu_Thong_Tin_Nhan_Vien.pdf,DA_DOI_SOAT
CS-ACA-000726,Võ Thu Châu,Nữ,25/08/1990,999000000726,8800000726,CS408800000726,BV Nguyễn Tri Phương,01/01/2026,31/12/2026,"178 Trần Hưng Đạo, Tân Bình, TP.HCM",0900000726,vo.thu.chau.000726@cybersoft.demo,Operations,Admin Officer,10/08/2024,Xác định thời hạn,19.500.000 VND,CS-ACA-000726_The_BHYT_Demo.png,CS-ACA-000726_Phieu_Thong_Tin_Nhan_Vien.pdf,DA_DOI_SOAT
CS-ACA-000727,Vũ Quốc Bình,Nam,01/10/1990,999000000727,8800000727,CS408800000727,BV Quận 3,01/01/2026,31/12/2026,"185 Nguyễn Văn Cừ, Phú Nhuận, TP.HCM",0900000727,vu.quoc.binh.000727@cybersoft.demo,Customer Service,Training Coordinator,16/09/2024,Không xác định thời hạn,21.000.000 VND,CS-ACA-000727_The_BHYT_Demo.png,CS-ACA-000727_Phieu_Thong_Tin_Nhan_Vien.pdf,DA_DOI_SOAT
CS-ACA-000728,Đặng Thu Châu,Nữ,07/11/1990,999000000728,8800000728,CS408800000728,BV Tân Bình,01/01/2026,31/12/2026,"192 Nguyễn Trãi, Gò Vấp, TP.HCM",0900000728,dang.thu.chau.000728@cybersoft.demo,Academic,Customer Service Officer,23/10/2024,Xác định thời hạn,22.500.000 VND,CS-ACA-000728_The_BHYT_Demo.png,CS-ACA-000728_Phieu_Thong_Tin_Nhan_Vien.pdf,DA_DOI_SOAT
CS-ACA-000729,Bùi Hoàng Bình,Nam,14/12/1990,999000000729,8800000729,CS408800000729,BV Bình Thạnh,01/01/2026,31/12/2026,"10 Phan Xích Long, Q.1, TP.HCM",0900000729,bui.hoang.binh.000729@cybersoft.demo,Sales,Data Assistant,29/11/2024,Không xác định thời hạn,24.000.000 VND,CS-ACA-000729_The_BHYT_Demo.png,CS-ACA-000729_Phieu_Thong_Tin_Nhan_Vien.pdf,DA_DOI_SOAT
CS-ACA-000730,Đỗ Thanh Duyên,Nữ,20/01/1991,999000000730,8800000730,CS408800000730,BV Quận 10,01/01/2026,31/12/2026,"17 Võ Văn Tần, Q.3, TP.HCM",0900000730,do.thanh.duyen.000730@cybersoft.demo,Marketing,Mentor,05/01/2025,Xác định thời hạn,12.000.000 VND,CS-ACA-000730_The_BHYT_Demo.png,CS-ACA-000730_Phieu_Thong_Tin_Nhan_Vien.pdf,DA_DOI_SOAT
CS-ACA-000731,Hồ Hoàng Dũng,Nam,26/02/1991,999000000731,8800000731,CS408800000731,BV Quận 7,01/01/2026,31/12/2026,"24 Lý Thường Kiệt, Q.5, TP.HCM",0900000731,ho.hoang.dung.000731@cybersoft.demo,HR,Sales Executive,11/02/2025,Không xác định thời hạn,13.500.000 VND,CS-ACA-000731_The_BHYT_Demo.png,CS-ACA-000731_Phieu_Thong_Tin_Nhan_Vien.pdf,DA_DOI_SOAT
CS-ACA-000732,Ngô Mỹ Duyên,Nữ,04/04/1991,999000000732,8800000732,CS408800000732,BV Hùng Vương,01/01/2026,31/12/2026,"31 Nguyễn Hữu Cảnh, Q.7, TP.HCM",0900000732,ngo.my.duyen.000732@cybersoft.demo,Accounting,Marketing Executive,20/03/2025,Xác định thời hạn,15.000.000 VND,CS-ACA-000732_The_BHYT_Demo.png,CS-ACA-000732_Phieu_Thong_Tin_Nhan_Vien.pdf,DA_DOI_SOAT
CS-ACA-000733,Dương Đức Dũng,Nam,11/05/1991,999000000733,8800000733,CS408800000733,BV Trưng Vương,01/01/2026,31/12/2026,"38 Pasteur, Q.10, TP.HCM",0900000733,duong.duc.dung.000733@cybersoft.demo,IT,HR Executive,26/04/2025,Không xác định thời hạn,16.500.000 VND,CS-ACA-000733_The_BHYT_Demo.png,CS-ACA-000733_Phieu_Thong_Tin_Nhan_Vien.pdf,DA_DOI_SOAT
CS-ACA-000734,Lý Mỹ Duyên,Nữ,17/06/1991,999000000734,8800000734,CS408800000734,BV Quận Phú Nhuận,01/01/2026,31/12/2026,"45 Bạch Đằng, Bình Thạnh, TP.HCM",0900000734,ly.my.duyen.000734@cybersoft.demo,Operations,Accountant,02/06/2025,Xác định thời hạn,18.000.000 VND,CS-ACA-000734_The_BHYT_Demo.png,CS-ACA-000734_Phieu_Thong_Tin_Nhan_Vien.pdf,DA_DOI_SOAT
CS-ACA-000735,Tạ Hải Huy,Nam,24/07/1991,999000000735,8800000735,CS408800000735,BV Đa khoa Sài Gòn,01/01/2026,31/12/2026,"52 Cao Thắng, Tân Bình, TP.HCM",0900000735,ta.hai.huy.000735@cybersoft.demo,Customer Service,IT Support,09/07/2025,Không xác định thời hạn,19.500.000 VND,CS-ACA-000735_The_BHYT_Demo.png,CS-ACA-000735_Phieu_Thong_Tin_Nhan_Vien.pdf,DA_DOI_SOAT
CS-ACA-000736,Cao Lan Hà,Nữ,30/08/1991,999000000736,8800000736,CS408800000736,BV Quốc tế City,01/01/2026,31/12/2026,"59 Trường Sơn, Phú Nhuận, TP.HCM",0900000736,cao.lan.ha.000736@cybersoft.demo,Academic,Admin Officer,15/08/2025,Xác định thời hạn,21.000.000 VND,CS-ACA-000736_The_BHYT_Demo.png,CS-ACA-000736_Phieu_Thong_Tin_Nhan_Vien.pdf,DA_DOI_SOAT
CS-ACA-000737,Mai Hải Huy,Nam,06/10/1991,999000000737,8800000737,CS408800000737,BV Quận 4,01/01/2026,31/12/2026,"66 Nguyễn Kiệm, Gò Vấp, TP.HCM",0900000737,mai.hai.huy.000737@cybersoft.demo,Sales,Training Coordinator,21/09/2025,Không xác định thời hạn,22.500.000 VND,CS-ACA-000737_The_BHYT_Demo.png,CS-ACA-000737_Phieu_Thong_Tin_Nhan_Vien.pdf,DA_DOI_SOAT
CS-ACA-000738,Đinh Phương Hà,Nữ,12/11/1991,999000000738,8800000738,CS408800000738,BV Quận 5,01/01/2026,31/12/2026,"73 An Dương Vương, Q.1, TP.HCM",0900000738,dinh.phuong.ha.000738@cybersoft.demo,Marketing,Customer Service Officer,28/10/2025,Xác định thời hạn,24.000.000 VND,CS-ACA-000738_The_BHYT_Demo.png,CS-ACA-000738_Phieu_Thong_Tin_Nhan_Vien.pdf,DA_DOI_SOAT
CS-ACA-000739,Trương Tuấn Huy,Nam,19/12/1991,999000000739,8800000739,CS408800000739,BV Quận Gò Vấp,01/01/2026,31/12/2026,"80 Nguyễn Văn Linh, Q.3, TP.HCM",0900000739,truong.tuan.huy.000739@cybersoft.demo,HR,Data Assistant,04/12/2025,Không xác định thời hạn,12.000.000 VND,CS-ACA-000739_The_BHYT_Demo.png,CS-ACA-000739_Phieu_Thong_Tin_Nhan_Vien.pdf,DA_DOI_SOAT
CS-ACA-000740,Nguyễn Phương Linh,Nữ,25/01/1992,999000000740,8800000740,CS408800000740,BV Nhân dân 115,01/01/2026,31/12/2026,"87 Nguyễn Đình Chiểu, Q.5, TP.HCM",0900000740,nguyen.phuong.linh.000740@cybersoft.demo,Accounting,Mentor,21/01/2024,Xác định thời hạn,13.500.000 VND,CS-ACA-000740_The_BHYT_Demo.png,CS-ACA-000740_Phieu_Thong_Tin_Nhan_Vien.pdf,DA_DOI_SOAT
CS-ACA-000741,Trần Gia Khoa,Nam,02/03/1992,999000000741,8800000741,CS408800000741,BV Quận 1,01/01/2026,31/12/2026,"94 Lê Văn Sỹ, Q.7, TP.HCM",0900000741,tran.gia.khoa.000741@cybersoft.demo,IT,Sales Executive,27/02/2024,Không xác định thời hạn,15.000.000 VND,CS-ACA-000741_The_BHYT_Demo.png,CS-ACA-000741_Phieu_Thong_Tin_Nhan_Vien.pdf,DA_DOI_SOAT
CS-ACA-000742,Lê Thảo Linh,Nữ,08/04/1992,999000000742,8800000742,CS408800000742,BV Đại học Y Dược TP.HCM,01/01/2026,31/12/2026,"101 Cách Mạng Tháng 8, Q.10, TP.HCM",0900000742,le.thao.linh.000742@cybersoft.demo,Operations,Marketing Executive,04/04/2024,Xác định thời hạn,16.500.000 VND,CS-ACA-000742_The_BHYT_Demo.png,CS-ACA-000742_Phieu_Thong_Tin_Nhan_Vien.pdf,DA_DOI_SOAT
CS-ACA-000743,Phạm Gia Khoa,Nam,15/05/1992,999000000743,8800000743,CS408800000743,BV Chợ Rẫy,01/01/2026,31/12/2026,"108 Nguyễn Thị Minh Khai, Bình Thạnh, TP.HCM",0900000743,pham.gia.khoa.000743@cybersoft.demo,Customer Service,HR Executive,11/05/2024,Không xác định thời hạn,18.000.000 VND,CS-ACA-000743_The_BHYT_Demo.png,CS-ACA-000743_Phieu_Thong_Tin_Nhan_Vien.pdf,DA_DOI_SOAT
CS-ACA-000744,Hoàng Thị Linh,Nữ,21/06/1992,999000000744,8800000744,CS408800000744,BV Thống Nhất,01/01/2026,31/12/2026,"115 Điện Biên Phủ, Tân Bình, TP.HCM",0900000744,hoang.thi.linh.000744@cybersoft.demo,Academic,Accountant,17/06/2024,Xác định thời hạn,19.500.000 VND,CS-ACA-000744_The_BHYT_Demo.png,CS-ACA-000744_Phieu_Thong_Tin_Nhan_Vien.pdf,DA_DOI_SOAT
CS-ACA-000745,Huỳnh Văn Long,Nam,28/07/1992,999000000745,8800000745,CS408800000745,BV Gia Định,01/01/2026,31/12/2026,"122 Hoàng Văn Thụ, Phú Nhuận, TP.HCM",0900000745,huynh.van.long.000745@cybersoft.demo,Sales,IT Support,24/07/2024,Không xác định thời hạn,21.000.000 VND,CS-ACA-000745_The_BHYT_Demo.png,CS-ACA-000745_Phieu_Thong_Tin_Nhan_Vien.pdf,DA_DOI_SOAT
CS-ACA-000746,Võ Thị Mai,Nữ,03/09/1992,999000000746,8800000746,CS408800000746,BV Nguyễn Tri Phương,01/01/2026,31/12/2026,"129 Trần Hưng Đạo, Gò Vấp, TP.HCM",0900000746,vo.thi.mai.000746@cybersoft.demo,Marketing,Admin Officer,30/08/2024,Xác định thời hạn,22.500.000 VND,CS-ACA-000746_The_BHYT_Demo.png,CS-ACA-000746_Phieu_Thong_Tin_Nhan_Vien.pdf,DA_DOI_SOAT
CS-ACA-000747,Vũ Minh Long,Nam,10/10/1992,999000000747,8800000747,CS408800000747,BV Quận 3,01/01/2026,31/12/2026,"136 Nguyễn Văn Cừ, Q.1, TP.HCM",0900000747,vu.minh.long.000747@cybersoft.demo,HR,Training Coordinator,06/10/2024,Không xác định thời hạn,24.000.000 VND,CS-ACA-000747_The_BHYT_Demo.png,CS-ACA-000747_Phieu_Thong_Tin_Nhan_Vien.pdf,DA_DOI_SOAT
CS-ACA-000748,Đặng Ngọc Mai,Nữ,16/11/1992,999000000748,8800000748,CS408800000748,BV Tân Bình,01/01/2026,31/12/2026,"143 Nguyễn Trãi, Q.3, TP.HCM",0900000748,dang.ngoc.mai.000748@cybersoft.demo,Accounting,Customer Service Officer,12/11/2024,Xác định thời hạn,12.000.000 VND,CS-ACA-000748_The_BHYT_Demo.png,CS-ACA-000748_Phieu_Thong_Tin_Nhan_Vien.pdf,DA_DOI_SOAT
CS-ACA-000749,Bùi Minh Long,Nam,23/12/1992,999000000749,8800000749,CS408800000749,BV Bình Thạnh,01/01/2026,31/12/2026,"150 Phan Xích Long, Q.5, TP.HCM",0900000749,bui.minh.long.000749@cybersoft.demo,IT,Data Assistant,19/12/2024,Không xác định thời hạn,13.500.000 VND,CS-ACA-000749_The_BHYT_Demo.png,CS-ACA-000749_Phieu_Thong_Tin_Nhan_Vien.pdf,DA_DOI_SOAT
CS-ACA-000750,Đỗ Thu Nhi,Nữ,29/01/1993,999000000750,8800000750,CS408800000750,BV Quận 10,01/01/2026,31/12/2026,"157 Võ Văn Tần, Q.7, TP.HCM",0900000750,do.thu.nhi.000750@cybersoft.demo,Operations,Mentor,25/01/2025,Xác định thời hạn,15.000.000 VND,CS-ACA-000750_The_BHYT_Demo.png,CS-ACA-000750_Phieu_Thong_Tin_Nhan_Vien.pdf,DA_DOI_SOAT
CS-ACA-000751,Hồ Quốc Minh,Nam,07/03/1993,999000000751,8800000751,CS408800000751,BV Quận 7,01/01/2026,31/12/2026,"164 Lý Thường Kiệt, Q.10, TP.HCM",0900000751,ho.quoc.minh.000751@cybersoft.demo,Customer Service,Sales Executive,03/03/2025,Không xác định thời hạn,16.500.000 VND,CS-ACA-000751_The_BHYT_Demo.png,CS-ACA-000751_Phieu_Thong_Tin_Nhan_Vien.pdf,DA_DOI_SOAT
CS-ACA-000752,Ngô Thu Nhi,Nữ,13/04/1993,999000000752,8800000752,CS408800000752,BV Hùng Vương,01/01/2026,31/12/2026,"171 Nguyễn Hữu Cảnh, Bình Thạnh, TP.HCM",0900000752,ngo.thu.nhi.000752@cybersoft.demo,Academic,Marketing Executive,09/04/2025,Xác định thời hạn,18.000.000 VND,CS-ACA-000752_The_BHYT_Demo.png,CS-ACA-000752_Phieu_Thong_Tin_Nhan_Vien.pdf,DA_DOI_SOAT
CS-ACA-000753,Dương Hoàng Minh,Nam,20/05/1993,999000000753,8800000753,CS408800000753,BV Trưng Vương,01/01/2026,31/12/2026,"178 Pasteur, Tân Bình, TP.HCM",0900000753,duong.hoang.minh.000753@cybersoft.demo,Sales,HR Executive,16/05/2025,Không xác định thời hạn,19.500.000 VND,CS-ACA-000753_The_BHYT_Demo.png,CS-ACA-000753_Phieu_Thong_Tin_Nhan_Vien.pdf,DA_DOI_SOAT
CS-ACA-000754,Lý Thanh Nhi,Nữ,26/06/1993,999000000754,8800000754,CS408800000754,BV Quận Phú Nhuận,01/01/2026,31/12/2026,"185 Bạch Đằng, Phú Nhuận, TP.HCM",0900000754,ly.thanh.nhi.000754@cybersoft.demo,Marketing,Accountant,22/06/2025,Xác định thời hạn,21.000.000 VND,CS-ACA-000754_The_BHYT_Demo.png,CS-ACA-000754_Phieu_Thong_Tin_Nhan_Vien.pdf,DA_DOI_SOAT
CS-ACA-000755,Tạ Hoàng Nam,Nam,02/08/1993,999000000755,8800000755,CS408800000755,BV Đa khoa Sài Gòn,01/01/2026,31/12/2026,"192 Cao Thắng, Gò Vấp, TP.HCM",0900000755,ta.hoang.nam.000755@cybersoft.demo,HR,IT Support,29/07/2025,Không xác định thời hạn,22.500.000 VND,CS-ACA-000755_The_BHYT_Demo.png,CS-ACA-000755_Phieu_Thong_Tin_Nhan_Vien.pdf,DA_DOI_SOAT
CS-ACA-000756,Cao Mỹ Ngọc,Nữ,08/09/1993,999000000756,8800000756,CS408800000756,BV Quốc tế City,01/01/2026,31/12/2026,"10 Trường Sơn, Q.1, TP.HCM",0900000756,cao.my.ngoc.000756@cybersoft.demo,Accounting,Admin Officer,04/09/2025,Xác định thời hạn,24.000.000 VND,CS-ACA-000756_The_BHYT_Demo.png,CS-ACA-000756_Phieu_Thong_Tin_Nhan_Vien.pdf,DA_DOI_SOAT
CS-ACA-000757,Mai Đức Nam,Nam,15/10/1993,999000000757,8800000757,CS408800000757,BV Quận 4,01/01/2026,31/12/2026,"17 Nguyễn Kiệm, Q.3, TP.HCM",0900000757,mai.duc.nam.000757@cybersoft.demo,IT,Training Coordinator,11/10/2025,Không xác định thời hạn,12.000.000 VND,CS-ACA-000757_The_BHYT_Demo.png,CS-ACA-000757_Phieu_Thong_Tin_Nhan_Vien.pdf,DA_DOI_SOAT
CS-ACA-000758,Đinh Mỹ Ngọc,Nữ,21/11/1993,999000000758,8800000758,CS408800000758,BV Quận 5,01/01/2026,31/12/2026,"24 An Dương Vương, Q.5, TP.HCM",0900000758,dinh.my.ngoc.000758@cybersoft.demo,Operations,Customer Service Officer,17/11/2025,Xác định thời hạn,13.500.000 VND,CS-ACA-000758_The_BHYT_Demo.png,CS-ACA-000758_Phieu_Thong_Tin_Nhan_Vien.pdf,DA_DOI_SOAT
CS-ACA-000759,Trương Hải Nam,Nam,28/12/1993,999000000759,8800000759,CS408800000759,BV Quận Gò Vấp,01/01/2026,31/12/2026,"31 Nguyễn Văn Linh, Q.7, TP.HCM",0900000759,truong.hai.nam.000759@cybersoft.demo,Customer Service,Data Assistant,04/01/2024,Không xác định thời hạn,15.000.000 VND,CS-ACA-000759_The_BHYT_Demo.png,CS-ACA-000759_Phieu_Thong_Tin_Nhan_Vien.pdf,DA_DOI_SOAT
CS-ACA-000760,Nguyễn Lan Trúc,Nữ,03/02/1994,999000000760,8800000760,CS408800000760,BV Nhân dân 115,01/01/2026,31/12/2026,"38 Nguyễn Đình Chiểu, Q.10, TP.HCM",0900000760,nguyen.lan.truc.000760@cybersoft.demo,Academic,Mentor,10/02/2024,Xác định thời hạn,16.500.000 VND,CS-ACA-000760_The_BHYT_Demo.png,CS-ACA-000760_Phieu_Thong_Tin_Nhan_Vien.pdf,DA_DOI_SOAT
CS-ACA-000761,Trần Hải Quân,Nam,12/03/1994,999000000761,8800000761,CS408800000761,BV Quận 1,01/01/2026,31/12/2026,"45 Lê Văn Sỹ, Bình Thạnh, TP.HCM",0900000761,tran.hai.quan.000761@cybersoft.demo,Sales,Sales Executive,18/03/2024,Không xác định thời hạn,18.000.000 VND,CS-ACA-000761_The_BHYT_Demo.png,CS-ACA-000761_Phieu_Thong_Tin_Nhan_Vien.pdf,DA_DOI_SOAT
CS-ACA-000762,Lê Phương Trúc,Nữ,18/04/1994,999000000762,8800000762,CS408800000762,BV Đại học Y Dược TP.HCM,01/01/2026,31/12/2026,"52 Cách Mạng Tháng 8, Tân Bình, TP.HCM",0900000762,le.phuong.truc.000762@cybersoft.demo,Marketing,Marketing Executive,24/04/2024,Xác định thời hạn,19.500.000 VND,CS-ACA-000762_The_BHYT_Demo.png,CS-ACA-000762_Phieu_Thong_Tin_Nhan_Vien.pdf,DA_DOI_SOAT
CS-ACA-000763,Phạm Tuấn Quân,Nam,25/05/1994,999000000763,8800000763,CS408800000763,BV Chợ Rẫy,01/01/2026,31/12/2026,"59 Nguyễn Thị Minh Khai, Phú Nhuận, TP.HCM",0900000763,pham.tuan.quan.000763@cybersoft.demo,HR,HR Executive,31/05/2024,Không xác định thời hạn,21.000.000 VND,CS-ACA-000763_The_BHYT_Demo.png,CS-ACA-000763_Phieu_Thong_Tin_Nhan_Vien.pdf,DA_DOI_SOAT
CS-ACA-000764,Hoàng Phương Trúc,Nữ,01/07/1994,999000000764,8800000764,CS408800000764,BV Thống Nhất,01/01/2026,31/12/2026,"66 Điện Biên Phủ, Gò Vấp, TP.HCM",0900000764,hoang.phuong.truc.000764@cybersoft.demo,Accounting,Accountant,07/07/2024,Xác định thời hạn,22.500.000 VND,CS-ACA-000764_The_BHYT_Demo.png,CS-ACA-000764_Phieu_Thong_Tin_Nhan_Vien.pdf,DA_DOI_SOAT
CS-ACA-000765,Huỳnh Gia Sơn,Nam,07/08/1994,999000000765,8800000765,CS408800000765,BV Gia Định,01/01/2026,31/12/2026,"73 Hoàng Văn Thụ, Q.1, TP.HCM",0900000765,huynh.gia.son.000765@cybersoft.demo,IT,IT Support,13/08/2024,Không xác định thời hạn,24.000.000 VND,CS-ACA-000765_The_BHYT_Demo.png,CS-ACA-000765_Phieu_Thong_Tin_Nhan_Vien.pdf,DA_DOI_SOAT
CS-ACA-000766,Võ Thảo Vy,Nữ,13/09/1994,999000000766,8800000766,CS408800000766,BV Nguyễn Tri Phương,01/01/2026,31/12/2026,"80 Trần Hưng Đạo, Q.3, TP.HCM",0900000766,vo.thao.vy.000766@cybersoft.demo,Operations,Admin Officer,19/09/2024,Xác định thời hạn,12.000.000 VND,CS-ACA-000766_The_BHYT_Demo.png,CS-ACA-000766_Phieu_Thong_Tin_Nhan_Vien.pdf,DA_DOI_SOAT
CS-ACA-000767,Vũ Gia Sơn,Nam,20/10/1994,999000000767,8800000767,CS408800000767,BV Quận 3,01/01/2026,31/12/2026,"87 Nguyễn Văn Cừ, Q.5, TP.HCM",0900000767,vu.gia.son.000767@cybersoft.demo,Customer Service,Training Coordinator,26/10/2024,Không xác định thời hạn,13.500.000 VND,CS-ACA-000767_The_BHYT_Demo.png,CS-ACA-000767_Phieu_Thong_Tin_Nhan_Vien.pdf,DA_DOI_SOAT
CS-ACA-000768,Đặng Thị Vy,Nữ,26/11/1994,999000000768,8800000768,CS408800000768,BV Tân Bình,01/01/2026,31/12/2026,"94 Nguyễn Trãi, Q.7, TP.HCM",0900000768,dang.thi.vy.000768@cybersoft.demo,Academic,Customer Service Officer,02/12/2024,Xác định thời hạn,15.000.000 VND,CS-ACA-000768_The_BHYT_Demo.png,CS-ACA-000768_Phieu_Thong_Tin_Nhan_Vien.pdf,DA_DOI_SOAT
CS-ACA-000769,Bùi Văn Sơn,Nam,02/01/1995,999000000769,8800000769,CS408800000769,BV Bình Thạnh,01/01/2026,31/12/2026,"101 Phan Xích Long, Q.10, TP.HCM",0900000769,bui.van.son.000769@cybersoft.demo,Sales,Data Assistant,08/01/2025,Không xác định thời hạn,16.500.000 VND,CS-ACA-000769_The_BHYT_Demo.png,CS-ACA-000769_Phieu_Thong_Tin_Nhan_Vien.pdf,DA_DOI_SOAT
CS-ACA-000770,Đỗ Thị Yến,Nữ,08/02/1995,999000000770,8800000770,CS408800000770,BV Quận 10,01/01/2026,31/12/2026,"108 Võ Văn Tần, Bình Thạnh, TP.HCM",0900000770,do.thi.yen.000770@cybersoft.demo,Marketing,Mentor,14/02/2025,Xác định thời hạn,18.000.000 VND,CS-ACA-000770_The_BHYT_Demo.png,CS-ACA-000770_Phieu_Thong_Tin_Nhan_Vien.pdf,DA_DOI_SOAT
CS-ACA-000771,Hồ Minh Kiệt,Nam,17/03/1995,999000000771,8800000771,CS408800000771,BV Quận 7,01/01/2026,31/12/2026,"115 Lý Thường Kiệt, Tân Bình, TP.HCM",0900000771,ho.minh.kiet.000771@cybersoft.demo,HR,Sales Executive,23/03/2025,Không xác định thời hạn,19.500.000 VND,CS-ACA-000771_The_BHYT_Demo.png,CS-ACA-000771_Phieu_Thong_Tin_Nhan_Vien.pdf,DA_DOI_SOAT
CS-ACA-000772,Ngô Ngọc Yến,Nữ,23/04/1995,999000000772,8800000772,CS408800000772,BV Hùng Vương,01/01/2026,31/12/2026,"122 Nguyễn Hữu Cảnh, Phú Nhuận, TP.HCM",0900000772,ngo.ngoc.yen.000772@cybersoft.demo,Accounting,Marketing Executive,29/04/2025,Xác định thời hạn,21.000.000 VND,CS-ACA-000772_The_BHYT_Demo.png,CS-ACA-000772_Phieu_Thong_Tin_Nhan_Vien.pdf,DA_DOI_SOAT
CS-ACA-000773,Dương Minh Kiệt,Nam,30/05/1995,999000000773,8800000773,CS408800000773,BV Trưng Vương,01/01/2026,31/12/2026,"129 Pasteur, Gò Vấp, TP.HCM",0900000773,duong.minh.kiet.000773@cybersoft.demo,IT,HR Executive,05/06/2025,Không xác định thời hạn,22.500.000 VND,CS-ACA-000773_The_BHYT_Demo.png,CS-ACA-000773_Phieu_Thong_Tin_Nhan_Vien.pdf,DA_DOI_SOAT
CS-ACA-000774,Lý Thu Yến,Nữ,06/07/1995,999000000774,8800000774,CS408800000774,BV Quận Phú Nhuận,01/01/2026,31/12/2026,"136 Bạch Đằng, Q.1, TP.HCM",0900000774,ly.thu.yen.000774@cybersoft.demo,Operations,Accountant,12/07/2025,Xác định thời hạn,24.000.000 VND,CS-ACA-000774_The_BHYT_Demo.png,CS-ACA-000774_Phieu_Thong_Tin_Nhan_Vien.pdf,DA_DOI_SOAT
CS-ACA-000775,Tạ Quốc Đăng,Nam,12/08/1995,999000000775,8800000775,CS408800000775,BV Đa khoa Sài Gòn,01/01/2026,31/12/2026,"143 Cao Thắng, Q.3, TP.HCM",0900000775,ta.quoc.dang.000775@cybersoft.demo,Customer Service,IT Support,18/08/2025,Không xác định thời hạn,12.000.000 VND,CS-ACA-000775_The_BHYT_Demo.png,CS-ACA-000775_Phieu_Thong_Tin_Nhan_Vien.pdf,DA_DOI_SOAT
CS-ACA-000776,Cao Thu Hương,Nữ,18/09/1995,999000000776,8800000776,CS408800000776,BV Quốc tế City,01/01/2026,31/12/2026,"150 Trường Sơn, Q.5, TP.HCM",0900000776,cao.thu.huong.000776@cybersoft.demo,Academic,Admin Officer,24/09/2025,Xác định thời hạn,13.500.000 VND,CS-ACA-000776_The_BHYT_Demo.png,CS-ACA-000776_Phieu_Thong_Tin_Nhan_Vien.pdf,DA_DOI_SOAT
CS-ACA-000777,Mai Hoàng Đăng,Nam,25/10/1995,999000000777,8800000777,CS408800000777,BV Quận 4,01/01/2026,31/12/2026,"157 Nguyễn Kiệm, Q.7, TP.HCM",0900000777,mai.hoang.dang.000777@cybersoft.demo,Sales,Training Coordinator,31/10/2025,Không xác định thời hạn,15.000.000 VND,CS-ACA-000777_The_BHYT_Demo.png,CS-ACA-000777_Phieu_Thong_Tin_Nhan_Vien.pdf,DA_DOI_SOAT
